question_id,question_subject,matched_unit_subject,chapter_code,overlap_score,score_band,ku_validation_status,source_document
3d4d5f2f-8f68-4733-b197-45f45e87dc89,Chemistry,PHYSICS,PHYSICS-U15,0.4667,0.45-0.49,PASSED,ncert-book-class-12-physics-part-1-chapter-8.pdf
2315dc79-f681-400c-8a9a-8093155f9429,Chemistry,PHYSICS,PHYSICS-U15,0.4667,0.45-0.49,PASSED,ncert-book-class-12-physics-part-1-chapter-8.pdf
616d6b37-8bc7-4174-87c6-3de60a4e726f,Chemistry,PHYSICS,PHYSICS-U15,0.4667,0.45-0.49,PASSED,ncert-book-class-12-physics-part-1-chapter-8.pdf
775d2be0-89cf-4d06-ade3-d24c45133c94,Chemistry,PHYSICS,PHYSICS-U15,0.4667,0.45-0.49,PASSED,ncert-book-class-12-physics-part-1-chapter-8.pdf
2ce25adf-7ee2-4c95-8df9-b6cd79d2c3ef,Chemistry,PHYSICS,PHYSICS-U15,0.4667,0.45-0.49,PASSED,ncert-book-class-12-physics-part-1-chapter-8.pdf
2cd7b9ef-b484-44d9-ba1b-e913b0ae9115,Chemistry,PHYSICS,PHYSICS-U15,0.4667,0.45-0.49,PASSED,ncert-book-class-12-physics-part-1-chapter-8.pdf
fcff430e-a710-48fe-802d-63f2d98cb79d,Chemistry,PHYSICS,PHYSICS-U15,0.4667,0.45-0.49,PASSED,ncert-book-class-12-physics-part-1-chapter-8.pdf
f9b46b11-426b-4184-bfd0-aa4260bdbd7e,Chemistry,PHYSICS,PHYSICS-U15,0.4667,0.45-0.49,PASSED,ncert-book-class-12-physics-part-1-chapter-8.pdf
b61464eb-e294-4465-bc15-0bb5f51f0be7,Chemistry,PHYSICS,PHYSICS-U15,0.4667,0.45-0.49,PASSED,ncert-book-class-12-physics-part-1-chapter-8.pdf
bef761a2-bc32-45dd-bf08-c73b951dbfb2,Chemistry,PHYSICS,PHYSICS-U15,0.4667,0.45-0.49,PASSED,ncert-book-class-12-physics-part-1-chapter-8.pdf
cfdd20fe-d32f-4e8e-a5ae-bee7fc76287f,Chemistry,PHYSICS,PHYSICS-U15,0.4667,0.45-0.49,PASSED,ncert-book-class-12-physics-part-1-chapter-8.pdf
12f82043-b0c0-46ce-b62d-a1229c455289,Chemistry,PHYSICS,PHYSICS-U15,0.4667,0.45-0.49,PASSED,ncert-book-class-12-physics-part-1-chapter-8.pdf
e9191ac6-30cb-48fc-8bf2-3c5f974cf2be,Chemistry,PHYSICS,PHYSICS-U15,0.4667,0.45-0.49,PASSED,ncert-book-class-12-physics-part-1-chapter-8.pdf
69b65f21-e7fd-4fdb-bf3a-da413ff5a692,Chemistry,PHYSICS,PHYSICS-U15,0.4667,0.45-0.49,PASSED,ncert-book-class-12-physics-part-1-chapter-8.pdf
34efd694-29a4-445c-bae8-7c19f4ee345e,Chemistry,PHYSICS,PHYSICS-U15,0.4667,0.45-0.49,PASSED,ncert-book-class-12-physics-part-1-chapter-8.pdf
2a4a4e74-b6f8-4c06-9730-f13fe9328955,Chemistry,PHYSICS,PHYSICS-U15,0.4667,0.45-0.49,PASSED,ncert-book-class-12-physics-part-1-chapter-8.pdf
f6073bb3-c76b-4b73-bc32-9b442bb8bfaa,Chemistry,PHYSICS,PHYSICS-U15,0.4667,0.45-0.49,PASSED,ncert-book-class-12-physics-part-1-chapter-8.pdf
190d6fd9-ffaa-4cdf-a114-837bab5c87e5,Chemistry,PHYSICS,PHYSICS-U15,0.4667,0.45-0.49,PASSED,ncert-book-class-12-physics-part-1-chapter-8.pdf
ab36b3db-26c1-4abb-b359-fedd0f21b96f,Chemistry,PHYSICS,PHYSICS-U15,0.4667,0.45-0.49,PASSED,ncert-book-class-12-physics-part-1-chapter-8.pdf
7ad42143-582d-4038-975a-4fb36cb04285,Chemistry,PHYSICS,PHYSICS-U15,0.4667,0.45-0.49,PASSED,ncert-book-class-12-physics-part-1-chapter-8.pdf
e513941c-ab31-458a-a80d-6d52423a541a,Physics,CHEMISTRY,CHEMISTRY-U02,0.4615,0.45-0.49,PASSED,ncert-books-class-11-chemistry-chapter-2.pdf
9cecd86f-9f5e-45c1-af34-0fecae4d630e,Physics,CHEMISTRY,CHEMISTRY-U02,0.4615,0.45-0.49,PASSED,ncert-books-class-11-chemistry-chapter-2.pdf
75812057-279c-4ff2-a2c0-2a9a16f41d83,Physics,CHEMISTRY,CHEMISTRY-U02,0.4615,0.45-0.49,PASSED,ncert-books-class-11-chemistry-chapter-2.pdf
1d59da21-0fd9-4f76-b557-9ad158e2691a,Physics,CHEMISTRY,CHEMISTRY-U02,0.4615,0.45-0.49,PASSED,ncert-books-class-11-chemistry-chapter-2.pdf
fb63b5cb-db8d-46f2-8f96-1fa39ca088ad,Physics,CHEMISTRY,CHEMISTRY-U02,0.4615,0.45-0.49,PASSED,ncert-books-class-11-chemistry-chapter-2.pdf
6cf94e1a-6ceb-4888-b8ef-69d257e13f26,Physics,CHEMISTRY,CHEMISTRY-U02,0.4615,0.45-0.49,PASSED,ncert-books-class-11-chemistry-chapter-2.pdf
e7344aad-88a4-4dd2-89f3-0559dc822876,Physics,CHEMISTRY,CHEMISTRY-U02,0.4615,0.45-0.49,PASSED,ncert-books-class-11-chemistry-chapter-2.pdf
c0410faa-ad06-4d6e-adb0-115a8a87d375,Physics,CHEMISTRY,CHEMISTRY-U02,0.4615,0.45-0.49,PASSED,ncert-books-class-11-chemistry-chapter-2.pdf
4c0f5fa0-1fb4-4f79-bce8-540827fa88c5,Physics,CHEMISTRY,CHEMISTRY-U02,0.4615,0.45-0.49,PASSED,ncert-books-class-11-chemistry-chapter-2.pdf
259791cc-ed8b-4934-a0d6-8c0d41685add,Physics,CHEMISTRY,CHEMISTRY-U02,0.4615,0.45-0.49,PASSED,ncert-books-class-11-chemistry-chapter-2.pdf
3b5c71ab-b5a4-458d-9c99-999795f3c4ce,Physics,CHEMISTRY,CHEMISTRY-U02,0.4615,0.45-0.49,PASSED,ncert-books-class-11-chemistry-chapter-2.pdf
3ed7f5ff-32b3-49fa-a228-88bb9a757948,Physics,CHEMISTRY,CHEMISTRY-U02,0.4615,0.45-0.49,PASSED,ncert-books-class-11-chemistry-chapter-2.pdf
ba56d9f2-5f8c-4a2f-80b3-335982a1520f,Physics,CHEMISTRY,CHEMISTRY-U02,0.4615,0.45-0.49,PASSED,ncert-books-class-11-chemistry-chapter-2.pdf
5d3b7956-24bb-4f6f-bfa4-f65faddd1a03,Physics,CHEMISTRY,CHEMISTRY-U02,0.4615,0.45-0.49,PASSED,ncert-books-class-11-chemistry-chapter-2.pdf
7d8253c3-63f7-438b-9fb9-15fea2025fe7,Physics,CHEMISTRY,CHEMISTRY-U02,0.4615,0.45-0.49,PASSED,ncert-books-class-11-chemistry-chapter-2.pdf
99ba1a19-8b5b-4b2b-9775-b14cc957afde,Physics,CHEMISTRY,CHEMISTRY-U02,0.4615,0.45-0.49,PASSED,ncert-books-class-11-chemistry-chapter-2.pdf
63b71d71-403f-47f7-9678-2e4d94077060,Physics,CHEMISTRY,CHEMISTRY-U02,0.4615,0.45-0.49,PASSED,ncert-books-class-11-chemistry-chapter-2.pdf
08e4376c-3dbe-4ac7-8c85-9a1db320082c,Physics,CHEMISTRY,CHEMISTRY-U02,0.4615,0.45-0.49,PASSED,ncert-books-class-11-chemistry-chapter-2.pdf
875988e4-fe19-4443-b30e-134563c30369,Physics,CHEMISTRY,CHEMISTRY-U02,0.4615,0.45-0.49,PASSED,ncert-books-class-11-chemistry-chapter-2.pdf
8c94c664-43f7-44d2-940d-398527be5ea9,Physics,CHEMISTRY,CHEMISTRY-U02,0.4615,0.45-0.49,PASSED,ncert-books-class-11-chemistry-chapter-2.pdf
b0ae80b3-300f-4c0e-ac8d-d32eba3bd62e,Physics,CHEMISTRY,CHEMISTRY-U02,0.4615,0.45-0.49,PASSED,ncert-books-class-11-chemistry-chapter-2.pdf
14124287-38db-45f4-9334-c7162be48dd8,Physics,CHEMISTRY,CHEMISTRY-U02,0.4615,0.45-0.49,PASSED,ncert-books-class-11-chemistry-chapter-2.pdf
ed750264-0da3-440b-b169-4f6146a53c64,Physics,CHEMISTRY,CHEMISTRY-U02,0.4615,0.45-0.49,PASSED,ncert-books-class-11-chemistry-chapter-2.pdf
c2388b34-cf5b-4dbc-a83a-591d47b57e55,Chemistry,BIOLOGY,BIOLOGY-U03,0.4444,0.40-0.44,PASSED,ncert-books-class-11-biology-chapter-9.pdf
0623506a-dde1-41b4-b15c-dbaa8fcb8703,Chemistry,PHYSICS,PHYSICS-U08,0.4444,0.40-0.44,PASSED,ncert-books-class-11-physics-chapter-11.pdf
a0cdf705-1ce8-480a-a142-02d62cf3b825,Botany,CORE_BIOLOGY,XII-BIO-09,0.4444,0.40-0.44,PASSED,ncert-books-class-12-biology-chapter-9.pdf
d23f526f-f959-42b7-8303-d9c9c0ed5ea8,Physics,CHEMISTRY,CHEMISTRY-U06,0.4444,0.40-0.44,PASSED,ncert-books-class-11-chemistry-chapter-6.pdf
28b62815-0939-4bfb-a6b0-944169914abf,Chemistry,BIOLOGY,BIOLOGY-U03,0.4444,0.40-0.44,PASSED,ncert-books-class-11-biology-chapter-9.pdf
34def798-470d-48b6-b6d0-744f6f4c3529,Chemistry,PHYSICS,PHYSICS-U08,0.4444,0.40-0.44,PASSED,ncert-books-class-11-physics-chapter-11.pdf
0299364e-fdc8-4a0a-a35f-8d2b4b2aeb22,Botany,CORE_BIOLOGY,XII-BIO-09,0.4444,0.40-0.44,PASSED,ncert-books-class-12-biology-chapter-9.pdf
8a2fa0d1-891f-4c8d-aca6-eebe53732b33,Physics,CHEMISTRY,CHEMISTRY-U06,0.4444,0.40-0.44,PASSED,ncert-books-class-11-chemistry-chapter-6.pdf
b36d335d-d851-4de1-b334-a213916b3fda,Chemistry,BIOLOGY,BIOLOGY-U03,0.4444,0.40-0.44,PASSED,ncert-books-class-11-biology-chapter-9.pdf
c07de527-9ff6-44ce-aa82-50a06610ceb2,Chemistry,PHYSICS,PHYSICS-U08,0.4444,0.40-0.44,PASSED,ncert-books-class-11-physics-chapter-11.pdf
18855576-6039-4023-a92e-8ffa0a663873,Botany,CORE_BIOLOGY,XII-BIO-09,0.4444,0.40-0.44,PASSED,ncert-books-class-12-biology-chapter-9.pdf
b7be8f66-2e2c-49b2-90a2-d80c08e5b1c3,Chemistry,BIOLOGY,BIOLOGY-U03,0.4444,0.40-0.44,PASSED,ncert-books-class-11-biology-chapter-9.pdf
8de1317f-7442-4317-b846-c2cfc452703a,Chemistry,PHYSICS,PHYSICS-U08,0.4444,0.40-0.44,PASSED,ncert-books-class-11-physics-chapter-11.pdf
fd001e97-7976-4daa-b4ee-e7eaf780d3c6,Botany,CORE_BIOLOGY,XII-BIO-09,0.4444,0.40-0.44,PASSED,ncert-books-class-12-biology-chapter-9.pdf
0b14a0d3-aea0-4bd7-be50-a2a74d3bf0df,Physics,CHEMISTRY,CHEMISTRY-U06,0.4444,0.40-0.44,PASSED,ncert-books-class-11-chemistry-chapter-6.pdf
6959ec96-0db7-40f1-a1cd-630ed4828d81,Chemistry,BIOLOGY,BIOLOGY-U03,0.4444,0.40-0.44,PASSED,ncert-books-class-11-biology-chapter-9.pdf
50aa1d95-a0ee-4399-8f37-295f982960ab,Chemistry,PHYSICS,PHYSICS-U08,0.4444,0.40-0.44,PASSED,ncert-books-class-11-physics-chapter-11.pdf
be40f596-3d18-46b9-b0f2-fb9b0437edd7,Botany,CORE_BIOLOGY,XII-BIO-09,0.4444,0.40-0.44,PASSED,ncert-books-class-12-biology-chapter-9.pdf
5f1d7574-b973-4653-9f96-cc04a03c2f27,Chemistry,BIOLOGY,BIOLOGY-U03,0.4444,0.40-0.44,PASSED,ncert-books-class-11-biology-chapter-9.pdf
50a1cbd7-d698-4460-9c34-8c452a26511a,Chemistry,PHYSICS,PHYSICS-U08,0.4444,0.40-0.44,PASSED,ncert-books-class-11-physics-chapter-11.pdf
bbfb86b0-3cd9-4f31-b0e3-415ba87fb6d8,Botany,CORE_BIOLOGY,XII-BIO-09,0.4444,0.40-0.44,PASSED,ncert-books-class-12-biology-chapter-9.pdf
091caa03-ca8b-4417-ab99-5860f40938c6,Physics,CHEMISTRY,CHEMISTRY-U06,0.4444,0.40-0.44,PASSED,ncert-books-class-11-chemistry-chapter-6.pdf
695f6011-6852-4548-8f53-1e69a459e8e5,Botany,CORE_BIOLOGY,XII-BIO-09,0.4444,0.40-0.44,PASSED,ncert-books-class-12-biology-chapter-9.pdf
2cb2f099-9f99-4a9d-8c73-be6b3683466a,Chemistry,BIOLOGY,BIOLOGY-U03,0.4444,0.40-0.44,PASSED,ncert-books-class-11-biology-chapter-9.pdf
7054b040-5563-4134-84a2-31e1a79c61df,Chemistry,PHYSICS,PHYSICS-U08,0.4444,0.40-0.44,PASSED,ncert-books-class-11-physics-chapter-11.pdf
313cab70-fd1a-4713-9534-d9b4e7101dee,Physics,CHEMISTRY,CHEMISTRY-U06,0.4444,0.40-0.44,PASSED,ncert-books-class-11-chemistry-chapter-6.pdf
ae1c43d8-e912-42e8-b76d-85223c434bbe,Chemistry,PHYSICS,PHYSICS-U08,0.4444,0.40-0.44,PASSED,ncert-books-class-11-physics-chapter-11.pdf
a2112b6c-3e1e-4a9e-b711-3e10defebc6c,Chemistry,BIOLOGY,BIOLOGY-U03,0.4444,0.40-0.44,PASSED,ncert-books-class-11-biology-chapter-9.pdf
1cf392dd-ed40-4af4-b494-d5b189a01529,Botany,CORE_BIOLOGY,XII-BIO-09,0.4444,0.40-0.44,PASSED,ncert-books-class-12-biology-chapter-9.pdf
d3e7879c-f339-4303-9b20-6af29d101743,Physics,CHEMISTRY,CHEMISTRY-U06,0.4444,0.40-0.44,PASSED,ncert-books-class-11-chemistry-chapter-6.pdf
578c8a37-9949-486e-9dfd-18860fc1b917,Chemistry,BIOLOGY,BIOLOGY-U03,0.4444,0.40-0.44,PASSED,ncert-books-class-11-biology-chapter-9.pdf
acd221bd-2073-451c-8b52-1be403cc7fa0,Chemistry,PHYSICS,PHYSICS-U08,0.4444,0.40-0.44,PASSED,ncert-books-class-11-physics-chapter-11.pdf
d161689a-8960-40e6-96b1-63894e571c81,Botany,CORE_BIOLOGY,XII-BIO-09,0.4444,0.40-0.44,PASSED,ncert-books-class-12-biology-chapter-9.pdf
b4452162-2b5a-42b1-a9d6-1d44eff2d196,Physics,CHEMISTRY,CHEMISTRY-U06,0.4444,0.40-0.44,PASSED,ncert-books-class-11-chemistry-chapter-6.pdf
ea7919bf-482a-451a-b8e3-c054564461d6,Chemistry,BIOLOGY,BIOLOGY-U03,0.4444,0.40-0.44,PASSED,ncert-books-class-11-biology-chapter-9.pdf
ba227fd9-aad6-4e13-9d24-04f4e73e5ddd,Chemistry,PHYSICS,PHYSICS-U08,0.4444,0.40-0.44,PASSED,ncert-books-class-11-physics-chapter-11.pdf
4e04e4e7-ff28-4c7c-8fab-d1d71574852b,Botany,CORE_BIOLOGY,XII-BIO-09,0.4444,0.40-0.44,PASSED,ncert-books-class-12-biology-chapter-9.pdf
694a1456-0ffe-4019-9d4e-e20a63f044ad,Physics,CHEMISTRY,CHEMISTRY-U06,0.4444,0.40-0.44,PASSED,ncert-books-class-11-chemistry-chapter-6.pdf
14b27454-60f7-4fc5-ae52-09a8d97ca679,Chemistry,BIOLOGY,BIOLOGY-U03,0.4444,0.40-0.44,PASSED,ncert-books-class-11-biology-chapter-9.pdf
25bb6834-c8d6-438c-aad4-e9f1148cf83b,Chemistry,PHYSICS,PHYSICS-U08,0.4444,0.40-0.44,PASSED,ncert-books-class-11-physics-chapter-11.pdf
fa5492e1-ad51-41f6-ae17-da9c0e8439c0,Botany,CORE_BIOLOGY,XII-BIO-09,0.4444,0.40-0.44,PASSED,ncert-books-class-12-biology-chapter-9.pdf
a1917a0d-5940-4742-a02f-1cc4180bd834,Physics,CHEMISTRY,CHEMISTRY-U06,0.4444,0.40-0.44,PASSED,ncert-books-class-11-chemistry-chapter-6.pdf
452235b4-e742-4508-957a-db3ad2ea49d5,Chemistry,BIOLOGY,BIOLOGY-U03,0.4444,0.40-0.44,PASSED,ncert-books-class-11-biology-chapter-9.pdf
6bc21c21-7ed8-40d3-b27c-033c8927e1a5,Chemistry,PHYSICS,PHYSICS-U08,0.4444,0.40-0.44,PASSED,ncert-books-class-11-physics-chapter-11.pdf
458873de-4642-429e-a131-92c86814986c,Botany,CORE_BIOLOGY,XII-BIO-09,0.4444,0.40-0.44,PASSED,ncert-books-class-12-biology-chapter-9.pdf
a16c1317-961c-4274-849f-3b253287994b,Physics,CHEMISTRY,CHEMISTRY-U06,0.4444,0.40-0.44,PASSED,ncert-books-class-11-chemistry-chapter-6.pdf
e127a62b-43e3-433e-95e0-334d3a7f41e4,Chemistry,BIOLOGY,BIOLOGY-U03,0.4444,0.40-0.44,PASSED,ncert-books-class-11-biology-chapter-9.pdf
d1d2e33b-92bc-4725-a51d-1909ff23f408,Chemistry,PHYSICS,PHYSICS-U08,0.4444,0.40-0.44,PASSED,ncert-books-class-11-physics-chapter-11.pdf
b607e77a-981f-4de9-aa0c-f0970c42d863,Botany,CORE_BIOLOGY,XII-BIO-09,0.4444,0.40-0.44,PASSED,ncert-books-class-12-biology-chapter-9.pdf
69fc626c-94f3-475b-969a-ba19b31f0e66,Physics,CHEMISTRY,CHEMISTRY-U06,0.4444,0.40-0.44,PASSED,ncert-books-class-11-chemistry-chapter-6.pdf
c2fc3042-5d60-41d3-9956-2fbfe87b6b44,Chemistry,BIOLOGY,BIOLOGY-U03,0.4444,0.40-0.44,PASSED,ncert-books-class-11-biology-chapter-9.pdf
5f979a18-fa1e-4fe1-9627-b2265d75948b,Chemistry,PHYSICS,PHYSICS-U08,0.4444,0.40-0.44,PASSED,ncert-books-class-11-physics-chapter-11.pdf
29068cf5-832c-4ba2-81aa-41169e632faa,Botany,CORE_BIOLOGY,XII-BIO-09,0.4444,0.40-0.44,PASSED,ncert-books-class-12-biology-chapter-9.pdf
cfcbe6b5-d4d0-4d28-830e-bb285bc74e4b,Physics,CHEMISTRY,CHEMISTRY-U06,0.4444,0.40-0.44,PASSED,ncert-books-class-11-chemistry-chapter-6.pdf
60a90ce2-05df-4de1-9581-a8e835b7dcd3,Chemistry,BIOLOGY,BIOLOGY-U03,0.4444,0.40-0.44,PASSED,ncert-books-class-11-biology-chapter-9.pdf
279e2361-1fe5-4294-8d41-381d4d3f8633,Chemistry,PHYSICS,PHYSICS-U08,0.4444,0.40-0.44,PASSED,ncert-books-class-11-physics-chapter-11.pdf
84734aa5-535a-481f-aa6d-55a1058d68e2,Botany,CORE_BIOLOGY,XII-BIO-09,0.4444,0.40-0.44,PASSED,ncert-books-class-12-biology-chapter-9.pdf
51508a06-917b-4a6a-8457-64d0351388ad,Physics,CHEMISTRY,CHEMISTRY-U06,0.4444,0.40-0.44,PASSED,ncert-books-class-11-chemistry-chapter-6.pdf
2146715f-12fd-4c31-bfd0-ac25800735b3,Chemistry,BIOLOGY,BIOLOGY-U03,0.4444,0.40-0.44,PASSED,ncert-books-class-11-biology-chapter-9.pdf
1a5db4d8-3804-4a31-8773-496f9a6dbfb1,Chemistry,PHYSICS,PHYSICS-U08,0.4444,0.40-0.44,PASSED,ncert-books-class-11-physics-chapter-11.pdf
7d8e40f5-1fb4-49b7-ab96-7a0f1d5d77ff,Botany,CORE_BIOLOGY,XII-BIO-09,0.4444,0.40-0.44,PASSED,ncert-books-class-12-biology-chapter-9.pdf
539cf93f-67f3-4819-8238-b1647c17a80f,Physics,CHEMISTRY,CHEMISTRY-U06,0.4444,0.40-0.44,PASSED,ncert-books-class-11-chemistry-chapter-6.pdf
34182300-eff7-41b5-bd56-046c531625f4,Chemistry,BIOLOGY,BIOLOGY-U03,0.4444,0.40-0.44,PASSED,ncert-books-class-11-biology-chapter-9.pdf
bd49d9bb-485b-4ef7-a758-1bd64f83f873,Chemistry,PHYSICS,PHYSICS-U08,0.4444,0.40-0.44,PASSED,ncert-books-class-11-physics-chapter-11.pdf
1c4d40a8-6230-4a09-b62b-5fefd7defbc7,Botany,CORE_BIOLOGY,XII-BIO-09,0.4444,0.40-0.44,PASSED,ncert-books-class-12-biology-chapter-9.pdf
34b4c339-e86c-439c-9c51-9820f2c252fa,Physics,CHEMISTRY,CHEMISTRY-U06,0.4444,0.40-0.44,PASSED,ncert-books-class-11-chemistry-chapter-6.pdf
f588d217-5c7e-4b39-be0e-be1365c59ed4,Chemistry,BIOLOGY,BIOLOGY-U03,0.4444,0.40-0.44,PASSED,ncert-books-class-11-biology-chapter-9.pdf
f4c52ff2-f3f2-4906-984f-962fd4e716ce,Chemistry,PHYSICS,PHYSICS-U08,0.4444,0.40-0.44,PASSED,ncert-books-class-11-physics-chapter-11.pdf
9f4421d0-5f4e-4c31-96da-f5c9aea6bb2c,Botany,CORE_BIOLOGY,XII-BIO-09,0.4444,0.40-0.44,PASSED,ncert-books-class-12-biology-chapter-9.pdf
73060631-cba1-479b-ad26-dd76065922f7,Physics,CHEMISTRY,CHEMISTRY-U06,0.4444,0.40-0.44,PASSED,ncert-books-class-11-chemistry-chapter-6.pdf
19082121-f154-4c11-bcdd-d911a2037732,Chemistry,BIOLOGY,BIOLOGY-U03,0.4444,0.40-0.44,PASSED,ncert-books-class-11-biology-chapter-9.pdf
4477d050-e44b-4863-bd47-839d5a3d8a61,Chemistry,PHYSICS,PHYSICS-U08,0.4444,0.40-0.44,PASSED,ncert-books-class-11-physics-chapter-11.pdf
7fd50fcb-841a-4a2a-af73-694604307302,Botany,CORE_BIOLOGY,XII-BIO-09,0.4444,0.40-0.44,PASSED,ncert-books-class-12-biology-chapter-9.pdf
c4144f71-a714-4349-8328-3fc26b55368f,Physics,CHEMISTRY,CHEMISTRY-U06,0.4444,0.40-0.44,PASSED,ncert-books-class-11-chemistry-chapter-6.pdf
445060f1-628b-43d6-bb90-589e4f6a09e4,Chemistry,BIOLOGY,BIOLOGY-U03,0.4444,0.40-0.44,PASSED,ncert-books-class-11-biology-chapter-9.pdf
4079136e-3c6a-4f0c-ac77-5e407d6dddc0,Chemistry,PHYSICS,PHYSICS-U08,0.4444,0.40-0.44,PASSED,ncert-books-class-11-physics-chapter-11.pdf
cbb6be15-ca76-4895-bbaa-76b836470fa4,Botany,CORE_BIOLOGY,XII-BIO-09,0.4444,0.40-0.44,PASSED,ncert-books-class-12-biology-chapter-9.pdf
a8373a8f-7ef4-470c-8348-e12ebc774f1d,Physics,CHEMISTRY,CHEMISTRY-U06,0.4444,0.40-0.44,PASSED,ncert-books-class-11-chemistry-chapter-6.pdf
0e8c9900-df6b-4167-9c72-dfd48fbb864b,Chemistry,BIOLOGY,BIOLOGY-U03,0.4444,0.40-0.44,PASSED,ncert-books-class-11-biology-chapter-9.pdf
b89f0abb-993c-46b3-8669-9822c51698fc,Chemistry,PHYSICS,PHYSICS-U08,0.4444,0.40-0.44,PASSED,ncert-books-class-11-physics-chapter-11.pdf
abf73025-771d-49c6-bade-95fffcd47ec2,Botany,CORE_BIOLOGY,XII-BIO-09,0.4444,0.40-0.44,PASSED,ncert-books-class-12-biology-chapter-9.pdf
282c3bab-308f-4487-9c6a-dca5e5faf538,Physics,CHEMISTRY,CHEMISTRY-U06,0.4444,0.40-0.44,PASSED,ncert-books-class-11-chemistry-chapter-6.pdf
7700eda1-f80b-4113-9e0e-4de1c2962f7c,Chemistry,BIOLOGY,BIOLOGY-U03,0.4444,0.40-0.44,PASSED,ncert-books-class-11-biology-chapter-9.pdf
cc62e36a-6417-4557-a916-9a6f8e939afa,Chemistry,PHYSICS,PHYSICS-U08,0.4444,0.40-0.44,PASSED,ncert-books-class-11-physics-chapter-11.pdf
7633d0b0-94a6-4e8b-9887-b69aec73907a,Botany,CORE_BIOLOGY,XII-BIO-09,0.4444,0.40-0.44,PASSED,ncert-books-class-12-biology-chapter-9.pdf
6b7e453b-ef67-4cd8-8522-8d07d1a0da19,Physics,CHEMISTRY,CHEMISTRY-U06,0.4444,0.40-0.44,PASSED,ncert-books-class-11-chemistry-chapter-6.pdf
e5d71902-8c00-4d89-ada0-03b509cd91f4,Chemistry,BIOLOGY,BIOLOGY-U03,0.4444,0.40-0.44,PASSED,ncert-books-class-11-biology-chapter-9.pdf
34db303c-be77-4d1f-8cd9-a4297639e22b,Chemistry,PHYSICS,PHYSICS-U08,0.4444,0.40-0.44,PASSED,ncert-books-class-11-physics-chapter-11.pdf
b30091c3-3e08-45b0-bbff-de02ba1369f7,Botany,CORE_BIOLOGY,XII-BIO-09,0.4444,0.40-0.44,PASSED,ncert-books-class-12-biology-chapter-9.pdf
1a60b816-2299-4274-9782-a8063d6201a4,Physics,CHEMISTRY,CHEMISTRY-U06,0.4444,0.40-0.44,PASSED,ncert-books-class-11-chemistry-chapter-6.pdf
a9d9c05e-6a30-4788-b70e-714dafcddc65,Chemistry,BIOLOGY,BIOLOGY-U03,0.4444,0.40-0.44,PASSED,ncert-books-class-11-biology-chapter-9.pdf
83cc557f-40fc-4633-94c0-1ff1e30d9e29,Chemistry,PHYSICS,PHYSICS-U08,0.4444,0.40-0.44,PASSED,ncert-books-class-11-physics-chapter-11.pdf
e266866a-f3c6-4ea8-bb88-9d0fadf39f45,Botany,CORE_BIOLOGY,XII-BIO-09,0.4444,0.40-0.44,PASSED,ncert-books-class-12-biology-chapter-9.pdf
bfd5a77f-32dc-4d34-9689-e2305476efcb,Chemistry,PHYSICS,PHYSICS-U08,0.4286,0.40-0.44,PASSED,ncert-books-class-11-physics-chapter-11.pdf
1c1837fa-80d0-48dc-b81d-d4c09151bf5f,Chemistry,PHYSICS,PHYSICS-U08,0.4286,0.40-0.44,PASSED,ncert-books-class-11-physics-chapter-11.pdf
9ed94d35-39bd-466c-ad30-f926b2783fc1,Chemistry,PHYSICS,PHYSICS-U08,0.4286,0.40-0.44,PASSED,ncert-books-class-11-physics-chapter-11.pdf
3f7f7c35-84fd-4539-aee9-ce3e9eb3bc02,Botany,CHEMISTRY,CHEMISTRY-U01,0.4286,0.40-0.44,PASSED,ncert-books-class-11-chemistry-chapter-1.pdf
01f117e1-17c1-4e5b-bf9d-0d49e2dfa431,Chemistry,PHYSICS,PHYSICS-U08,0.4286,0.40-0.44,PASSED,ncert-books-class-11-physics-chapter-11.pdf
f4fd8499-ffd3-439a-8f3f-07e96850f575,Chemistry,PHYSICS,PHYSICS-U08,0.4286,0.40-0.44,PASSED,ncert-books-class-11-physics-chapter-11.pdf
acd08d4c-8965-42e7-89d2-7feae2a47f1b,Botany,CHEMISTRY,CHEMISTRY-U01,0.4286,0.40-0.44,PASSED,ncert-books-class-11-chemistry-chapter-1.pdf
e0bd464d-6d00-4e79-9316-213fdf648c83,Botany,CHEMISTRY,CHEMISTRY-U01,0.4286,0.40-0.44,PASSED,ncert-books-class-11-chemistry-chapter-1.pdf
0411b733-45e8-4276-8b21-f70c1f77d00a,Chemistry,PHYSICS,PHYSICS-U08,0.4286,0.40-0.44,PASSED,ncert-books-class-11-physics-chapter-11.pdf
0a22c4e4-b1c3-4d4e-8bed-07d9db0d8fe3,Botany,CHEMISTRY,CHEMISTRY-U01,0.4286,0.40-0.44,PASSED,ncert-books-class-11-chemistry-chapter-1.pdf
5b6c2575-7bde-4b3b-9127-cba66cf8c2dd,Chemistry,PHYSICS,PHYSICS-U08,0.4286,0.40-0.44,PASSED,ncert-books-class-11-physics-chapter-11.pdf
f28553f8-d95e-48b0-a580-6d1a7a6c230d,Botany,CHEMISTRY,CHEMISTRY-U01,0.4286,0.40-0.44,PASSED,ncert-books-class-11-chemistry-chapter-1.pdf
c82fca90-db01-489c-9dfb-3790d7414662,Chemistry,PHYSICS,PHYSICS-U08,0.4286,0.40-0.44,PASSED,ncert-books-class-11-physics-chapter-11.pdf
f8c2e229-98ef-4a2d-a34b-56156a7a58de,Botany,CHEMISTRY,CHEMISTRY-U01,0.4286,0.40-0.44,PASSED,ncert-books-class-11-chemistry-chapter-1.pdf
abea98ce-f73f-44ca-ac6d-cf775c13e780,Chemistry,PHYSICS,PHYSICS-U08,0.4286,0.40-0.44,PASSED,ncert-books-class-11-physics-chapter-11.pdf
e5d5abba-34a5-4d5e-aee2-83c3b687d5cc,Botany,CHEMISTRY,CHEMISTRY-U01,0.4286,0.40-0.44,PASSED,ncert-books-class-11-chemistry-chapter-1.pdf
bc906fe1-e762-4965-86d1-dde03b5d91e4,Chemistry,PHYSICS,PHYSICS-U08,0.4286,0.40-0.44,PASSED,ncert-books-class-11-physics-chapter-11.pdf
193bc27e-bfed-4c61-86df-b1137bd2563f,Chemistry,PHYSICS,PHYSICS-U08,0.4286,0.40-0.44,PASSED,ncert-books-class-11-physics-chapter-11.pdf
8479ead3-d7c6-43b4-b909-280b8ee230fa,Botany,CHEMISTRY,CHEMISTRY-U01,0.4286,0.40-0.44,PASSED,ncert-books-class-11-chemistry-chapter-1.pdf
2ae78ad9-927d-4b3a-a9a8-d4214075bd02,Chemistry,PHYSICS,PHYSICS-U18,0.4286,0.40-0.44,PASSED,leph205.pdf
d47146ef-7026-4c6b-a741-5efa0d440c22,Chemistry,PHYSICS,PHYSICS-U08,0.4286,0.40-0.44,PASSED,ncert-books-class-11-physics-chapter-11.pdf
318d3cec-9af0-49ae-981a-9d8284147b76,Botany,CHEMISTRY,CHEMISTRY-U01,0.4286,0.40-0.44,PASSED,ncert-books-class-11-chemistry-chapter-1.pdf
f9112738-46db-4e79-845d-f05d32914932,Chemistry,PHYSICS,PHYSICS-U08,0.4286,0.40-0.44,PASSED,ncert-books-class-11-physics-chapter-11.pdf
5bab6041-f1ef-420f-be83-ac3f06d0a165,Botany,CHEMISTRY,CHEMISTRY-U01,0.4286,0.40-0.44,PASSED,ncert-books-class-11-chemistry-chapter-1.pdf
94a8c563-9316-4c24-9bb5-dbd365b8bfba,Chemistry,PHYSICS,PHYSICS-U08,0.4286,0.40-0.44,PASSED,ncert-books-class-11-physics-chapter-11.pdf
83dd0d06-d73b-443d-84ab-8edc5727f7fa,Botany,CHEMISTRY,CHEMISTRY-U01,0.4286,0.40-0.44,PASSED,ncert-books-class-11-chemistry-chapter-1.pdf
a6bf3034-0ba4-4e2e-b419-afbcd08be020,Chemistry,PHYSICS,PHYSICS-U08,0.4286,0.40-0.44,PASSED,ncert-books-class-11-physics-chapter-11.pdf
1c6c4255-36ae-4e75-a91e-84b9cf07c973,Botany,CHEMISTRY,CHEMISTRY-U01,0.4286,0.40-0.44,PASSED,ncert-books-class-11-chemistry-chapter-1.pdf
583f31ea-d9e9-4372-9297-9b0c7ecac8e7,Chemistry,PHYSICS,PHYSICS-U08,0.4286,0.40-0.44,PASSED,ncert-books-class-11-physics-chapter-11.pdf
8f720ff2-af02-457e-a3cb-142ec917a932,Botany,CHEMISTRY,CHEMISTRY-U01,0.4286,0.40-0.44,PASSED,ncert-books-class-11-chemistry-chapter-1.pdf
524d3d82-87ab-4263-af2a-bd7353e3c3aa,Chemistry,PHYSICS,PHYSICS-U08,0.4286,0.40-0.44,PASSED,ncert-books-class-11-physics-chapter-11.pdf
1a7e8b84-17d1-4cfb-848b-7a4638c0272f,Botany,CHEMISTRY,CHEMISTRY-U01,0.4286,0.40-0.44,PASSED,ncert-books-class-11-chemistry-chapter-1.pdf
3d7e2eac-bbb5-47fe-93b0-250973246006,Chemistry,PHYSICS,PHYSICS-U08,0.4286,0.40-0.44,PASSED,ncert-books-class-11-physics-chapter-11.pdf
dc2fbc86-2689-4802-bb7e-d78d200d88d5,Botany,CHEMISTRY,CHEMISTRY-U01,0.4286,0.40-0.44,PASSED,ncert-books-class-11-chemistry-chapter-1.pdf
ffd2cb5e-6a04-43b8-b1c7-839ac7c7f075,Chemistry,PHYSICS,PHYSICS-U18,0.4286,0.40-0.44,PASSED,leph205.pdf
1e1e942a-6a03-4a16-acf6-c0fb9c5013bb,Chemistry,PHYSICS,PHYSICS-U08,0.4286,0.40-0.44,PASSED,ncert-books-class-11-physics-chapter-11.pdf
47cf20f4-fe3a-4c38-b746-885b6bb12f0c,Botany,CHEMISTRY,CHEMISTRY-U01,0.4286,0.40-0.44,PASSED,ncert-books-class-11-chemistry-chapter-1.pdf
d8889a81-b883-40fd-a640-859c1fc81e8a,Chemistry,PHYSICS,PHYSICS-U08,0.4286,0.40-0.44,PASSED,ncert-books-class-11-physics-chapter-11.pdf
015559dc-5a6c-40ef-bf5f-669ac8a2f4ba,Botany,CHEMISTRY,CHEMISTRY-U01,0.4286,0.40-0.44,PASSED,ncert-books-class-11-chemistry-chapter-1.pdf
863b8c8e-adc5-4d09-afb1-f1f80f8644eb,Chemistry,PHYSICS,PHYSICS-U08,0.4286,0.40-0.44,PASSED,ncert-books-class-11-physics-chapter-11.pdf
32b44a95-089a-49a2-81c7-07f9b28e6735,Botany,CHEMISTRY,CHEMISTRY-U01,0.4286,0.40-0.44,PASSED,ncert-books-class-11-chemistry-chapter-1.pdf
1525dba1-5b67-4e4c-887b-b70882601fb2,Chemistry,PHYSICS,PHYSICS-U18,0.4286,0.40-0.44,PASSED,leph205.pdf
b6373ace-ccbb-47ea-bce4-da046a3a9083,Chemistry,PHYSICS,PHYSICS-U08,0.4286,0.40-0.44,PASSED,ncert-books-class-11-physics-chapter-11.pdf
1a28142a-1f00-4ac8-8dd4-f15ee3ea0b1e,Botany,CHEMISTRY,CHEMISTRY-U01,0.4286,0.40-0.44,PASSED,ncert-books-class-11-chemistry-chapter-1.pdf
b9d7e264-ab81-4921-8ea0-6469d08e43d0,Chemistry,PHYSICS,PHYSICS-U08,0.4286,0.40-0.44,PASSED,ncert-books-class-11-physics-chapter-11.pdf
bfa1f654-e9c9-4a80-bfe3-92796b557a34,Botany,CHEMISTRY,CHEMISTRY-U01,0.4286,0.40-0.44,PASSED,ncert-books-class-11-chemistry-chapter-1.pdf
06d94786-3cba-4df8-8d3f-8cee3e049285,Chemistry,BIOLOGY,BIOLOGY-U05,0.4,0.40-0.44,PASSED,ncert-books-class-11-biology-chapter-14.pdf
374b7c76-bd32-4e54-bea4-3364840d924a,Chemistry,BIOLOGY,BIOLOGY-U03,0.4,0.40-0.44,PASSED,ncert-books-class-11-biology-chapter-9.pdf
44477b8b-bf8d-4d66-907a-f5e0afb84ca7,Botany,CORE_BIOLOGY,XII-BIO-10,0.4,0.40-0.44,PASSED,ncert-books-class-12-biology-chapter-10.pdf
c7c739e7-2c51-47ee-b7da-c84796df5006,Botany,PHYSICS,PHYSICS-U16,0.4,0.40-0.44,PASSED,leph202.pdf
01f64c44-2ceb-4719-80c2-3d8fd7a4acd6,Zoology,CHEMISTRY,CHEMISTRY-U15,0.4,0.40-0.44,PASSED,ncert-books-class-11-chemistry-chapter-9.pdf
ba0b920f-6523-48ad-932a-e3388e012d56,Zoology,CHEMISTRY,CHEMISTRY-U07,0.4,0.40-0.44,PASSED,ncert-books-class-12-chemistry-chapter-2.pdf
83807703-e086-4a7b-9dfc-26c3f279ad5c,Zoology,PHYSICS,PHYSICS-U15,0.4,0.40-0.44,PASSED,ncert-book-class-12-physics-part-1-chapter-8.pdf
4e7abaa4-94c4-4da3-b2f9-4cc28f1e8397,Chemistry,BIOLOGY,BIOLOGY-U05,0.4,0.40-0.44,PASSED,ncert-books-class-11-biology-chapter-14.pdf
0f07ac74-5296-4c1c-b09d-509431723be9,Chemistry,BIOLOGY,BIOLOGY-U03,0.4,0.40-0.44,PASSED,ncert-books-class-11-biology-chapter-9.pdf
4196487b-6f83-4783-96d8-86fb91eee6f2,Botany,CHEMISTRY,CHEMISTRY-U08,0.4,0.40-0.44,PASSED,ncert-books-class-12-chemistry-chapter-3.pdf
209a77c0-e489-49e4-8014-13130cc2dfaf,Botany,CORE_BIOLOGY,XII-BIO-13,0.4,0.40-0.44,PASSED,ncert-books-class-12-biology-chapter-13.pdf
132f782a-7436-4ecc-b0d8-49c7f56d5adb,Botany,PHYSICS,PHYSICS-U16,0.4,0.40-0.44,PASSED,leph202.pdf
cf1abd5d-00a4-4122-9c46-67c7635bdf50,Zoology,CHEMISTRY,CHEMISTRY-U15,0.4,0.40-0.44,PASSED,ncert-books-class-11-chemistry-chapter-9.pdf
f9e064fb-5cf9-4f81-99cc-c0415521fd63,Zoology,CHEMISTRY,CHEMISTRY-U07,0.4,0.40-0.44,PASSED,ncert-books-class-12-chemistry-chapter-2.pdf
5c35f0e0-6998-43f8-b7fe-3319f80cb472,Chemistry,BIOLOGY,BIOLOGY-U03,0.4,0.40-0.44,PASSED,ncert-books-class-11-biology-chapter-9.pdf
25001bce-1a53-4d90-8389-721a03e1dca2,Chemistry,BIOLOGY,BIOLOGY-U05,0.4,0.40-0.44,PASSED,ncert-books-class-11-biology-chapter-14.pdf
96eb0f9e-5d7a-4823-a7bc-44ca1c673527,Botany,CHEMISTRY,CHEMISTRY-U14,0.4,0.40-0.44,PASSED,ncert-books-class-11-chemistry-chapter-8.pdf
56ab8c74-99c9-47d1-8ee7-64372b73905d,Botany,CORE_BIOLOGY,XII-BIO-10,0.4,0.40-0.44,PASSED,ncert-books-class-12-biology-chapter-10.pdf
a3ab0184-b0c4-4dd1-9982-6da8cfb62249,Botany,CORE_BIOLOGY,XII-BIO-13,0.4,0.40-0.44,PASSED,ncert-books-class-12-biology-chapter-13.pdf
6cbf60bb-c456-47ee-a3af-e9c9a8c7ce07,Botany,PHYSICS,PHYSICS-U16,0.4,0.40-0.44,PASSED,leph202.pdf
fbb7d315-2cb2-45c7-a263-f1286b40609f,Zoology,CHEMISTRY,CHEMISTRY-U15,0.4,0.40-0.44,PASSED,ncert-books-class-11-chemistry-chapter-9.pdf
3afa4bd6-30ad-4386-9ba0-6d448040768d,Zoology,CHEMISTRY,CHEMISTRY-U07,0.4,0.40-0.44,PASSED,ncert-books-class-12-chemistry-chapter-2.pdf
89fb7f85-7deb-4340-afd1-6ac6cc5ce707,Zoology,PHYSICS,PHYSICS-U15,0.4,0.40-0.44,PASSED,ncert-book-class-12-physics-part-1-chapter-8.pdf
3822d882-db5d-463a-a451-f663e6592ac1,Chemistry,BIOLOGY,BIOLOGY-U05,0.4,0.40-0.44,PASSED,ncert-books-class-11-biology-chapter-14.pdf
8b94a4c5-8ef1-4689-95d9-119c22ab89e0,Botany,CORE_BIOLOGY,XII-BIO-13,0.4,0.40-0.44,PASSED,ncert-books-class-12-biology-chapter-13.pdf
613c00ee-57d6-4035-9030-d56a333d9c3e,Botany,CHEMISTRY,CHEMISTRY-U14,0.4,0.40-0.44,PASSED,ncert-books-class-11-chemistry-chapter-8.pdf
83fb59eb-9b2a-4874-96bd-24e74d42b9c1,Botany,PHYSICS,PHYSICS-U16,0.4,0.40-0.44,PASSED,leph202.pdf
7cea913a-53b8-403d-acf3-66c8915b2913,Zoology,CHEMISTRY,CHEMISTRY-U07,0.4,0.40-0.44,PASSED,ncert-books-class-12-chemistry-chapter-2.pdf
abe871e8-e178-4d5e-9270-58929a99afc0,Zoology,CHEMISTRY,CHEMISTRY-U15,0.4,0.40-0.44,PASSED,ncert-books-class-11-chemistry-chapter-9.pdf
445b6655-1a64-4608-943a-a5355168e771,Chemistry,BIOLOGY,BIOLOGY-U03,0.4,0.40-0.44,PASSED,ncert-books-class-11-biology-chapter-9.pdf
feb3786a-4401-4dce-a949-801288427402,Chemistry,BIOLOGY,BIOLOGY-U05,0.4,0.40-0.44,PASSED,ncert-books-class-11-biology-chapter-14.pdf
17579220-4f18-4e4b-a2f4-66e5dc100613,Botany,CORE_BIOLOGY,XII-BIO-13,0.4,0.40-0.44,PASSED,ncert-books-class-12-biology-chapter-13.pdf
0f315dae-1258-40ff-9fa0-e6f40b6a5ea7,Botany,CHEMISTRY,CHEMISTRY-U08,0.4,0.40-0.44,PASSED,ncert-books-class-12-chemistry-chapter-3.pdf
effa59e2-f633-410f-95be-f06baec22d6b,Botany,CORE_BIOLOGY,XII-BIO-10,0.4,0.40-0.44,PASSED,ncert-books-class-12-biology-chapter-10.pdf
20551fbb-5144-4418-8c79-d97b6a151a95,Zoology,CHEMISTRY,CHEMISTRY-U15,0.4,0.40-0.44,PASSED,ncert-books-class-11-chemistry-chapter-9.pdf
380686a2-724a-47ab-9296-5653c612ddb0,Zoology,CHEMISTRY,CHEMISTRY-U07,0.4,0.40-0.44,PASSED,ncert-books-class-12-chemistry-chapter-2.pdf
86a32832-38b6-46e1-970a-fd829389d38d,Chemistry,BIOLOGY,BIOLOGY-U03,0.4,0.40-0.44,PASSED,ncert-books-class-11-biology-chapter-9.pdf
3d872f8e-5034-44d5-ab95-3677c1ea0b3c,Chemistry,BIOLOGY,BIOLOGY-U05,0.4,0.40-0.44,PASSED,ncert-books-class-11-biology-chapter-14.pdf
80b2d632-423f-472e-9572-4b84a03d77d1,Botany,CORE_BIOLOGY,XII-BIO-13,0.4,0.40-0.44,PASSED,ncert-books-class-12-biology-chapter-13.pdf
d1d32639-d3d0-45e7-a15e-905662461a2c,Botany,CORE_BIOLOGY,XII-BIO-10,0.4,0.40-0.44,PASSED,ncert-books-class-12-biology-chapter-10.pdf
53dc681a-d548-4497-bfa4-b7f946d50e05,Botany,CHEMISTRY,CHEMISTRY-U08,0.4,0.40-0.44,PASSED,ncert-books-class-12-chemistry-chapter-3.pdf
e51503b9-807d-457c-a416-c26f9c029935,Botany,CHEMISTRY,CHEMISTRY-U14,0.4,0.40-0.44,PASSED,ncert-books-class-11-chemistry-chapter-8.pdf
3657d5c4-a393-4df2-91ff-f40072ba33b8,Botany,PHYSICS,PHYSICS-U16,0.4,0.40-0.44,PASSED,leph202.pdf
467c70e8-90b7-4194-94ac-3e36f385fb4f,Zoology,CHEMISTRY,CHEMISTRY-U07,0.4,0.40-0.44,PASSED,ncert-books-class-12-chemistry-chapter-2.pdf
518c12da-943d-4d41-9507-1e232f861265,Zoology,CHEMISTRY,CHEMISTRY-U15,0.4,0.40-0.44,PASSED,ncert-books-class-11-chemistry-chapter-9.pdf
b2e8f9b6-ce60-471f-b883-8e90a7f632cc,Zoology,PHYSICS,PHYSICS-U15,0.4,0.40-0.44,PASSED,ncert-book-class-12-physics-part-1-chapter-8.pdf
b4e9f97b-a51b-4f90-8325-e50a84ac5d3a,Chemistry,BIOLOGY,BIOLOGY-U05,0.4,0.40-0.44,PASSED,ncert-books-class-11-biology-chapter-14.pdf
d9bf0e4a-2d0f-4239-be95-f0f5766da015,Zoology,CHEMISTRY,CHEMISTRY-U07,0.4,0.40-0.44,PASSED,ncert-books-class-12-chemistry-chapter-2.pdf
3cc40b80-2215-4126-a5f6-f546ff9210ae,Botany,CHEMISTRY,CHEMISTRY-U08,0.4,0.40-0.44,PASSED,ncert-books-class-12-chemistry-chapter-3.pdf
e3f68bb1-6d01-4f61-8449-b383eb06fb4f,Botany,CHEMISTRY,CHEMISTRY-U14,0.4,0.40-0.44,PASSED,ncert-books-class-11-chemistry-chapter-8.pdf
40fd1a99-c95d-42e9-af92-c39ffa00164a,Botany,CORE_BIOLOGY,XII-BIO-13,0.4,0.40-0.44,PASSED,ncert-books-class-12-biology-chapter-13.pdf
a4ebf947-225d-4fdc-8412-06140507b549,Botany,PHYSICS,PHYSICS-U16,0.4,0.40-0.44,PASSED,leph202.pdf
6eae82e2-27d1-4a6f-bacc-f06bba4f4b04,Zoology,CHEMISTRY,CHEMISTRY-U15,0.4,0.40-0.44,PASSED,ncert-books-class-11-chemistry-chapter-9.pdf
7e14a282-59dc-46c2-a4e8-2954fa28810c,Zoology,CHEMISTRY,CHEMISTRY-U07,0.4,0.40-0.44,PASSED,ncert-books-class-12-chemistry-chapter-2.pdf
42c11a49-871d-40d0-9887-26e2a605c2eb,Zoology,PHYSICS,PHYSICS-U15,0.4,0.40-0.44,PASSED,ncert-book-class-12-physics-part-1-chapter-8.pdf
02774aef-9dda-4db1-9477-734a5ba93abb,Chemistry,BIOLOGY,BIOLOGY-U05,0.4,0.40-0.44,PASSED,ncert-books-class-11-biology-chapter-14.pdf
da88b14e-7eb0-45e9-99df-90741578cf69,Botany,CORE_BIOLOGY,XII-BIO-13,0.4,0.40-0.44,PASSED,ncert-books-class-12-biology-chapter-13.pdf
671feae2-add6-46c6-82b2-e29b8046d0e2,Botany,CORE_BIOLOGY,XII-BIO-10,0.4,0.40-0.44,PASSED,ncert-books-class-12-biology-chapter-10.pdf
83fd7166-8116-4938-bba9-15cd57d0c3b6,Botany,CHEMISTRY,CHEMISTRY-U14,0.4,0.40-0.44,PASSED,ncert-books-class-11-chemistry-chapter-8.pdf
c16a947b-44f9-4ba6-b19d-9376c9d770d8,Botany,CHEMISTRY,CHEMISTRY-U08,0.4,0.40-0.44,PASSED,ncert-books-class-12-chemistry-chapter-3.pdf
bfadb7bb-9332-4a60-84bd-77af23d57b4e,Botany,PHYSICS,PHYSICS-U16,0.4,0.40-0.44,PASSED,leph202.pdf
75bfe045-cb6c-471a-8a27-820488349147,Zoology,CHEMISTRY,CHEMISTRY-U07,0.4,0.40-0.44,PASSED,ncert-books-class-12-chemistry-chapter-2.pdf
65c46101-6a67-44f3-b8d2-73dfca3ea5cb,Zoology,CHEMISTRY,CHEMISTRY-U15,0.4,0.40-0.44,PASSED,ncert-books-class-11-chemistry-chapter-9.pdf
fc8bdd00-9cdd-4d7c-b230-a35bcb5c762a,Zoology,PHYSICS,PHYSICS-U15,0.4,0.40-0.44,PASSED,ncert-book-class-12-physics-part-1-chapter-8.pdf
1ea45e59-b431-4be9-b8f9-0a23929bae15,Chemistry,BIOLOGY,BIOLOGY-U05,0.4,0.40-0.44,PASSED,ncert-books-class-11-biology-chapter-14.pdf
0af029e5-c1d1-4796-b17d-f2da3afc7efb,Chemistry,BIOLOGY,BIOLOGY-U03,0.4,0.40-0.44,PASSED,ncert-books-class-11-biology-chapter-9.pdf
eb368e74-7ea3-4905-8005-a16f1554c8b2,Botany,CHEMISTRY,CHEMISTRY-U14,0.4,0.40-0.44,PASSED,ncert-books-class-11-chemistry-chapter-8.pdf
f6e4d5c6-d4e7-444c-af9e-27a4e9509c69,Botany,CHEMISTRY,CHEMISTRY-U08,0.4,0.40-0.44,PASSED,ncert-books-class-12-chemistry-chapter-3.pdf
9256c924-a855-4374-96ba-eb01c8b189b4,Botany,CORE_BIOLOGY,XII-BIO-10,0.4,0.40-0.44,PASSED,ncert-books-class-12-biology-chapter-10.pdf
55a430da-4ef6-4ba8-8d10-392c8493dadd,Botany,CORE_BIOLOGY,XII-BIO-13,0.4,0.40-0.44,PASSED,ncert-books-class-12-biology-chapter-13.pdf
fa34fc63-87b7-4a69-8709-e8af2c1b7cbd,Botany,PHYSICS,PHYSICS-U16,0.4,0.40-0.44,PASSED,leph202.pdf
86e35278-61e3-4a92-b250-6194eb0ffe17,Zoology,CHEMISTRY,CHEMISTRY-U07,0.4,0.40-0.44,PASSED,ncert-books-class-12-chemistry-chapter-2.pdf
1bf3d119-7758-4646-ad7e-d3e6349fdaf4,Zoology,CHEMISTRY,CHEMISTRY-U15,0.4,0.40-0.44,PASSED,ncert-books-class-11-chemistry-chapter-9.pdf
7de4b8e7-b1e4-4ddb-8020-21ab72e1cfee,Zoology,PHYSICS,PHYSICS-U15,0.4,0.40-0.44,PASSED,ncert-book-class-12-physics-part-1-chapter-8.pdf
b892744a-92ca-4afa-b3db-9f31783d9928,Chemistry,BIOLOGY,BIOLOGY-U03,0.4,0.40-0.44,PASSED,ncert-books-class-11-biology-chapter-9.pdf
b46188e9-ff9d-42f0-90da-52ea75290d4b,Chemistry,BIOLOGY,BIOLOGY-U05,0.4,0.40-0.44,PASSED,ncert-books-class-11-biology-chapter-14.pdf
ba638bc9-48e1-42ea-a080-e7f9c29e264c,Botany,CORE_BIOLOGY,XII-BIO-10,0.4,0.40-0.44,PASSED,ncert-books-class-12-biology-chapter-10.pdf
f50a502a-6589-429b-b673-c0603a55c1d2,Botany,CHEMISTRY,CHEMISTRY-U08,0.4,0.40-0.44,PASSED,ncert-books-class-12-chemistry-chapter-3.pdf
10ae30ef-96f0-4d12-99d4-8875141d2464,Botany,CORE_BIOLOGY,XII-BIO-13,0.4,0.40-0.44,PASSED,ncert-books-class-12-biology-chapter-13.pdf
fc828943-2dca-4868-9548-cfc8bae33112,Botany,CHEMISTRY,CHEMISTRY-U14,0.4,0.40-0.44,PASSED,ncert-books-class-11-chemistry-chapter-8.pdf
d7257424-dd42-43bc-acc3-c489d2b360c8,Botany,PHYSICS,PHYSICS-U16,0.4,0.40-0.44,PASSED,leph202.pdf
38b72960-bd3a-4aa9-82bf-5ccaaa46d227,Zoology,CHEMISTRY,CHEMISTRY-U07,0.4,0.40-0.44,PASSED,ncert-books-class-12-chemistry-chapter-2.pdf
9f0b3104-ba04-464d-9032-759194e60def,Zoology,CHEMISTRY,CHEMISTRY-U15,0.4,0.40-0.44,PASSED,ncert-books-class-11-chemistry-chapter-9.pdf
c9087327-118e-4024-9c70-4736cdfef518,Zoology,PHYSICS,PHYSICS-U15,0.4,0.40-0.44,PASSED,ncert-book-class-12-physics-part-1-chapter-8.pdf
24f99f4e-28c6-4804-aa67-86b732503ab6,Chemistry,BIOLOGY,BIOLOGY-U03,0.4,0.40-0.44,PASSED,ncert-books-class-11-biology-chapter-9.pdf
770f5233-a01e-4350-acca-f13abf4dc3d0,Chemistry,BIOLOGY,BIOLOGY-U05,0.4,0.40-0.44,PASSED,ncert-books-class-11-biology-chapter-14.pdf
58e9b8e7-5514-4061-ae5b-5805e8a75cec,Botany,CORE_BIOLOGY,XII-BIO-13,0.4,0.40-0.44,PASSED,ncert-books-class-12-biology-chapter-13.pdf
2fbb27a6-f832-4bab-acf3-0354108c5c1e,Botany,CORE_BIOLOGY,XII-BIO-10,0.4,0.40-0.44,PASSED,ncert-books-class-12-biology-chapter-10.pdf
805f4c3a-1dd3-4bc5-bd81-8ef1d114c1e5,Botany,CHEMISTRY,CHEMISTRY-U08,0.4,0.40-0.44,PASSED,ncert-books-class-12-chemistry-chapter-3.pdf
c5bbfc78-ecc3-40d1-9f8a-ecd14dc2159b,Botany,CHEMISTRY,CHEMISTRY-U14,0.4,0.40-0.44,PASSED,ncert-books-class-11-chemistry-chapter-8.pdf
52326ba5-0672-4b97-afbc-8ecdc9e7c051,Botany,PHYSICS,PHYSICS-U16,0.4,0.40-0.44,PASSED,leph202.pdf
e2334e1d-b8cf-4f83-b5fd-c6c11329e1b1,Zoology,CHEMISTRY,CHEMISTRY-U15,0.4,0.40-0.44,PASSED,ncert-books-class-11-chemistry-chapter-9.pdf
79cd56e9-f444-4e04-9a34-e1e1392489c5,Zoology,PHYSICS,PHYSICS-U15,0.4,0.40-0.44,PASSED,ncert-book-class-12-physics-part-1-chapter-8.pdf
3dcf3abc-efa4-40d7-b031-e87e067d81cc,Chemistry,BIOLOGY,BIOLOGY-U03,0.4,0.40-0.44,PASSED,ncert-books-class-11-biology-chapter-9.pdf
43ba06b6-2d4c-45ad-96c3-e7e27d0e85db,Chemistry,BIOLOGY,BIOLOGY-U05,0.4,0.40-0.44,PASSED,ncert-books-class-11-biology-chapter-14.pdf
dedab93e-6bf0-478f-9cbc-77aef1de9ad0,Botany,CORE_BIOLOGY,XII-BIO-13,0.4,0.40-0.44,PASSED,ncert-books-class-12-biology-chapter-13.pdf
997260be-5e9d-42ac-9c66-ce113f518ed9,Botany,CHEMISTRY,CHEMISTRY-U08,0.4,0.40-0.44,PASSED,ncert-books-class-12-chemistry-chapter-3.pdf
4e204466-405f-4573-9fc4-a87b718a8346,Botany,CHEMISTRY,CHEMISTRY-U14,0.4,0.40-0.44,PASSED,ncert-books-class-11-chemistry-chapter-8.pdf
2d1e6d20-2a8f-46b3-9390-32032efe02f1,Botany,CORE_BIOLOGY,XII-BIO-10,0.4,0.40-0.44,PASSED,ncert-books-class-12-biology-chapter-10.pdf
4ef36c9b-34fa-46e1-8380-1de1e2ca11c7,Botany,PHYSICS,PHYSICS-U16,0.4,0.40-0.44,PASSED,leph202.pdf
e8664f60-8b1a-4830-a4d9-572c84f424a3,Zoology,CHEMISTRY,CHEMISTRY-U15,0.4,0.40-0.44,PASSED,ncert-books-class-11-chemistry-chapter-9.pdf
18a817ce-03eb-49b8-984b-54e6ad9b8c35,Zoology,CHEMISTRY,CHEMISTRY-U07,0.4,0.40-0.44,PASSED,ncert-books-class-12-chemistry-chapter-2.pdf
9556c026-62aa-4fa1-beab-618366f55e9c,Zoology,PHYSICS,PHYSICS-U15,0.4,0.40-0.44,PASSED,ncert-book-class-12-physics-part-1-chapter-8.pdf
972839cd-4044-4bc3-b5ef-e6765463a4ba,Chemistry,BIOLOGY,BIOLOGY-U05,0.4,0.40-0.44,PASSED,ncert-books-class-11-biology-chapter-14.pdf
8ae1a265-2b96-4caa-9862-4a5a21ff8b37,Chemistry,BIOLOGY,BIOLOGY-U03,0.4,0.40-0.44,PASSED,ncert-books-class-11-biology-chapter-9.pdf
2ac4b658-d3b9-4624-a8b7-d9d114d16cd5,Botany,CORE_BIOLOGY,XII-BIO-10,0.4,0.40-0.44,PASSED,ncert-books-class-12-biology-chapter-10.pdf
6aa7997f-2d6a-4955-a549-54c15900c999,Botany,CHEMISTRY,CHEMISTRY-U08,0.4,0.40-0.44,PASSED,ncert-books-class-12-chemistry-chapter-3.pdf
a3816718-9d12-4dfe-ac84-b9c0e827ec3f,Botany,CHEMISTRY,CHEMISTRY-U14,0.4,0.40-0.44,PASSED,ncert-books-class-11-chemistry-chapter-8.pdf
a2f410d3-237d-426e-9451-c02a541df29c,Botany,CORE_BIOLOGY,XII-BIO-13,0.4,0.40-0.44,PASSED,ncert-books-class-12-biology-chapter-13.pdf
90ec9103-965d-4ffe-b3ac-1fc7b266fb13,Botany,PHYSICS,PHYSICS-U16,0.4,0.40-0.44,PASSED,leph202.pdf
4553375e-51fc-4182-8ad5-3ffbe72e7395,Zoology,CHEMISTRY,CHEMISTRY-U15,0.4,0.40-0.44,PASSED,ncert-books-class-11-chemistry-chapter-9.pdf
81fa452b-f352-45ab-b4b9-66eccd7b94f8,Zoology,CHEMISTRY,CHEMISTRY-U07,0.4,0.40-0.44,PASSED,ncert-books-class-12-chemistry-chapter-2.pdf
18b72d12-afb1-4089-81b2-c16f923256a0,Zoology,PHYSICS,PHYSICS-U15,0.4,0.40-0.44,PASSED,ncert-book-class-12-physics-part-1-chapter-8.pdf
94561f66-c833-41d1-867a-71b3f69d4c01,Chemistry,BIOLOGY,BIOLOGY-U03,0.4,0.40-0.44,PASSED,ncert-books-class-11-biology-chapter-9.pdf
c7063d55-6166-46b9-ae07-0f52496dff01,Chemistry,BIOLOGY,BIOLOGY-U05,0.4,0.40-0.44,PASSED,ncert-books-class-11-biology-chapter-14.pdf
fde5d331-a8e7-4f4e-9550-06afe129f673,Botany,CORE_BIOLOGY,XII-BIO-13,0.4,0.40-0.44,PASSED,ncert-books-class-12-biology-chapter-13.pdf
6af77912-d9d5-4715-84fa-3fb04471e00d,Botany,CHEMISTRY,CHEMISTRY-U08,0.4,0.40-0.44,PASSED,ncert-books-class-12-chemistry-chapter-3.pdf
c7a433d7-ce45-4361-b896-c2937fd492dc,Botany,CORE_BIOLOGY,XII-BIO-10,0.4,0.40-0.44,PASSED,ncert-books-class-12-biology-chapter-10.pdf
0e15f6c1-9bf4-4734-878e-06703d238427,Botany,CHEMISTRY,CHEMISTRY-U14,0.4,0.40-0.44,PASSED,ncert-books-class-11-chemistry-chapter-8.pdf
ccf74ff5-9c72-46ec-8cdf-6ac0e045ed16,Botany,PHYSICS,PHYSICS-U16,0.4,0.40-0.44,PASSED,leph202.pdf
4ce6dfbc-57f0-45fd-835e-5dd9ffb7efc0,Zoology,CHEMISTRY,CHEMISTRY-U15,0.4,0.40-0.44,PASSED,ncert-books-class-11-chemistry-chapter-9.pdf
95d1b2ea-e934-4d5d-87d1-492581b32b10,Zoology,CHEMISTRY,CHEMISTRY-U07,0.4,0.40-0.44,PASSED,ncert-books-class-12-chemistry-chapter-2.pdf
748962eb-ad24-457a-be75-b63d5f829ea8,Zoology,PHYSICS,PHYSICS-U15,0.4,0.40-0.44,PASSED,ncert-book-class-12-physics-part-1-chapter-8.pdf
a96a0386-0af2-4829-addf-5beb3b0ca2f2,Chemistry,BIOLOGY,BIOLOGY-U05,0.4,0.40-0.44,PASSED,ncert-books-class-11-biology-chapter-14.pdf
a5a18dd4-abbd-4e2a-8c79-46a588ccc20d,Chemistry,BIOLOGY,BIOLOGY-U03,0.4,0.40-0.44,PASSED,ncert-books-class-11-biology-chapter-9.pdf
bf9f6919-d813-4d50-8cb1-c6f48c46c727,Botany,CORE_BIOLOGY,XII-BIO-10,0.4,0.40-0.44,PASSED,ncert-books-class-12-biology-chapter-10.pdf
2404b345-d50a-4b0f-8adf-add59736d1bc,Botany,CHEMISTRY,CHEMISTRY-U08,0.4,0.40-0.44,PASSED,ncert-books-class-12-chemistry-chapter-3.pdf
f85df071-e48d-4ff7-abe0-2ed695ea08e3,Botany,CORE_BIOLOGY,XII-BIO-13,0.4,0.40-0.44,PASSED,ncert-books-class-12-biology-chapter-13.pdf
234127bd-29dd-4586-a438-71df5f8c8d8f,Botany,CHEMISTRY,CHEMISTRY-U14,0.4,0.40-0.44,PASSED,ncert-books-class-11-chemistry-chapter-8.pdf
a47f0239-35e6-4378-bc00-7dde3585e70d,Botany,PHYSICS,PHYSICS-U16,0.4,0.40-0.44,PASSED,leph202.pdf
b49bb884-5250-47c2-9e79-61adf763ba93,Zoology,CHEMISTRY,CHEMISTRY-U07,0.4,0.40-0.44,PASSED,ncert-books-class-12-chemistry-chapter-2.pdf
414135dc-9bb3-4039-b05d-147244c7208d,Zoology,CHEMISTRY,CHEMISTRY-U15,0.4,0.40-0.44,PASSED,ncert-books-class-11-chemistry-chapter-9.pdf
d2335b36-d00c-4b32-9d05-1700b9382f3c,Zoology,PHYSICS,PHYSICS-U15,0.4,0.40-0.44,PASSED,ncert-book-class-12-physics-part-1-chapter-8.pdf
457377dc-074a-4a6e-a245-cadd3abccd90,Chemistry,BIOLOGY,BIOLOGY-U05,0.4,0.40-0.44,PASSED,ncert-books-class-11-biology-chapter-14.pdf
5644de1b-a184-45db-8935-70da5f0556a0,Chemistry,BIOLOGY,BIOLOGY-U03,0.4,0.40-0.44,PASSED,ncert-books-class-11-biology-chapter-9.pdf
9ddd70e1-80ce-457f-a18f-881031da1f62,Botany,CHEMISTRY,CHEMISTRY-U08,0.4,0.40-0.44,PASSED,ncert-books-class-12-chemistry-chapter-3.pdf
188800aa-7d1c-40c5-a2ca-86f890d01c95,Botany,CORE_BIOLOGY,XII-BIO-13,0.4,0.40-0.44,PASSED,ncert-books-class-12-biology-chapter-13.pdf
1e58fc1d-f45b-4e90-bcc7-9582735a6185,Botany,CORE_BIOLOGY,XII-BIO-10,0.4,0.40-0.44,PASSED,ncert-books-class-12-biology-chapter-10.pdf
8a443a97-da26-4538-ac03-1e39ade05331,Botany,CHEMISTRY,CHEMISTRY-U14,0.4,0.40-0.44,PASSED,ncert-books-class-11-chemistry-chapter-8.pdf
9b6aa419-cdc8-4b5d-a17b-55ddc868a155,Botany,PHYSICS,PHYSICS-U16,0.4,0.40-0.44,PASSED,leph202.pdf
d88a7872-4794-4992-b099-31627aa3a15f,Zoology,CHEMISTRY,CHEMISTRY-U15,0.4,0.40-0.44,PASSED,ncert-books-class-11-chemistry-chapter-9.pdf
6ed6477a-4b1f-4a6c-bc33-03eb1e8596ea,Zoology,CHEMISTRY,CHEMISTRY-U07,0.4,0.40-0.44,PASSED,ncert-books-class-12-chemistry-chapter-2.pdf
abbe6ed4-0543-4513-97b5-cca20a83cb80,Zoology,PHYSICS,PHYSICS-U15,0.4,0.40-0.44,PASSED,ncert-book-class-12-physics-part-1-chapter-8.pdf
5b73d1e7-57c9-4674-8380-1257d861db09,Chemistry,BIOLOGY,BIOLOGY-U05,0.4,0.40-0.44,PASSED,ncert-books-class-11-biology-chapter-14.pdf
79a9bd50-1163-42de-b497-5860f99ae419,Chemistry,BIOLOGY,BIOLOGY-U03,0.4,0.40-0.44,PASSED,ncert-books-class-11-biology-chapter-9.pdf
eb87511e-ab01-4879-a69e-41e7860c4624,Botany,CORE_BIOLOGY,XII-BIO-10,0.4,0.40-0.44,PASSED,ncert-books-class-12-biology-chapter-10.pdf
f30a33dd-9a0b-4ee7-b532-c88474edefaf,Botany,CHEMISTRY,CHEMISTRY-U08,0.4,0.40-0.44,PASSED,ncert-books-class-12-chemistry-chapter-3.pdf
2ce70fb0-6344-4a43-b3c6-ddb872b9313e,Botany,CORE_BIOLOGY,XII-BIO-13,0.4,0.40-0.44,PASSED,ncert-books-class-12-biology-chapter-13.pdf
d780f971-c311-453e-ac9d-ad63b520803e,Botany,CHEMISTRY,CHEMISTRY-U14,0.4,0.40-0.44,PASSED,ncert-books-class-11-chemistry-chapter-8.pdf
bdf5f764-9e0f-4c8d-94cc-456a2fce176b,Botany,PHYSICS,PHYSICS-U16,0.4,0.40-0.44,PASSED,leph202.pdf
8a1da796-b817-4ee8-a0a4-c2480230bbb2,Zoology,CHEMISTRY,CHEMISTRY-U07,0.4,0.40-0.44,PASSED,ncert-books-class-12-chemistry-chapter-2.pdf
2e154716-2ea7-4fc7-95d7-3065a85c3f7d,Zoology,CHEMISTRY,CHEMISTRY-U15,0.4,0.40-0.44,PASSED,ncert-books-class-11-chemistry-chapter-9.pdf
7674695a-c55e-4afa-a535-2dd878bc523f,Zoology,PHYSICS,PHYSICS-U15,0.4,0.40-0.44,PASSED,ncert-book-class-12-physics-part-1-chapter-8.pdf
8c84f69f-e5c0-47c6-a0b6-f4f53b2338b5,Chemistry,BIOLOGY,BIOLOGY-U05,0.4,0.40-0.44,PASSED,ncert-books-class-11-biology-chapter-14.pdf
0cbb2889-9dcb-48d1-a813-a2cea4b2f2c3,Botany,CHEMISTRY,CHEMISTRY-U08,0.4,0.40-0.44,PASSED,ncert-books-class-12-chemistry-chapter-3.pdf
f14751d4-9679-443f-8518-f1a659e22298,Chemistry,BIOLOGY,BIOLOGY-U03,0.4,0.40-0.44,PASSED,ncert-books-class-11-biology-chapter-9.pdf
0b982efc-e14f-4871-87da-fbd201cd435a,Botany,CORE_BIOLOGY,XII-BIO-13,0.4,0.40-0.44,PASSED,ncert-books-class-12-biology-chapter-13.pdf
4e5c5673-3183-4adc-a183-13ef7bf304b8,Botany,CORE_BIOLOGY,XII-BIO-10,0.4,0.40-0.44,PASSED,ncert-books-class-12-biology-chapter-10.pdf
02929687-37d0-4efc-a4bd-2b5cb6f7c36c,Botany,CHEMISTRY,CHEMISTRY-U14,0.4,0.40-0.44,PASSED,ncert-books-class-11-chemistry-chapter-8.pdf
2f0d1d8a-6b0a-441b-a349-8ec147432bb1,Botany,PHYSICS,PHYSICS-U16,0.4,0.40-0.44,PASSED,leph202.pdf
38a37a97-f3a3-45e9-8e4f-a13a5ffa87fc,Zoology,CHEMISTRY,CHEMISTRY-U15,0.4,0.40-0.44,PASSED,ncert-books-class-11-chemistry-chapter-9.pdf
d2236b49-1c83-427c-a9d2-3ebf984651dc,Zoology,CHEMISTRY,CHEMISTRY-U07,0.4,0.40-0.44,PASSED,ncert-books-class-12-chemistry-chapter-2.pdf
7dc22619-afcd-48d5-891f-25897704905a,Zoology,PHYSICS,PHYSICS-U15,0.4,0.40-0.44,PASSED,ncert-book-class-12-physics-part-1-chapter-8.pdf
a07fc2e0-cade-467d-9614-13fa229d5d61,Chemistry,BIOLOGY,BIOLOGY-U05,0.4,0.40-0.44,PASSED,ncert-books-class-11-biology-chapter-14.pdf
ae9be357-05a9-4242-ab7e-d51a93edefe7,Chemistry,BIOLOGY,BIOLOGY-U03,0.4,0.40-0.44,PASSED,ncert-books-class-11-biology-chapter-9.pdf
0b2f80f7-05b3-4593-9bea-f88ac1947646,Botany,CHEMISTRY,CHEMISTRY-U08,0.4,0.40-0.44,PASSED,ncert-books-class-12-chemistry-chapter-3.pdf
9c90408a-8456-4a8a-95ff-427342f8c7ce,Botany,CORE_BIOLOGY,XII-BIO-13,0.4,0.40-0.44,PASSED,ncert-books-class-12-biology-chapter-13.pdf
5262781c-00f9-4c59-bd99-100109b69b18,Botany,CHEMISTRY,CHEMISTRY-U14,0.4,0.40-0.44,PASSED,ncert-books-class-11-chemistry-chapter-8.pdf
3232f1a6-1741-4935-addc-5c12aa9546bf,Botany,CORE_BIOLOGY,XII-BIO-10,0.4,0.40-0.44,PASSED,ncert-books-class-12-biology-chapter-10.pdf
5ef53017-b343-459b-9d8f-43e12ef6fee4,Botany,PHYSICS,PHYSICS-U16,0.4,0.40-0.44,PASSED,leph202.pdf
4bc65c25-4633-42c7-9af8-de45340f6b2c,Zoology,CHEMISTRY,CHEMISTRY-U07,0.4,0.40-0.44,PASSED,ncert-books-class-12-chemistry-chapter-2.pdf
02fd7f54-1bd1-4732-bdcc-63ca925431ca,Zoology,CHEMISTRY,CHEMISTRY-U15,0.4,0.40-0.44,PASSED,ncert-books-class-11-chemistry-chapter-9.pdf
83672205-eefd-415d-af0f-8d6bbfa01593,Zoology,PHYSICS,PHYSICS-U15,0.4,0.40-0.44,PASSED,ncert-book-class-12-physics-part-1-chapter-8.pdf
69db7e23-b211-49fb-8552-d29c7c5b45eb,Chemistry,BIOLOGY,BIOLOGY-U05,0.4,0.40-0.44,PASSED,ncert-books-class-11-biology-chapter-14.pdf
519b081c-090b-41d3-82ea-e1ffe31388dd,Chemistry,BIOLOGY,BIOLOGY-U03,0.4,0.40-0.44,PASSED,ncert-books-class-11-biology-chapter-9.pdf
514e45f9-1f93-4139-b9f1-6896ccce7acd,Botany,CHEMISTRY,CHEMISTRY-U08,0.4,0.40-0.44,PASSED,ncert-books-class-12-chemistry-chapter-3.pdf
fe9f8775-4501-4437-bf7c-04d75d58cbc9,Botany,CHEMISTRY,CHEMISTRY-U14,0.4,0.40-0.44,PASSED,ncert-books-class-11-chemistry-chapter-8.pdf
ab41edd7-b4da-450e-9472-ae4830709ee3,Botany,CORE_BIOLOGY,XII-BIO-13,0.4,0.40-0.44,PASSED,ncert-books-class-12-biology-chapter-13.pdf
97a1e4c5-fc19-4058-b7c0-d39afab9a895,Botany,CORE_BIOLOGY,XII-BIO-10,0.4,0.40-0.44,PASSED,ncert-books-class-12-biology-chapter-10.pdf
d7a1312a-8845-4e41-b56c-f1a0a0facd30,Botany,PHYSICS,PHYSICS-U16,0.4,0.40-0.44,PASSED,leph202.pdf
cab527f0-b1cd-4497-a998-03f9a4aa6f87,Zoology,CHEMISTRY,CHEMISTRY-U07,0.4,0.40-0.44,PASSED,ncert-books-class-12-chemistry-chapter-2.pdf
dd452dbb-89fa-48d8-9e7d-981f51565230,Zoology,CHEMISTRY,CHEMISTRY-U15,0.4,0.40-0.44,PASSED,ncert-books-class-11-chemistry-chapter-9.pdf
90840cd7-02bd-4056-afd4-5a259a9b2a7c,Zoology,PHYSICS,PHYSICS-U15,0.4,0.40-0.44,PASSED,ncert-book-class-12-physics-part-1-chapter-8.pdf
cb960352-68e5-4b91-bf12-52b12184ad67,Chemistry,BIOLOGY,BIOLOGY-U03,0.4,0.40-0.44,PASSED,ncert-books-class-11-biology-chapter-9.pdf
2195ab0d-56d4-4ff6-bc4d-e7bf598f8d55,Chemistry,BIOLOGY,BIOLOGY-U05,0.4,0.40-0.44,PASSED,ncert-books-class-11-biology-chapter-14.pdf
bef6f0b5-dd1c-49fb-8316-fd61850b8b91,Botany,CHEMISTRY,CHEMISTRY-U08,0.4,0.40-0.44,PASSED,ncert-books-class-12-chemistry-chapter-3.pdf
8811a4f2-034a-4357-9888-e3cdf201b592,Botany,CORE_BIOLOGY,XII-BIO-13,0.4,0.40-0.44,PASSED,ncert-books-class-12-biology-chapter-13.pdf
cae01c0e-1aa5-4dd2-a93f-04794731b9eb,Botany,CORE_BIOLOGY,XII-BIO-10,0.4,0.40-0.44,PASSED,ncert-books-class-12-biology-chapter-10.pdf
e1db3aee-9fd5-4c63-a1e7-b87c2799780f,Botany,CHEMISTRY,CHEMISTRY-U14,0.4,0.40-0.44,PASSED,ncert-books-class-11-chemistry-chapter-8.pdf
b4dd06cb-ecc9-400f-97e5-468cc3734ef3,Botany,PHYSICS,PHYSICS-U16,0.4,0.40-0.44,PASSED,leph202.pdf
381f181d-16c0-416d-b076-92e3f38e7740,Zoology,CHEMISTRY,CHEMISTRY-U15,0.4,0.40-0.44,PASSED,ncert-books-class-11-chemistry-chapter-9.pdf
706ef394-8274-4088-834c-6fb012e8189f,Zoology,CHEMISTRY,CHEMISTRY-U07,0.4,0.40-0.44,PASSED,ncert-books-class-12-chemistry-chapter-2.pdf
2518fc13-178f-48a6-8ac3-610ab1c32cc1,Zoology,PHYSICS,PHYSICS-U15,0.4,0.40-0.44,PASSED,ncert-book-class-12-physics-part-1-chapter-8.pdf
824da40c-c463-4365-92a2-7a120b273d6f,Chemistry,BIOLOGY,BIOLOGY-U05,0.4,0.40-0.44,PASSED,ncert-books-class-11-biology-chapter-14.pdf
96e6ac76-50c8-43b7-8f4f-7f9e05b780c7,Chemistry,BIOLOGY,BIOLOGY-U03,0.4,0.40-0.44,PASSED,ncert-books-class-11-biology-chapter-9.pdf
6b77014d-a667-4c62-8d9f-aa37921f12df,Botany,CORE_BIOLOGY,XII-BIO-10,0.4,0.40-0.44,PASSED,ncert-books-class-12-biology-chapter-10.pdf
e35364c6-5698-4eea-a155-7ea4e8ddaf76,Botany,CORE_BIOLOGY,XII-BIO-13,0.4,0.40-0.44,PASSED,ncert-books-class-12-biology-chapter-13.pdf
e070fcbf-ab1a-461e-afa7-025c839d8cd4,Botany,CHEMISTRY,CHEMISTRY-U08,0.4,0.40-0.44,PASSED,ncert-books-class-12-chemistry-chapter-3.pdf
01905e91-5a0a-4438-832c-36fb4aafa726,Botany,CHEMISTRY,CHEMISTRY-U14,0.4,0.40-0.44,PASSED,ncert-books-class-11-chemistry-chapter-8.pdf
8fa98f26-05fc-4e58-8d98-a039950824e5,Botany,PHYSICS,PHYSICS-U16,0.4,0.40-0.44,PASSED,leph202.pdf
b8ef664f-288d-47f6-847d-9afd5a2170b9,Zoology,CHEMISTRY,CHEMISTRY-U07,0.4,0.40-0.44,PASSED,ncert-books-class-12-chemistry-chapter-2.pdf
9ebfee7e-1139-4655-bd3e-66a6655dc58d,Zoology,CHEMISTRY,CHEMISTRY-U15,0.4,0.40-0.44,PASSED,ncert-books-class-11-chemistry-chapter-9.pdf
9119d3d7-5569-4d1f-9539-82e619593014,Zoology,PHYSICS,PHYSICS-U15,0.4,0.40-0.44,PASSED,ncert-book-class-12-physics-part-1-chapter-8.pdf
2e575dd5-8616-4e84-be85-2a192d774369,Chemistry,BIOLOGY,BIOLOGY-U03,0.4,0.40-0.44,PASSED,ncert-books-class-11-biology-chapter-9.pdf
f400f277-c07a-4f3b-ac64-be4676362b8c,Chemistry,BIOLOGY,BIOLOGY-U05,0.4,0.40-0.44,PASSED,ncert-books-class-11-biology-chapter-14.pdf
543e4d95-258b-4727-a69f-64a6428cc026,Botany,CORE_BIOLOGY,XII-BIO-13,0.4,0.40-0.44,PASSED,ncert-books-class-12-biology-chapter-13.pdf
3753343e-9847-45c4-b3d4-c1cb731ebb7d,Botany,CHEMISTRY,CHEMISTRY-U14,0.4,0.40-0.44,PASSED,ncert-books-class-11-chemistry-chapter-8.pdf
79bb250f-42d7-4db1-8e18-ff08f2f9d500,Botany,CHEMISTRY,CHEMISTRY-U08,0.4,0.40-0.44,PASSED,ncert-books-class-12-chemistry-chapter-3.pdf
fe503bab-6634-4f62-9c87-41b94bd3aaa8,Botany,CORE_BIOLOGY,XII-BIO-10,0.4,0.40-0.44,PASSED,ncert-books-class-12-biology-chapter-10.pdf
76e40ac8-6fe1-4344-ac42-c862c5940a00,Botany,PHYSICS,PHYSICS-U16,0.4,0.40-0.44,PASSED,leph202.pdf
f405cf92-dbc8-4df8-a69d-8bdb788b83ea,Zoology,CHEMISTRY,CHEMISTRY-U15,0.4,0.40-0.44,PASSED,ncert-books-class-11-chemistry-chapter-9.pdf
5fa452ca-37d4-4a20-a8fb-ea807c3a43fd,Zoology,CHEMISTRY,CHEMISTRY-U07,0.4,0.40-0.44,PASSED,ncert-books-class-12-chemistry-chapter-2.pdf
e813981c-f13f-4f0f-94e9-9944995bb04a,Zoology,PHYSICS,PHYSICS-U15,0.4,0.40-0.44,PASSED,ncert-book-class-12-physics-part-1-chapter-8.pdf
a2f17a6f-b4de-4bb3-9035-008429467a74,Chemistry,BIOLOGY,BIOLOGY-U05,0.4,0.40-0.44,PASSED,ncert-books-class-11-biology-chapter-14.pdf
0ecf5136-3482-41aa-b0d4-a9ffdc5f64ef,Chemistry,BIOLOGY,BIOLOGY-U03,0.4,0.40-0.44,PASSED,ncert-books-class-11-biology-chapter-9.pdf
d3cee452-f32c-4536-8e9d-c9eb420a6492,Botany,CHEMISTRY,CHEMISTRY-U14,0.4,0.40-0.44,PASSED,ncert-books-class-11-chemistry-chapter-8.pdf
ad147b68-b196-462e-83e8-fd1c5cde136e,Botany,CORE_BIOLOGY,XII-BIO-13,0.4,0.40-0.44,PASSED,ncert-books-class-12-biology-chapter-13.pdf
ac88154a-30a9-4d90-9b27-87369618a382,Botany,CORE_BIOLOGY,XII-BIO-10,0.4,0.40-0.44,PASSED,ncert-books-class-12-biology-chapter-10.pdf
9419c3a1-c122-4fe6-9217-77f627c1d900,Botany,CHEMISTRY,CHEMISTRY-U08,0.4,0.40-0.44,PASSED,ncert-books-class-12-chemistry-chapter-3.pdf
b64da8d8-10dd-4578-a51a-1a76c781635e,Botany,PHYSICS,PHYSICS-U16,0.4,0.40-0.44,PASSED,leph202.pdf
bb4d98e2-ae65-4b71-9379-48f5d4207983,Zoology,CHEMISTRY,CHEMISTRY-U07,0.4,0.40-0.44,PASSED,ncert-books-class-12-chemistry-chapter-2.pdf
69564dfb-e823-437a-b1c0-e561d65b6765,Zoology,CHEMISTRY,CHEMISTRY-U15,0.4,0.40-0.44,PASSED,ncert-books-class-11-chemistry-chapter-9.pdf
192bac41-32eb-4711-a1e0-875789b7fcc9,Chemistry,BIOLOGY,BIOLOGY-U03,0.3846,0.35-0.39,PASSED,ncert-books-class-11-biology-chapter-9.pdf
63ae9a0d-8b75-4a21-b2a6-0d88a6694b72,Chemistry,BIOLOGY,BIOLOGY-U03,0.3846,0.35-0.39,PASSED,ncert-books-class-11-biology-chapter-9.pdf
57334cd3-6943-420a-9f12-4693640bb33f,Chemistry,BIOLOGY,BIOLOGY-U03,0.3846,0.35-0.39,PASSED,ncert-books-class-11-biology-chapter-9.pdf
a9c0e25d-8736-4a85-839f-f8d02dd8617b,Chemistry,BIOLOGY,BIOLOGY-U03,0.3846,0.35-0.39,PASSED,ncert-books-class-11-biology-chapter-9.pdf
950ca9a6-dee7-4bbd-a77f-86c4c0fd793d,Chemistry,BIOLOGY,BIOLOGY-U03,0.3846,0.35-0.39,PASSED,ncert-books-class-11-biology-chapter-9.pdf
5e198aba-24f8-4583-9148-6685daf01e15,Chemistry,BIOLOGY,BIOLOGY-U03,0.3846,0.35-0.39,PASSED,ncert-books-class-11-biology-chapter-9.pdf
d8b5d7d3-5d09-4681-a52a-f96db5da0811,Chemistry,BIOLOGY,BIOLOGY-U03,0.3846,0.35-0.39,PASSED,ncert-books-class-11-biology-chapter-9.pdf
2da768da-0557-4a05-b3ee-eba7996d2d69,Chemistry,BIOLOGY,BIOLOGY-U03,0.3846,0.35-0.39,PASSED,ncert-books-class-11-biology-chapter-9.pdf
ea8859c5-3bae-40f5-8072-91c764e4ad35,Chemistry,BIOLOGY,BIOLOGY-U03,0.3846,0.35-0.39,PASSED,ncert-books-class-11-biology-chapter-9.pdf
e58aaa9c-5b1d-484d-8844-b6407ea169bf,Chemistry,BIOLOGY,BIOLOGY-U03,0.3846,0.35-0.39,PASSED,ncert-books-class-11-biology-chapter-9.pdf
13080ad7-f070-46a1-a289-e678c8577246,Chemistry,BIOLOGY,BIOLOGY-U03,0.3846,0.35-0.39,PASSED,ncert-books-class-11-biology-chapter-9.pdf
a0c5948d-91ab-4ab4-a5c4-53c5ce62a08f,Chemistry,BIOLOGY,BIOLOGY-U03,0.3846,0.35-0.39,PASSED,ncert-books-class-11-biology-chapter-9.pdf
dbe43475-ccf9-4d15-95fd-51cb6ca9d643,Chemistry,BIOLOGY,BIOLOGY-U03,0.3846,0.35-0.39,PASSED,ncert-books-class-11-biology-chapter-9.pdf
f466aee6-cbad-439b-9348-6137f346a943,Chemistry,BIOLOGY,BIOLOGY-U03,0.3846,0.35-0.39,PASSED,ncert-books-class-11-biology-chapter-9.pdf
aa7d461e-3261-48a0-a1db-96d8ee835efb,Chemistry,BIOLOGY,BIOLOGY-U03,0.3846,0.35-0.39,PASSED,ncert-books-class-11-biology-chapter-9.pdf
f7457485-5f83-4c83-8ed0-5f1688a7b03d,Chemistry,BIOLOGY,BIOLOGY-U03,0.3846,0.35-0.39,PASSED,ncert-books-class-11-biology-chapter-9.pdf
97322b92-43c9-4557-8a4d-653edc143903,Chemistry,BIOLOGY,BIOLOGY-U03,0.3846,0.35-0.39,PASSED,ncert-books-class-11-biology-chapter-9.pdf
c84664ac-4187-4819-9008-f197618dc317,Chemistry,BIOLOGY,BIOLOGY-U03,0.3846,0.35-0.39,PASSED,ncert-books-class-11-biology-chapter-9.pdf
e09238fb-8975-473c-a906-32b71d326686,Chemistry,BIOLOGY,BIOLOGY-U03,0.3846,0.35-0.39,PASSED,ncert-books-class-11-biology-chapter-9.pdf
c1580d14-a077-480b-8b79-e1fe1fa08f95,Chemistry,BIOLOGY,BIOLOGY-U03,0.3846,0.35-0.39,PASSED,ncert-books-class-11-biology-chapter-9.pdf
e8a73ab6-26e1-48f4-8eaa-c60ff6de48cc,Chemistry,BIOLOGY,BIOLOGY-U03,0.3846,0.35-0.39,PASSED,ncert-books-class-11-biology-chapter-9.pdf
8684c72f-9870-4984-8a55-5f47e38d5e8c,Chemistry,BIOLOGY,BIOLOGY-U03,0.3846,0.35-0.39,PASSED,ncert-books-class-11-biology-chapter-9.pdf
1f553765-67b1-4ff8-a236-f83a7708df28,Chemistry,BIOLOGY,BIOLOGY-U03,0.3846,0.35-0.39,PASSED,ncert-books-class-11-biology-chapter-9.pdf
9ffdcbe8-a97d-4a7d-ad72-bca208908f5a,Chemistry,BIOLOGY,BIOLOGY-U03,0.3846,0.35-0.39,PASSED,ncert-books-class-11-biology-chapter-9.pdf
42535014-fad3-4f60-944a-f894c546262c,Physics,CHEMISTRY,CHEMISTRY-U07,0.375,0.35-0.39,PASSED,ncert-books-class-12-chemistry-chapter-2.pdf
6cd87d11-cded-44eb-9040-00ab53cb0bb9,Botany,BIOLOGY,BIOLOGY-U03,0.375,0.35-0.39,PASSED,ncert-books-class-11-biology-chapter-10.pdf
239bdcea-ace4-4ce4-b26d-d94107816244,Zoology,BIOLOGY,BIOLOGY-U05,0.375,0.35-0.39,PASSED,ncert-books-class-11-biology-chapter-19.pdf
0267a7f7-b479-481d-9871-f5ac3e821b74,Physics,CHEMISTRY,CHEMISTRY-U07,0.375,0.35-0.39,PASSED,ncert-books-class-12-chemistry-chapter-2.pdf
3a75ca7e-443a-4eb6-a200-53612108dda0,Botany,BIOLOGY,BIOLOGY-U03,0.375,0.35-0.39,PASSED,ncert-books-class-11-biology-chapter-10.pdf
1149e8f9-3cc8-40ef-a6c6-9bba4c355f0a,Zoology,BIOLOGY,BIOLOGY-U03,0.375,0.35-0.39,PASSED,ncert-books-class-11-biology-chapter-10.pdf
0bc5d929-a37f-4e13-a192-ca25fc84126a,Zoology,BIOLOGY,BIOLOGY-U05,0.375,0.35-0.39,PASSED,ncert-books-class-11-biology-chapter-19.pdf
d13c7c37-81a4-415c-b2bb-bda8b83bb18f,Botany,BIOLOGY,BIOLOGY-U03,0.375,0.35-0.39,PASSED,ncert-books-class-11-biology-chapter-10.pdf
f0fff4f1-354a-49e8-9609-495f706d07a4,Zoology,BIOLOGY,BIOLOGY-U03,0.375,0.35-0.39,PASSED,ncert-books-class-11-biology-chapter-10.pdf
1449cbd3-e872-4551-a83b-4d52c8fabca4,Zoology,BIOLOGY,BIOLOGY-U05,0.375,0.35-0.39,PASSED,ncert-books-class-11-biology-chapter-19.pdf
dbdf208a-696f-4b69-bd2c-4d75599124c6,Physics,CHEMISTRY,CHEMISTRY-U07,0.375,0.35-0.39,PASSED,ncert-books-class-12-chemistry-chapter-2.pdf
49e6859a-479f-4f38-be26-f8065bcc9189,Botany,BIOLOGY,BIOLOGY-U03,0.375,0.35-0.39,PASSED,ncert-books-class-11-biology-chapter-10.pdf
ea521c70-f44b-4a93-8b8c-3ca83b4b9265,Zoology,BIOLOGY,BIOLOGY-U03,0.375,0.35-0.39,PASSED,ncert-books-class-11-biology-chapter-10.pdf
3e3599b4-63c3-43c7-be6a-aed092000e19,Zoology,BIOLOGY,BIOLOGY-U05,0.375,0.35-0.39,PASSED,ncert-books-class-11-biology-chapter-19.pdf
126732e7-b4b9-47ff-a518-1dc7ae396705,Zoology,BIOLOGY,BIOLOGY-U05,0.375,0.35-0.39,PASSED,ncert-books-class-11-biology-chapter-19.pdf
02bf8a6f-3f58-4358-943d-545692ea44aa,Physics,CHEMISTRY,CHEMISTRY-U07,0.375,0.35-0.39,PASSED,ncert-books-class-12-chemistry-chapter-2.pdf
eb794cf9-cca1-481a-87ea-eadf437e69d3,Zoology,BIOLOGY,BIOLOGY-U03,0.375,0.35-0.39,PASSED,ncert-books-class-11-biology-chapter-10.pdf
b1320fe2-8ac2-46c9-b283-ceffc1381b3f,Zoology,CORE_BIOLOGY,XII-BIO-05,0.375,0.35-0.39,PASSED,ncert-books-class-12-biology-chapter-5.pdf
7c014cdf-e1ac-421e-8b31-313c65977fcc,Zoology,BIOLOGY,BIOLOGY-U05,0.375,0.35-0.39,PASSED,ncert-books-class-11-biology-chapter-19.pdf
ab7c1bb5-f234-47da-9570-4ca7a840eaf2,Physics,CHEMISTRY,CHEMISTRY-U07,0.375,0.35-0.39,PASSED,ncert-books-class-12-chemistry-chapter-2.pdf
2779b637-ed6e-40b0-ae8e-50ef72552b4b,Zoology,BIOLOGY,BIOLOGY-U03,0.375,0.35-0.39,PASSED,ncert-books-class-11-biology-chapter-10.pdf
505d8966-4ad0-4cbf-9b91-cca45ab84249,Zoology,CORE_BIOLOGY,XII-BIO-05,0.375,0.35-0.39,PASSED,ncert-books-class-12-biology-chapter-5.pdf
6bca1256-e4fe-4070-ba10-d194b7dabfbe,Zoology,BIOLOGY,BIOLOGY-U05,0.375,0.35-0.39,PASSED,ncert-books-class-11-biology-chapter-19.pdf
df7fe70f-afa9-44a0-bdbd-1a63ea2dab2b,Physics,CHEMISTRY,CHEMISTRY-U07,0.375,0.35-0.39,PASSED,ncert-books-class-12-chemistry-chapter-2.pdf
f4969462-8c2b-4cc0-b440-974dfe52f455,Zoology,BIOLOGY,BIOLOGY-U05,0.375,0.35-0.39,PASSED,ncert-books-class-11-biology-chapter-19.pdf
e824ffb0-95e6-498c-8f1d-9f877446983b,Physics,CHEMISTRY,CHEMISTRY-U07,0.375,0.35-0.39,PASSED,ncert-books-class-12-chemistry-chapter-2.pdf
208c956b-6171-42b0-aa3c-bd6a29f7fc3c,Botany,BIOLOGY,BIOLOGY-U03,0.375,0.35-0.39,PASSED,ncert-books-class-11-biology-chapter-10.pdf
65314bef-585d-4fbe-8c8d-68722bc33a2e,Zoology,BIOLOGY,BIOLOGY-U03,0.375,0.35-0.39,PASSED,ncert-books-class-11-biology-chapter-10.pdf
f6359017-397e-417b-97d6-53c4bcebae11,Zoology,CORE_BIOLOGY,XII-BIO-05,0.375,0.35-0.39,PASSED,ncert-books-class-12-biology-chapter-5.pdf
865c1b2a-5bbd-4d4c-8223-fe87b8a4b237,Zoology,BIOLOGY,BIOLOGY-U05,0.375,0.35-0.39,PASSED,ncert-books-class-11-biology-chapter-19.pdf
7fafc7e3-eb17-4f1f-993e-6f5610332734,Physics,CHEMISTRY,CHEMISTRY-U07,0.375,0.35-0.39,PASSED,ncert-books-class-12-chemistry-chapter-2.pdf
0540a4d3-90f1-41ef-a12e-72bdb7872634,Botany,BIOLOGY,BIOLOGY-U03,0.375,0.35-0.39,PASSED,ncert-books-class-11-biology-chapter-10.pdf
ddae806d-c907-4a17-8e04-7b0a412502d2,Zoology,CORE_BIOLOGY,XII-BIO-05,0.375,0.35-0.39,PASSED,ncert-books-class-12-biology-chapter-5.pdf
a6fa5c9c-11b4-41ba-87ef-f8c5c7933b7e,Zoology,BIOLOGY,BIOLOGY-U03,0.375,0.35-0.39,PASSED,ncert-books-class-11-biology-chapter-10.pdf
1cb6b7d7-6236-427d-ab12-6a0eea482cbe,Zoology,BIOLOGY,BIOLOGY-U05,0.375,0.35-0.39,PASSED,ncert-books-class-11-biology-chapter-19.pdf
eec0c0c5-dda3-4282-b360-8fc7ec4c878e,Physics,CHEMISTRY,CHEMISTRY-U07,0.375,0.35-0.39,PASSED,ncert-books-class-12-chemistry-chapter-2.pdf
7181b218-9680-4e15-b7f9-6c581338dda4,Botany,BIOLOGY,BIOLOGY-U03,0.375,0.35-0.39,PASSED,ncert-books-class-11-biology-chapter-10.pdf
265e1892-2230-46e6-8945-95faf44b1fe8,Zoology,BIOLOGY,BIOLOGY-U03,0.375,0.35-0.39,PASSED,ncert-books-class-11-biology-chapter-10.pdf
de2ea33e-a32d-4a33-9c3d-c484def49cc1,Zoology,CORE_BIOLOGY,XII-BIO-05,0.375,0.35-0.39,PASSED,ncert-books-class-12-biology-chapter-5.pdf
4007c25a-bf14-4211-9f7f-078eff98953d,Zoology,BIOLOGY,BIOLOGY-U05,0.375,0.35-0.39,PASSED,ncert-books-class-11-biology-chapter-19.pdf
1a6e42ab-6cd8-42e7-94be-a8891a19a4c2,Physics,CHEMISTRY,CHEMISTRY-U07,0.375,0.35-0.39,PASSED,ncert-books-class-12-chemistry-chapter-2.pdf
4990759d-fcfe-4dc5-9054-b96a6030538a,Botany,BIOLOGY,BIOLOGY-U03,0.375,0.35-0.39,PASSED,ncert-books-class-11-biology-chapter-10.pdf
ce197cbc-35cb-4573-8b05-5dad23dcde52,Zoology,CORE_BIOLOGY,XII-BIO-05,0.375,0.35-0.39,PASSED,ncert-books-class-12-biology-chapter-5.pdf
257ed323-64e2-4e89-b70f-bc8af95f7c88,Zoology,BIOLOGY,BIOLOGY-U03,0.375,0.35-0.39,PASSED,ncert-books-class-11-biology-chapter-10.pdf
a0d0a536-3beb-437f-9022-3467a9cf848a,Zoology,BIOLOGY,BIOLOGY-U05,0.375,0.35-0.39,PASSED,ncert-books-class-11-biology-chapter-19.pdf
641eec73-1aec-4082-957d-146e98ae6d68,Physics,CHEMISTRY,CHEMISTRY-U07,0.375,0.35-0.39,PASSED,ncert-books-class-12-chemistry-chapter-2.pdf
7eee916e-09a1-4b08-bbcb-e28f972cb481,Botany,BIOLOGY,BIOLOGY-U03,0.375,0.35-0.39,PASSED,ncert-books-class-11-biology-chapter-10.pdf
c062af49-bc22-4c4b-83ed-fa3ded9303c2,Zoology,CORE_BIOLOGY,XII-BIO-05,0.375,0.35-0.39,PASSED,ncert-books-class-12-biology-chapter-5.pdf
43e64f8e-296d-423a-9d7a-2cfa7beaea37,Zoology,BIOLOGY,BIOLOGY-U03,0.375,0.35-0.39,PASSED,ncert-books-class-11-biology-chapter-10.pdf
e5f0fdaa-a9fa-4ab3-bccd-8cdb9194d856,Zoology,BIOLOGY,BIOLOGY-U05,0.375,0.35-0.39,PASSED,ncert-books-class-11-biology-chapter-19.pdf
db25715d-0265-41ae-aa19-69a67188cb2e,Physics,CHEMISTRY,CHEMISTRY-U07,0.375,0.35-0.39,PASSED,ncert-books-class-12-chemistry-chapter-2.pdf
5bd1316a-ee86-4078-ad6c-0fc5a16f486d,Botany,BIOLOGY,BIOLOGY-U03,0.375,0.35-0.39,PASSED,ncert-books-class-11-biology-chapter-10.pdf
25aac8f0-933e-4990-8177-8a3a78e25306,Zoology,BIOLOGY,BIOLOGY-U03,0.375,0.35-0.39,PASSED,ncert-books-class-11-biology-chapter-10.pdf
6650c803-9846-48cd-80d7-dcb318846f03,Zoology,CORE_BIOLOGY,XII-BIO-05,0.375,0.35-0.39,PASSED,ncert-books-class-12-biology-chapter-5.pdf
fc09399f-1edc-4735-b4fd-7cc42a0034d2,Zoology,BIOLOGY,BIOLOGY-U05,0.375,0.35-0.39,PASSED,ncert-books-class-11-biology-chapter-19.pdf
a0f5f022-e8a1-4826-8b4b-f92e0c01b962,Physics,CHEMISTRY,CHEMISTRY-U07,0.375,0.35-0.39,PASSED,ncert-books-class-12-chemistry-chapter-2.pdf
460c58d9-e597-4bf4-9ff3-6ca55d19a738,Botany,BIOLOGY,BIOLOGY-U03,0.375,0.35-0.39,PASSED,ncert-books-class-11-biology-chapter-10.pdf
48faa905-8dd9-429e-bafd-a69577a0e6b8,Zoology,BIOLOGY,BIOLOGY-U03,0.375,0.35-0.39,PASSED,ncert-books-class-11-biology-chapter-10.pdf
59621a12-1acf-41c5-a4bc-034bf3d952f3,Zoology,CORE_BIOLOGY,XII-BIO-05,0.375,0.35-0.39,PASSED,ncert-books-class-12-biology-chapter-5.pdf
a9a3075a-e5f0-403a-9ce2-af218478052e,Zoology,BIOLOGY,BIOLOGY-U05,0.375,0.35-0.39,PASSED,ncert-books-class-11-biology-chapter-19.pdf
a023b31e-6f0f-4c5b-94ea-5e090c053112,Physics,CHEMISTRY,CHEMISTRY-U07,0.375,0.35-0.39,PASSED,ncert-books-class-12-chemistry-chapter-2.pdf
aefab974-8c34-4a2a-95ae-6ae60f64b016,Botany,BIOLOGY,BIOLOGY-U03,0.375,0.35-0.39,PASSED,ncert-books-class-11-biology-chapter-10.pdf
1111a0d6-5ee7-4d6f-a4b3-df2f91b59936,Zoology,BIOLOGY,BIOLOGY-U03,0.375,0.35-0.39,PASSED,ncert-books-class-11-biology-chapter-10.pdf
042c892f-c373-41c1-bca2-b9bde0e1b837,Zoology,CORE_BIOLOGY,XII-BIO-05,0.375,0.35-0.39,PASSED,ncert-books-class-12-biology-chapter-5.pdf
4de87bb4-edcc-4410-99d0-f41ecdd063a3,Zoology,BIOLOGY,BIOLOGY-U05,0.375,0.35-0.39,PASSED,ncert-books-class-11-biology-chapter-19.pdf
2e2bf580-a360-4e25-a753-1633fb0131bc,Physics,CHEMISTRY,CHEMISTRY-U07,0.375,0.35-0.39,PASSED,ncert-books-class-12-chemistry-chapter-2.pdf
8b872a46-3a97-4626-ae27-12bba9409e20,Botany,BIOLOGY,BIOLOGY-U03,0.375,0.35-0.39,PASSED,ncert-books-class-11-biology-chapter-10.pdf
eb61a916-3d99-4dbf-9b85-995b7aacef91,Zoology,CORE_BIOLOGY,XII-BIO-05,0.375,0.35-0.39,PASSED,ncert-books-class-12-biology-chapter-5.pdf
a6d469c1-6d2d-4c54-8d5b-398210b8415f,Zoology,BIOLOGY,BIOLOGY-U03,0.375,0.35-0.39,PASSED,ncert-books-class-11-biology-chapter-10.pdf
2afc21ae-55a6-48af-a525-898a320e27b9,Zoology,BIOLOGY,BIOLOGY-U05,0.375,0.35-0.39,PASSED,ncert-books-class-11-biology-chapter-19.pdf
5813bd05-dee6-42b9-98e5-453333ee387d,Physics,CHEMISTRY,CHEMISTRY-U07,0.375,0.35-0.39,PASSED,ncert-books-class-12-chemistry-chapter-2.pdf
fc7243d6-0e2e-4c09-9854-d2c2108709b8,Botany,BIOLOGY,BIOLOGY-U03,0.375,0.35-0.39,PASSED,ncert-books-class-11-biology-chapter-10.pdf
9ad49a35-db03-4918-a401-16fbb7333cbe,Zoology,BIOLOGY,BIOLOGY-U03,0.375,0.35-0.39,PASSED,ncert-books-class-11-biology-chapter-10.pdf
d85f8290-46aa-4f31-9d38-9ea6d4b77cb2,Zoology,CORE_BIOLOGY,XII-BIO-05,0.375,0.35-0.39,PASSED,ncert-books-class-12-biology-chapter-5.pdf
747e22e3-0a54-47a4-bbff-34f50e2df3a7,Zoology,BIOLOGY,BIOLOGY-U05,0.375,0.35-0.39,PASSED,ncert-books-class-11-biology-chapter-19.pdf
ab254471-a914-4417-9abc-993ab80a530d,Physics,CHEMISTRY,CHEMISTRY-U07,0.375,0.35-0.39,PASSED,ncert-books-class-12-chemistry-chapter-2.pdf
03e4396e-adc0-48c0-b220-f33cf49e6c5b,Botany,BIOLOGY,BIOLOGY-U03,0.375,0.35-0.39,PASSED,ncert-books-class-11-biology-chapter-10.pdf
4b830af1-2e1d-4ca0-bc96-6a75ad49bf41,Zoology,BIOLOGY,BIOLOGY-U03,0.375,0.35-0.39,PASSED,ncert-books-class-11-biology-chapter-10.pdf
c3de2698-15e1-4051-aa74-11cfdf4d6f73,Zoology,CORE_BIOLOGY,XII-BIO-05,0.375,0.35-0.39,PASSED,ncert-books-class-12-biology-chapter-5.pdf
b45bc68d-2e4d-4c1a-bec3-65414badc733,Zoology,BIOLOGY,BIOLOGY-U05,0.375,0.35-0.39,PASSED,ncert-books-class-11-biology-chapter-19.pdf
8cad6f83-c64d-4550-99f0-cca2de77f144,Physics,CHEMISTRY,CHEMISTRY-U07,0.375,0.35-0.39,PASSED,ncert-books-class-12-chemistry-chapter-2.pdf
16123357-7739-447f-9398-34aad483e046,Botany,BIOLOGY,BIOLOGY-U03,0.375,0.35-0.39,PASSED,ncert-books-class-11-biology-chapter-10.pdf
b241cfb3-cb41-4783-93c6-1c31a84c8bbc,Zoology,CORE_BIOLOGY,XII-BIO-05,0.375,0.35-0.39,PASSED,ncert-books-class-12-biology-chapter-5.pdf
ef37549d-5903-4f0b-8498-9862edb72cef,Zoology,BIOLOGY,BIOLOGY-U03,0.375,0.35-0.39,PASSED,ncert-books-class-11-biology-chapter-10.pdf
e4187be3-06b1-49f6-aeb4-5b36ce353d38,Zoology,BIOLOGY,BIOLOGY-U05,0.375,0.35-0.39,PASSED,ncert-books-class-11-biology-chapter-19.pdf
6681a53e-4e12-40ca-97b0-f3acf9281497,Physics,CHEMISTRY,CHEMISTRY-U07,0.375,0.35-0.39,PASSED,ncert-books-class-12-chemistry-chapter-2.pdf
d8f38827-992d-43c6-a2f7-3327b0067f02,Botany,BIOLOGY,BIOLOGY-U03,0.375,0.35-0.39,PASSED,ncert-books-class-11-biology-chapter-10.pdf
7264d2a9-5e60-474a-8ada-a8c3d21a25f9,Zoology,BIOLOGY,BIOLOGY-U03,0.375,0.35-0.39,PASSED,ncert-books-class-11-biology-chapter-10.pdf
8d016ea4-7d8f-4d0d-95a0-8376a756cc60,Zoology,CORE_BIOLOGY,XII-BIO-05,0.375,0.35-0.39,PASSED,ncert-books-class-12-biology-chapter-5.pdf
0d023835-4c0c-4084-9b5f-2e5a07ae6312,Zoology,BIOLOGY,BIOLOGY-U05,0.375,0.35-0.39,PASSED,ncert-books-class-11-biology-chapter-19.pdf
3d702350-d94d-40a0-9dae-78d7d0d386f2,Physics,CHEMISTRY,CHEMISTRY-U07,0.375,0.35-0.39,PASSED,ncert-books-class-12-chemistry-chapter-2.pdf
dd72da1d-d9de-41cd-a65c-18c45af0ab5e,Botany,BIOLOGY,BIOLOGY-U03,0.375,0.35-0.39,PASSED,ncert-books-class-11-biology-chapter-10.pdf
88f8e8ff-af14-4b97-8d6c-306b14bc1145,Zoology,BIOLOGY,BIOLOGY-U03,0.375,0.35-0.39,PASSED,ncert-books-class-11-biology-chapter-10.pdf
17c453e9-4576-4a70-b5a2-581d10e3d5b9,Zoology,CORE_BIOLOGY,XII-BIO-05,0.375,0.35-0.39,PASSED,ncert-books-class-12-biology-chapter-5.pdf
4f1b44b4-15ff-4bd6-b0f5-0e57ad4096ef,Zoology,BIOLOGY,BIOLOGY-U05,0.375,0.35-0.39,PASSED,ncert-books-class-11-biology-chapter-19.pdf
1e8d7a82-c16c-451a-8d44-46d29a14f698,Physics,CHEMISTRY,CHEMISTRY-U07,0.375,0.35-0.39,PASSED,ncert-books-class-12-chemistry-chapter-2.pdf
dbbb5eef-b12a-45d3-9248-ce253133a65d,Botany,BIOLOGY,BIOLOGY-U03,0.375,0.35-0.39,PASSED,ncert-books-class-11-biology-chapter-10.pdf
08f12195-9de8-44d6-a87a-89283fd189ad,Zoology,CORE_BIOLOGY,XII-BIO-05,0.375,0.35-0.39,PASSED,ncert-books-class-12-biology-chapter-5.pdf
0af71453-cc71-49b0-8f89-500661450cfa,Zoology,BIOLOGY,BIOLOGY-U03,0.375,0.35-0.39,PASSED,ncert-books-class-11-biology-chapter-10.pdf
ed2bf66c-a112-4c52-abf1-4f3a4965b29e,Zoology,BIOLOGY,BIOLOGY-U05,0.375,0.35-0.39,PASSED,ncert-books-class-11-biology-chapter-19.pdf
57851d02-7f10-4fd7-b363-b6468cdfb819,Physics,CHEMISTRY,CHEMISTRY-U07,0.375,0.35-0.39,PASSED,ncert-books-class-12-chemistry-chapter-2.pdf
319216fa-9dad-4959-adad-5925c5a05264,Botany,BIOLOGY,BIOLOGY-U03,0.375,0.35-0.39,PASSED,ncert-books-class-11-biology-chapter-10.pdf
dd0e8ac1-3fef-4fac-9fc2-48e78513ebe8,Zoology,BIOLOGY,BIOLOGY-U03,0.375,0.35-0.39,PASSED,ncert-books-class-11-biology-chapter-10.pdf
dcdc1dfb-d56d-460d-83d1-7ab0f0c55acb,Zoology,CORE_BIOLOGY,XII-BIO-05,0.375,0.35-0.39,PASSED,ncert-books-class-12-biology-chapter-5.pdf
def67fa5-cd71-4364-86fb-77c70f1b4de0,Zoology,BIOLOGY,BIOLOGY-U05,0.375,0.35-0.39,PASSED,ncert-books-class-11-biology-chapter-19.pdf
eec6339e-e4a5-4830-98c4-b4af826cf842,Physics,CHEMISTRY,CHEMISTRY-U09,0.3636,0.35-0.39,PASSED,ncert-books-class-11-chemistry-chapter-3.pdf
fdcbbf69-83ba-463c-93a7-a7687ed0ac36,Botany,CHEMISTRY,CHEMISTRY-U17,0.3636,0.35-0.39,PASSED,ncert-books-class-12-chemistry-chapter-8.pdf
cc210183-1551-49c0-92a5-795d475969fa,Physics,CHEMISTRY,CHEMISTRY-U09,0.3636,0.35-0.39,PASSED,ncert-books-class-11-chemistry-chapter-3.pdf
2d47b108-e022-462f-b0da-be5c4e827469,Botany,CHEMISTRY,CHEMISTRY-U17,0.3636,0.35-0.39,PASSED,ncert-books-class-12-chemistry-chapter-8.pdf
e3384d5e-24be-400e-aae4-616f482c4256,Physics,CHEMISTRY,CHEMISTRY-U09,0.3636,0.35-0.39,PASSED,ncert-books-class-11-chemistry-chapter-3.pdf
b34b5902-4871-4cef-a85f-be07f199ce3b,Botany,CHEMISTRY,CHEMISTRY-U17,0.3636,0.35-0.39,PASSED,ncert-books-class-12-chemistry-chapter-8.pdf
a80f0a77-ecda-4e1c-9492-0709d42b012b,Physics,CHEMISTRY,CHEMISTRY-U09,0.3636,0.35-0.39,PASSED,ncert-books-class-11-chemistry-chapter-3.pdf
87b7dc69-6379-4faa-b512-94005197c222,Botany,CHEMISTRY,CHEMISTRY-U17,0.3636,0.35-0.39,PASSED,ncert-books-class-12-chemistry-chapter-8.pdf
9316dcc2-7f66-48ae-a80d-fc82554d84be,Physics,CHEMISTRY,CHEMISTRY-U09,0.3636,0.35-0.39,PASSED,ncert-books-class-11-chemistry-chapter-3.pdf
50cde8b3-3aa9-43f7-8124-ac38f628d69d,Botany,CHEMISTRY,CHEMISTRY-U17,0.3636,0.35-0.39,PASSED,ncert-books-class-12-chemistry-chapter-8.pdf
aaa16ad5-f496-43fb-90e4-4e07f7e97324,Physics,CHEMISTRY,CHEMISTRY-U09,0.3636,0.35-0.39,PASSED,ncert-books-class-11-chemistry-chapter-3.pdf
56f3d7ac-f77f-4af6-afc2-da13a5fdd989,Botany,CHEMISTRY,CHEMISTRY-U17,0.3636,0.35-0.39,PASSED,ncert-books-class-12-chemistry-chapter-8.pdf
4dd5ee45-60e1-4f31-9f9a-b534c3b41a12,Physics,CHEMISTRY,CHEMISTRY-U09,0.3636,0.35-0.39,PASSED,ncert-books-class-11-chemistry-chapter-3.pdf
def72844-a1dc-42c8-a784-a869a5b4a857,Botany,CHEMISTRY,CHEMISTRY-U17,0.3636,0.35-0.39,PASSED,ncert-books-class-12-chemistry-chapter-8.pdf
8827e009-d451-4ee5-9e9d-f138d30cad63,Physics,CHEMISTRY,CHEMISTRY-U09,0.3636,0.35-0.39,PASSED,ncert-books-class-11-chemistry-chapter-3.pdf
485ccddc-9f8b-49cd-9fa8-d5146d138ea6,Botany,CHEMISTRY,CHEMISTRY-U17,0.3636,0.35-0.39,PASSED,ncert-books-class-12-chemistry-chapter-8.pdf
724e4777-db8b-4a8c-9acc-7ccfaffa091a,Physics,CHEMISTRY,CHEMISTRY-U09,0.3636,0.35-0.39,PASSED,ncert-books-class-11-chemistry-chapter-3.pdf
7f613b1c-f818-4f23-9230-7f40c517ceae,Botany,CHEMISTRY,CHEMISTRY-U17,0.3636,0.35-0.39,PASSED,ncert-books-class-12-chemistry-chapter-8.pdf
b02c0124-2b80-4558-b568-4810d69f573e,Physics,CHEMISTRY,CHEMISTRY-U09,0.3636,0.35-0.39,PASSED,ncert-books-class-11-chemistry-chapter-3.pdf
fbddaa92-21c1-49f7-8aa7-5ef1a939663b,Botany,CHEMISTRY,CHEMISTRY-U17,0.3636,0.35-0.39,PASSED,ncert-books-class-12-chemistry-chapter-8.pdf
b231d8c5-a5a0-4e45-bcb8-3b5f50212802,Physics,CHEMISTRY,CHEMISTRY-U09,0.3636,0.35-0.39,PASSED,ncert-books-class-11-chemistry-chapter-3.pdf
5fe3f608-0b48-4733-a9d8-5d2ac6f0f553,Botany,CHEMISTRY,CHEMISTRY-U17,0.3636,0.35-0.39,PASSED,ncert-books-class-12-chemistry-chapter-8.pdf
abe9bd58-202d-4c1c-80ac-16dfdb72b4c3,Physics,CHEMISTRY,CHEMISTRY-U09,0.3636,0.35-0.39,PASSED,ncert-books-class-11-chemistry-chapter-3.pdf
a714fb47-e986-4d5d-96be-0ab2812dc871,Botany,CHEMISTRY,CHEMISTRY-U17,0.3636,0.35-0.39,PASSED,ncert-books-class-12-chemistry-chapter-8.pdf
7c45157b-9e14-4222-a69a-0327ab5925b4,Physics,CHEMISTRY,CHEMISTRY-U09,0.3636,0.35-0.39,PASSED,ncert-books-class-11-chemistry-chapter-3.pdf
a797467a-cfa0-4dd0-a253-443bb8c928f4,Botany,CHEMISTRY,CHEMISTRY-U17,0.3636,0.35-0.39,PASSED,ncert-books-class-12-chemistry-chapter-8.pdf
bca62731-96c1-49e3-a823-ba356ce2c6a5,Physics,CHEMISTRY,CHEMISTRY-U09,0.3636,0.35-0.39,PASSED,ncert-books-class-11-chemistry-chapter-3.pdf
dc397872-71b6-47c9-a045-018c8f3f5c7f,Botany,CHEMISTRY,CHEMISTRY-U17,0.3636,0.35-0.39,PASSED,ncert-books-class-12-chemistry-chapter-8.pdf
dbc81c59-7fb5-4e21-aae0-405df6013a94,Physics,CHEMISTRY,CHEMISTRY-U09,0.3636,0.35-0.39,PASSED,ncert-books-class-11-chemistry-chapter-3.pdf
de4ec10e-5451-43e9-b511-4357c75f1587,Botany,CHEMISTRY,CHEMISTRY-U17,0.3636,0.35-0.39,PASSED,ncert-books-class-12-chemistry-chapter-8.pdf
a1f89f26-22eb-4409-84a3-931663f664e1,Physics,CHEMISTRY,CHEMISTRY-U09,0.3636,0.35-0.39,PASSED,ncert-books-class-11-chemistry-chapter-3.pdf
993fbd8b-4909-42c4-887c-b40ead4c1783,Botany,CHEMISTRY,CHEMISTRY-U17,0.3636,0.35-0.39,PASSED,ncert-books-class-12-chemistry-chapter-8.pdf
9eb00bb2-5856-4539-ae7c-db3d74816e3f,Physics,CHEMISTRY,CHEMISTRY-U09,0.3636,0.35-0.39,PASSED,ncert-books-class-11-chemistry-chapter-3.pdf
079c0025-b40d-4dcf-b85d-9828a6fa63ca,Botany,CHEMISTRY,CHEMISTRY-U17,0.3636,0.35-0.39,PASSED,ncert-books-class-12-chemistry-chapter-8.pdf
3bc79725-0965-4b86-b974-3dd141160bd0,Physics,CHEMISTRY,CHEMISTRY-U09,0.3636,0.35-0.39,PASSED,ncert-books-class-11-chemistry-chapter-3.pdf
e15c14fb-6977-45bd-8dcf-32df383627f4,Botany,CHEMISTRY,CHEMISTRY-U17,0.3636,0.35-0.39,PASSED,ncert-books-class-12-chemistry-chapter-8.pdf
4d214916-dba6-4cd3-bfdf-3d25b6f8665c,Physics,CHEMISTRY,CHEMISTRY-U09,0.3636,0.35-0.39,PASSED,ncert-books-class-11-chemistry-chapter-3.pdf
7b6db481-fd20-40bf-8d1f-b9af4d34b6dd,Botany,CHEMISTRY,CHEMISTRY-U17,0.3636,0.35-0.39,PASSED,ncert-books-class-12-chemistry-chapter-8.pdf
ac0b3d54-eff0-45a5-87ae-e8c2d4beee79,Physics,CHEMISTRY,CHEMISTRY-U09,0.3636,0.35-0.39,PASSED,ncert-books-class-11-chemistry-chapter-3.pdf
c6d7dd66-96d1-4764-8f1a-039c63e2421a,Botany,CHEMISTRY,CHEMISTRY-U17,0.3636,0.35-0.39,PASSED,ncert-books-class-12-chemistry-chapter-8.pdf
a654b04e-8ce9-4869-9fad-0f8ffb835049,Physics,CHEMISTRY,CHEMISTRY-U09,0.3636,0.35-0.39,PASSED,ncert-books-class-11-chemistry-chapter-3.pdf
075d3d0c-eee9-41fb-80d6-2c203072dd19,Botany,CHEMISTRY,CHEMISTRY-U17,0.3636,0.35-0.39,PASSED,ncert-books-class-12-chemistry-chapter-8.pdf
c16b9072-c03b-415c-87b5-16f22eac7b1a,Physics,CHEMISTRY,CHEMISTRY-U09,0.3636,0.35-0.39,PASSED,ncert-books-class-11-chemistry-chapter-3.pdf
64ed17ec-0b7d-4fbc-91e7-b06eda34fba6,Botany,CHEMISTRY,CHEMISTRY-U17,0.3636,0.35-0.39,PASSED,ncert-books-class-12-chemistry-chapter-8.pdf
97651de3-4d70-4d15-bcd9-b7ab741a0a8e,Physics,CHEMISTRY,CHEMISTRY-U09,0.3636,0.35-0.39,PASSED,ncert-books-class-11-chemistry-chapter-3.pdf
7bd03eba-544d-4a8f-afbc-9e778d2178a5,Botany,CHEMISTRY,CHEMISTRY-U17,0.3636,0.35-0.39,PASSED,ncert-books-class-12-chemistry-chapter-8.pdf
c2535fc8-ced4-4aa3-b412-377185c04f06,Physics,CHEMISTRY,CHEMISTRY-U09,0.3636,0.35-0.39,PASSED,ncert-books-class-11-chemistry-chapter-3.pdf
3a672cac-f614-4129-879e-0c920dff2124,Botany,CHEMISTRY,CHEMISTRY-U17,0.3636,0.35-0.39,PASSED,ncert-books-class-12-chemistry-chapter-8.pdf
1b67bd3d-0d27-4ced-981b-854378324eec,Chemistry,PHYSICS,PHYSICS-U07,0.3333,0.30-0.34,PASSED,ncert-books-class-11-physics-chapter-9.pdf
7a71d674-8f9e-4f59-a02f-665b536d029d,Chemistry,PHYSICS,PHYSICS-U09,0.3333,0.30-0.34,PASSED,ncert-books-class-11-physics-chapter-12.pdf
1de9ba88-c562-4b89-800f-d34ea6255ce6,Botany,CORE_BIOLOGY,XII-BIO-09,0.3333,0.30-0.34,PASSED,ncert-books-class-12-biology-chapter-9.pdf
31b66072-88af-4a85-b755-ffa6f9dbe7fb,Botany,PHYSICS,PHYSICS-U17,0.3333,0.30-0.34,PASSED,leph203.pdf
c33f8488-3f82-4169-98f2-bf99a39474e0,Zoology,CHEMISTRY,CHEMISTRY-U03,0.3333,0.30-0.34,PASSED,ncert-books-class-11-chemistry-chapter-4.pdf
5b08567d-4c75-4325-9b2f-f2b7ee26961a,Zoology,CHEMISTRY,CHEMISTRY-U03,0.3333,0.30-0.34,PASSED,ncert-books-class-11-chemistry-chapter-4.pdf
c3a4c155-6282-49e8-9cd2-7363b30430be,Zoology,BOTANY,XII-BIO-01,0.3333,0.30-0.34,PASSED,ncert-books-class-12-biology-chapter-1.pdf
cf2989f6-0227-4749-9dbd-86a7305d7886,Zoology,CHEMISTRY,CHEMISTRY-U03,0.3333,0.30-0.34,PASSED,ncert-books-class-11-chemistry-chapter-4.pdf
83b5584b-5055-4982-8317-a557b406ec86,Zoology,BIOLOGY,BIOLOGY-U05,0.3333,0.30-0.34,PASSED,ncert-books-class-11-biology-chapter-16.pdf
ed81c60a-06af-4720-88a4-5f5af7549280,Botany,PHYSICS,PHYSICS-U17,0.3333,0.30-0.34,PASSED,leph203.pdf
cbc084db-f890-4dc8-9395-a4b49d118ac8,Chemistry,PHYSICS,PHYSICS-U07,0.3333,0.30-0.34,PASSED,ncert-books-class-11-physics-chapter-9.pdf
53b51811-165f-447e-9da4-65df28733a4e,Chemistry,PHYSICS,PHYSICS-U09,0.3333,0.30-0.34,PASSED,ncert-books-class-11-physics-chapter-12.pdf
d33a1978-f9e9-45b9-915b-858bf4f15df9,Botany,PHYSICS,PHYSICS-U17,0.3333,0.30-0.34,PASSED,leph203.pdf
ed685a8d-4370-45fd-9529-b383a4d89c2e,Botany,CORE_BIOLOGY,XII-BIO-09,0.3333,0.30-0.34,PASSED,ncert-books-class-12-biology-chapter-9.pdf
f9ff2b65-ccc5-45ac-b6b1-2ca0dda3d9e0,Botany,CHEMISTRY,CHEMISTRY-U03,0.3333,0.30-0.34,PASSED,ncert-books-class-11-chemistry-chapter-4.pdf
b290e8fb-b4d8-4775-af0d-0cb55b66ac7e,Zoology,CHEMISTRY,CHEMISTRY-U03,0.3333,0.30-0.34,PASSED,ncert-books-class-11-chemistry-chapter-4.pdf
880d625f-6112-4602-9ff2-79ec011dfd4c,Zoology,CHEMISTRY,CHEMISTRY-U03,0.3333,0.30-0.34,PASSED,ncert-books-class-11-chemistry-chapter-4.pdf
bbe4b44d-c845-44d4-83bf-0513f1033de8,Zoology,BIOLOGY,BIOLOGY-U05,0.3333,0.30-0.34,PASSED,ncert-books-class-11-biology-chapter-16.pdf
79eeedeb-b1c0-4c5e-a4e5-1f25803fc2e0,Zoology,CHEMISTRY,CHEMISTRY-U03,0.3333,0.30-0.34,PASSED,ncert-books-class-11-chemistry-chapter-4.pdf
0e3b82ad-c66f-410b-a90d-0c9465d6fa3f,Zoology,BOTANY,XII-BIO-01,0.3333,0.30-0.34,PASSED,ncert-books-class-12-biology-chapter-1.pdf
4f38477a-54d0-4c69-878b-17b007bbeb0e,Chemistry,PHYSICS,PHYSICS-U07,0.3333,0.30-0.34,PASSED,ncert-books-class-11-physics-chapter-9.pdf
15eb1232-42f2-4641-ae0a-bd5eeac67223,Chemistry,PHYSICS,PHYSICS-U09,0.3333,0.30-0.34,PASSED,ncert-books-class-11-physics-chapter-12.pdf
20081702-69cd-43e1-ba0f-5b35a2e78e32,Botany,CORE_BIOLOGY,XII-BIO-09,0.3333,0.30-0.34,PASSED,ncert-books-class-12-biology-chapter-9.pdf
398264e6-6a5b-4fca-a33f-4eeeada85ae1,Botany,PHYSICS,PHYSICS-U17,0.3333,0.30-0.34,PASSED,leph203.pdf
5705f9eb-d839-4777-9be5-bb67b0981705,Botany,BIOLOGY,BIOLOGY-U01,0.3333,0.30-0.34,PASSED,ncert-books-class-11-biology-chapter-1.pdf
32eba6ce-e1f9-46c7-bcad-b42b678da3d1,Zoology,CHEMISTRY,CHEMISTRY-U03,0.3333,0.30-0.34,PASSED,ncert-books-class-11-chemistry-chapter-4.pdf
b177fc30-ee56-42e6-ace4-67b58896159f,Zoology,BOTANY,XII-BIO-01,0.3333,0.30-0.34,PASSED,ncert-books-class-12-biology-chapter-1.pdf
e1e339d2-0e87-4879-a43e-0768a8eed956,Zoology,CHEMISTRY,CHEMISTRY-U03,0.3333,0.30-0.34,PASSED,ncert-books-class-11-chemistry-chapter-4.pdf
5ef08688-c639-441d-a219-1bd581fb67c7,Zoology,CHEMISTRY,CHEMISTRY-U03,0.3333,0.30-0.34,PASSED,ncert-books-class-11-chemistry-chapter-4.pdf
cbfe985d-be84-49e9-8188-f84a80992a00,Chemistry,PHYSICS,PHYSICS-U07,0.3333,0.30-0.34,PASSED,ncert-books-class-11-physics-chapter-9.pdf
b4ac052f-e810-4081-b45b-de9f8f587e13,Chemistry,PHYSICS,PHYSICS-U09,0.3333,0.30-0.34,PASSED,ncert-books-class-11-physics-chapter-12.pdf
6cca5f46-fde3-4ce3-a8c5-c1a5cba522ad,Botany,CORE_BIOLOGY,XII-BIO-09,0.3333,0.30-0.34,PASSED,ncert-books-class-12-biology-chapter-9.pdf
b92c0cd9-1016-4e13-b369-23bed47cfb3a,Botany,CHEMISTRY,CHEMISTRY-U03,0.3333,0.30-0.34,PASSED,ncert-books-class-11-chemistry-chapter-4.pdf
34ff416d-7dd3-44bb-81d6-1b01c3bb01ac,Zoology,CHEMISTRY,CHEMISTRY-U03,0.3333,0.30-0.34,PASSED,ncert-books-class-11-chemistry-chapter-4.pdf
f4e7ee1d-e8ed-465b-b2dd-d097024876b8,Zoology,BIOLOGY,BIOLOGY-U05,0.3333,0.30-0.34,PASSED,ncert-books-class-11-biology-chapter-16.pdf
95b3dafd-7e8a-487a-88c8-69baf9ecbfb7,Zoology,CHEMISTRY,CHEMISTRY-U03,0.3333,0.30-0.34,PASSED,ncert-books-class-11-chemistry-chapter-4.pdf
901bc138-60f1-4af7-8448-378255428a87,Zoology,BOTANY,XII-BIO-01,0.3333,0.30-0.34,PASSED,ncert-books-class-12-biology-chapter-1.pdf
ecd6bf2b-8888-45e4-b50e-2f03b7ed0835,Zoology,CHEMISTRY,CHEMISTRY-U03,0.3333,0.30-0.34,PASSED,ncert-books-class-11-chemistry-chapter-4.pdf
871132a2-044d-42ac-baf6-8294645244d6,Zoology,CHEMISTRY,CHEMISTRY-U03,0.3333,0.30-0.34,PASSED,ncert-books-class-11-chemistry-chapter-4.pdf
571fdc81-4008-423b-bd69-f8ef691bcfd4,Chemistry,PHYSICS,PHYSICS-U07,0.3333,0.30-0.34,PASSED,ncert-books-class-11-physics-chapter-9.pdf
a96487cb-168e-420c-a30d-95ae4abafb00,Chemistry,PHYSICS,PHYSICS-U09,0.3333,0.30-0.34,PASSED,ncert-books-class-11-physics-chapter-12.pdf
5bf0d85d-e496-4880-837c-47430c3401b5,Botany,CORE_BIOLOGY,XII-BIO-09,0.3333,0.30-0.34,PASSED,ncert-books-class-12-biology-chapter-9.pdf
d5947a4b-02c0-46e8-bc16-100a8b1a6e2c,Botany,PHYSICS,PHYSICS-U17,0.3333,0.30-0.34,PASSED,leph203.pdf
07375eee-2543-4eab-bfeb-1cb12ccf1cf2,Zoology,BIOLOGY,BIOLOGY-U05,0.3333,0.30-0.34,PASSED,ncert-books-class-11-biology-chapter-16.pdf
e2bb7522-1000-40eb-838d-59a122fa5dfa,Zoology,CHEMISTRY,CHEMISTRY-U03,0.3333,0.30-0.34,PASSED,ncert-books-class-11-chemistry-chapter-4.pdf
55510def-f6c4-4d60-bc8f-c73823601c74,Zoology,CHEMISTRY,CHEMISTRY-U03,0.3333,0.30-0.34,PASSED,ncert-books-class-11-chemistry-chapter-4.pdf
bdcbd52b-804e-4aea-9c88-ec07aa8be941,Chemistry,PHYSICS,PHYSICS-U09,0.3333,0.30-0.34,PASSED,ncert-books-class-11-physics-chapter-12.pdf
87029bc5-bd22-4fba-8b74-93b9a21cc96e,Chemistry,PHYSICS,PHYSICS-U07,0.3333,0.30-0.34,PASSED,ncert-books-class-11-physics-chapter-9.pdf
2110ad38-e029-4ac7-b30c-14d58a0ed529,Botany,BIOLOGY,BIOLOGY-U01,0.3333,0.30-0.34,PASSED,ncert-books-class-11-biology-chapter-1.pdf
70a19965-d4eb-49c7-af5a-91b33cb9663c,Botany,PHYSICS,PHYSICS-U17,0.3333,0.30-0.34,PASSED,leph203.pdf
42a083d8-032e-4675-91e6-7358135f6caa,Botany,CORE_BIOLOGY,XII-BIO-09,0.3333,0.30-0.34,PASSED,ncert-books-class-12-biology-chapter-9.pdf
f6b2635c-ccb5-48fc-b02d-e9de972aaa31,Botany,CHEMISTRY,CHEMISTRY-U03,0.3333,0.30-0.34,PASSED,ncert-books-class-11-chemistry-chapter-4.pdf
b2455c5a-766a-4b37-a2a5-a2fc41fe98de,Zoology,CHEMISTRY,CHEMISTRY-U03,0.3333,0.30-0.34,PASSED,ncert-books-class-11-chemistry-chapter-4.pdf
6fb21d90-09b3-4150-a922-985e278f87cd,Zoology,CHEMISTRY,CHEMISTRY-U03,0.3333,0.30-0.34,PASSED,ncert-books-class-11-chemistry-chapter-4.pdf
fc01d8fe-6e0c-4f4c-baf2-bf98645f7b1b,Zoology,CHEMISTRY,CHEMISTRY-U03,0.3333,0.30-0.34,PASSED,ncert-books-class-11-chemistry-chapter-4.pdf
9dcbe507-f031-43d6-8134-61bdc6cd72a5,Zoology,BOTANY,XII-BIO-01,0.3333,0.30-0.34,PASSED,ncert-books-class-12-biology-chapter-1.pdf
42217198-3859-4611-8176-42f7e407391d,Zoology,BIOLOGY,BIOLOGY-U05,0.3333,0.30-0.34,PASSED,ncert-books-class-11-biology-chapter-16.pdf
2bf67aee-017b-41d7-a365-41f6e5814ea7,Chemistry,PHYSICS,PHYSICS-U09,0.3333,0.30-0.34,PASSED,ncert-books-class-11-physics-chapter-12.pdf
535871d7-a9f2-4ad8-9821-69ec051197b3,Chemistry,PHYSICS,PHYSICS-U07,0.3333,0.30-0.34,PASSED,ncert-books-class-11-physics-chapter-9.pdf
e29c0718-dea9-4921-b7c8-ab1ccc0e1753,Botany,CORE_BIOLOGY,XII-BIO-09,0.3333,0.30-0.34,PASSED,ncert-books-class-12-biology-chapter-9.pdf
defc6a47-148b-40d3-9031-70aafbc36c28,Botany,PHYSICS,PHYSICS-U17,0.3333,0.30-0.34,PASSED,leph203.pdf
9e20fc31-5a76-4cfd-9cf1-e5218fdec64e,Botany,BIOLOGY,BIOLOGY-U01,0.3333,0.30-0.34,PASSED,ncert-books-class-11-biology-chapter-1.pdf
a985b7e4-8888-4bad-9e7c-1c395234ff0a,Zoology,CHEMISTRY,CHEMISTRY-U03,0.3333,0.30-0.34,PASSED,ncert-books-class-11-chemistry-chapter-4.pdf
1955bd93-fda4-4116-a70c-c754d017cbe4,Zoology,CHEMISTRY,CHEMISTRY-U03,0.3333,0.30-0.34,PASSED,ncert-books-class-11-chemistry-chapter-4.pdf
e5f79c40-719d-440c-8ab7-d79709d78701,Zoology,CHEMISTRY,CHEMISTRY-U03,0.3333,0.30-0.34,PASSED,ncert-books-class-11-chemistry-chapter-4.pdf
27c523ab-35bd-4135-82cb-e59b3250b672,Zoology,BOTANY,XII-BIO-01,0.3333,0.30-0.34,PASSED,ncert-books-class-12-biology-chapter-1.pdf
b58ef9fc-cdb4-4e21-9ace-920200d5778c,Chemistry,PHYSICS,PHYSICS-U09,0.3333,0.30-0.34,PASSED,ncert-books-class-11-physics-chapter-12.pdf
5cb02105-751a-469e-b27d-e411663fcd82,Chemistry,PHYSICS,PHYSICS-U07,0.3333,0.30-0.34,PASSED,ncert-books-class-11-physics-chapter-9.pdf
027a853f-ccea-4699-939d-ab3f97c30027,Botany,PHYSICS,PHYSICS-U17,0.3333,0.30-0.34,PASSED,leph203.pdf
244befe6-6fda-4f74-a897-7428ab752934,Botany,CORE_BIOLOGY,XII-BIO-09,0.3333,0.30-0.34,PASSED,ncert-books-class-12-biology-chapter-9.pdf
a0cc2324-1c57-4fe8-8b9b-853b9915324e,Botany,BIOLOGY,BIOLOGY-U01,0.3333,0.30-0.34,PASSED,ncert-books-class-11-biology-chapter-1.pdf
64f6a37e-cc26-456e-9c76-dcccd66d322f,Zoology,CHEMISTRY,CHEMISTRY-U03,0.3333,0.30-0.34,PASSED,ncert-books-class-11-chemistry-chapter-4.pdf
4cd54f0e-79c8-48be-9819-37656247191f,Zoology,CHEMISTRY,CHEMISTRY-U03,0.3333,0.30-0.34,PASSED,ncert-books-class-11-chemistry-chapter-4.pdf
c91b7c64-79f8-4f52-91da-1f21e485deec,Zoology,CHEMISTRY,CHEMISTRY-U03,0.3333,0.30-0.34,PASSED,ncert-books-class-11-chemistry-chapter-4.pdf
2a235c09-7065-4c66-bb75-e1bf33b5819e,Zoology,BIOLOGY,BIOLOGY-U05,0.3333,0.30-0.34,PASSED,ncert-books-class-11-biology-chapter-16.pdf
77d71261-dc5d-4275-b6f6-201df8b96773,Chemistry,PHYSICS,PHYSICS-U07,0.3333,0.30-0.34,PASSED,ncert-books-class-11-physics-chapter-9.pdf
1b8e326a-9529-4d2f-9518-65342eb61a24,Chemistry,PHYSICS,PHYSICS-U09,0.3333,0.30-0.34,PASSED,ncert-books-class-11-physics-chapter-12.pdf
53a72cef-ef62-47cf-af31-15ccb989493e,Botany,PHYSICS,PHYSICS-U17,0.3333,0.30-0.34,PASSED,leph203.pdf
a4af8ea1-3aaf-4548-9b6c-fcfb018c6e49,Botany,BIOLOGY,BIOLOGY-U01,0.3333,0.30-0.34,PASSED,ncert-books-class-11-biology-chapter-1.pdf
995c957e-cc40-4edc-b9cd-5b31cf429a5d,Botany,CORE_BIOLOGY,XII-BIO-09,0.3333,0.30-0.34,PASSED,ncert-books-class-12-biology-chapter-9.pdf
56efe5a2-3c5e-4760-84ba-ec6b58f7e6e7,Botany,CHEMISTRY,CHEMISTRY-U03,0.3333,0.30-0.34,PASSED,ncert-books-class-11-chemistry-chapter-4.pdf
a35bae74-bd78-4efa-ac2c-7739c54eacea,Zoology,CHEMISTRY,CHEMISTRY-U03,0.3333,0.30-0.34,PASSED,ncert-books-class-11-chemistry-chapter-4.pdf
6813bbcd-8ba8-4391-9b27-f3dbcd7a356f,Zoology,CHEMISTRY,CHEMISTRY-U03,0.3333,0.30-0.34,PASSED,ncert-books-class-11-chemistry-chapter-4.pdf
d65e3012-0205-4b2b-988e-38c1da088955,Zoology,CHEMISTRY,CHEMISTRY-U03,0.3333,0.30-0.34,PASSED,ncert-books-class-11-chemistry-chapter-4.pdf
6c386e19-9baa-4284-ac23-6ad29352aadb,Zoology,BIOLOGY,BIOLOGY-U05,0.3333,0.30-0.34,PASSED,ncert-books-class-11-biology-chapter-16.pdf
d4c98d83-6b37-4d7e-9de8-a6f68943aaca,Zoology,BOTANY,XII-BIO-01,0.3333,0.30-0.34,PASSED,ncert-books-class-12-biology-chapter-1.pdf
fce7266c-9485-4587-9fda-e9ab6135e838,Chemistry,PHYSICS,PHYSICS-U09,0.3333,0.30-0.34,PASSED,ncert-books-class-11-physics-chapter-12.pdf
81a93a10-6992-4c1b-be47-58a2793dee5e,Chemistry,PHYSICS,PHYSICS-U07,0.3333,0.30-0.34,PASSED,ncert-books-class-11-physics-chapter-9.pdf
2a6c349b-5df0-4de4-8794-fa763151bc40,Botany,PHYSICS,PHYSICS-U17,0.3333,0.30-0.34,PASSED,leph203.pdf
4f445d28-0184-4d7a-ba6f-9ba8a9738005,Botany,CORE_BIOLOGY,XII-BIO-09,0.3333,0.30-0.34,PASSED,ncert-books-class-12-biology-chapter-9.pdf
5f8d7a2b-0428-4af6-a46d-9f72412cf8fc,Botany,BIOLOGY,BIOLOGY-U01,0.3333,0.30-0.34,PASSED,ncert-books-class-11-biology-chapter-1.pdf
006c92d5-ec77-4661-b54a-8b97214391ac,Botany,CHEMISTRY,CHEMISTRY-U03,0.3333,0.30-0.34,PASSED,ncert-books-class-11-chemistry-chapter-4.pdf
b962755a-ff02-4bb3-92c5-c09610d07d1a,Zoology,CHEMISTRY,CHEMISTRY-U03,0.3333,0.30-0.34,PASSED,ncert-books-class-11-chemistry-chapter-4.pdf
ff345f7c-98c2-4fe4-b686-9644b1fd026e,Zoology,CHEMISTRY,CHEMISTRY-U03,0.3333,0.30-0.34,PASSED,ncert-books-class-11-chemistry-chapter-4.pdf
cbee211d-7930-4299-901d-b401fb3a9728,Zoology,CHEMISTRY,CHEMISTRY-U03,0.3333,0.30-0.34,PASSED,ncert-books-class-11-chemistry-chapter-4.pdf
2c6d82ec-3b6c-4f2e-9ac5-308d188f4c29,Zoology,BIOLOGY,BIOLOGY-U05,0.3333,0.30-0.34,PASSED,ncert-books-class-11-biology-chapter-16.pdf
7bd19aeb-06ba-4f7d-ab5e-a4a9d4234472,Zoology,BOTANY,XII-BIO-01,0.3333,0.30-0.34,PASSED,ncert-books-class-12-biology-chapter-1.pdf
a424c8b1-3580-400f-a775-d0c5af969c42,Chemistry,PHYSICS,PHYSICS-U09,0.3333,0.30-0.34,PASSED,ncert-books-class-11-physics-chapter-12.pdf
1f40558e-f8bf-44d6-b0f3-7233bfafcf11,Chemistry,PHYSICS,PHYSICS-U07,0.3333,0.30-0.34,PASSED,ncert-books-class-11-physics-chapter-9.pdf
0098c66a-0899-4f53-9e0f-3c85030a8f8e,Botany,BIOLOGY,BIOLOGY-U01,0.3333,0.30-0.34,PASSED,ncert-books-class-11-biology-chapter-1.pdf
8d28635b-ba7f-47a5-b726-bfa9ec42671c,Botany,PHYSICS,PHYSICS-U17,0.3333,0.30-0.34,PASSED,leph203.pdf
1b009d9f-21f6-4c83-85ed-c8f6a54dc718,Botany,CORE_BIOLOGY,XII-BIO-09,0.3333,0.30-0.34,PASSED,ncert-books-class-12-biology-chapter-9.pdf
ff3e4fd9-e4a0-492c-a4db-156c212ae839,Botany,CHEMISTRY,CHEMISTRY-U03,0.3333,0.30-0.34,PASSED,ncert-books-class-11-chemistry-chapter-4.pdf
b9185d46-239c-47a4-8a42-2c01f74dfca5,Zoology,CHEMISTRY,CHEMISTRY-U03,0.3333,0.30-0.34,PASSED,ncert-books-class-11-chemistry-chapter-4.pdf
ced637b1-e3ee-4555-9cef-f638b4f745af,Zoology,BOTANY,XII-BIO-01,0.3333,0.30-0.34,PASSED,ncert-books-class-12-biology-chapter-1.pdf
ae1a8494-f728-4d5f-bc42-7ce76fcd3058,Zoology,CHEMISTRY,CHEMISTRY-U03,0.3333,0.30-0.34,PASSED,ncert-books-class-11-chemistry-chapter-4.pdf
84bf215f-4333-4cc7-94c3-70057c6c01ed,Zoology,CHEMISTRY,CHEMISTRY-U03,0.3333,0.30-0.34,PASSED,ncert-books-class-11-chemistry-chapter-4.pdf
7fb92fdc-919b-48e7-aba8-d9b51a202bcb,Zoology,BIOLOGY,BIOLOGY-U05,0.3333,0.30-0.34,PASSED,ncert-books-class-11-biology-chapter-16.pdf
db801a3d-690a-4584-ac19-aa6b88b40582,Zoology,CHEMISTRY,CHEMISTRY-U03,0.3333,0.30-0.34,PASSED,ncert-books-class-11-chemistry-chapter-4.pdf
0d6d20e4-c2a7-4c24-ad7f-ecf41529be7f,Chemistry,PHYSICS,PHYSICS-U07,0.3333,0.30-0.34,PASSED,ncert-books-class-11-physics-chapter-9.pdf
9df2cdb3-e85f-482c-b63f-91d8cdd16a0b,Chemistry,PHYSICS,PHYSICS-U09,0.3333,0.30-0.34,PASSED,ncert-books-class-11-physics-chapter-12.pdf
eec55e54-8eb1-4ff7-ab8d-d3eb15e7be9c,Botany,BIOLOGY,BIOLOGY-U01,0.3333,0.30-0.34,PASSED,ncert-books-class-11-biology-chapter-1.pdf
2789fb20-dcdb-48d3-acab-242221eba48b,Botany,PHYSICS,PHYSICS-U17,0.3333,0.30-0.34,PASSED,leph203.pdf
ce286419-22d3-410c-b49e-526f0680979a,Botany,CORE_BIOLOGY,XII-BIO-09,0.3333,0.30-0.34,PASSED,ncert-books-class-12-biology-chapter-9.pdf
c2994b63-944d-4df2-a88d-ba6072b90260,Botany,CHEMISTRY,CHEMISTRY-U03,0.3333,0.30-0.34,PASSED,ncert-books-class-11-chemistry-chapter-4.pdf
5dcbbd6f-9ca5-469d-9d9b-c5e005a37627,Zoology,CHEMISTRY,CHEMISTRY-U03,0.3333,0.30-0.34,PASSED,ncert-books-class-11-chemistry-chapter-4.pdf
d71dde9a-cf6f-4ab4-8882-aa44e4af1458,Zoology,BIOLOGY,BIOLOGY-U05,0.3333,0.30-0.34,PASSED,ncert-books-class-11-biology-chapter-16.pdf
fa70fd52-31d8-4495-a70c-2ab4f0395940,Zoology,BOTANY,XII-BIO-01,0.3333,0.30-0.34,PASSED,ncert-books-class-12-biology-chapter-1.pdf
4005b8d1-6109-48d8-b357-97493e6f9921,Zoology,CHEMISTRY,CHEMISTRY-U03,0.3333,0.30-0.34,PASSED,ncert-books-class-11-chemistry-chapter-4.pdf
10ad2a90-4583-423d-b464-d024dcfc03a3,Zoology,CHEMISTRY,CHEMISTRY-U03,0.3333,0.30-0.34,PASSED,ncert-books-class-11-chemistry-chapter-4.pdf
6df4e778-0d29-46ba-ae75-153093ed3d6d,Chemistry,PHYSICS,PHYSICS-U07,0.3333,0.30-0.34,PASSED,ncert-books-class-11-physics-chapter-9.pdf
0ff79d03-b0fa-4ef4-9d14-91285993f9cf,Chemistry,PHYSICS,PHYSICS-U09,0.3333,0.30-0.34,PASSED,ncert-books-class-11-physics-chapter-12.pdf
264ed470-83a6-43cf-8616-61795cf52d5f,Botany,CORE_BIOLOGY,XII-BIO-09,0.3333,0.30-0.34,PASSED,ncert-books-class-12-biology-chapter-9.pdf
5232b586-cdec-400e-b67b-cac57513c829,Botany,PHYSICS,PHYSICS-U17,0.3333,0.30-0.34,PASSED,leph203.pdf
08d9a0ee-236e-480c-b59c-85d408871d3a,Botany,BIOLOGY,BIOLOGY-U01,0.3333,0.30-0.34,PASSED,ncert-books-class-11-biology-chapter-1.pdf
69dad849-e7ba-48e7-bcf1-fe30576465ac,Botany,CHEMISTRY,CHEMISTRY-U03,0.3333,0.30-0.34,PASSED,ncert-books-class-11-chemistry-chapter-4.pdf
04774a80-b640-4754-9229-08cb061e1d5e,Zoology,BIOLOGY,BIOLOGY-U05,0.3333,0.30-0.34,PASSED,ncert-books-class-11-biology-chapter-16.pdf
03f9de86-ce2d-4cbf-9de0-f66bc6e6e0ed,Zoology,BOTANY,XII-BIO-01,0.3333,0.30-0.34,PASSED,ncert-books-class-12-biology-chapter-1.pdf
883c087f-4199-4da7-aa11-6731d4dae570,Zoology,CHEMISTRY,CHEMISTRY-U03,0.3333,0.30-0.34,PASSED,ncert-books-class-11-chemistry-chapter-4.pdf
c68db258-d443-455d-86bc-b7e9596ba67e,Zoology,CHEMISTRY,CHEMISTRY-U03,0.3333,0.30-0.34,PASSED,ncert-books-class-11-chemistry-chapter-4.pdf
73b03184-b23e-4ab3-ba06-c2dcc1a40cd7,Zoology,CHEMISTRY,CHEMISTRY-U03,0.3333,0.30-0.34,PASSED,ncert-books-class-11-chemistry-chapter-4.pdf
d4bf1e3a-e8fe-4ac6-971e-a635cccdbbb2,Chemistry,PHYSICS,PHYSICS-U09,0.3333,0.30-0.34,PASSED,ncert-books-class-11-physics-chapter-12.pdf
47fd43f8-2d6d-4f83-a1b5-a6c739d97406,Chemistry,PHYSICS,PHYSICS-U07,0.3333,0.30-0.34,PASSED,ncert-books-class-11-physics-chapter-9.pdf
4c4717d7-26f8-4124-ad7b-e5eefd7bb2b6,Botany,BIOLOGY,BIOLOGY-U01,0.3333,0.30-0.34,PASSED,ncert-books-class-11-biology-chapter-1.pdf
4ea9b220-95b7-4093-81c8-645d5343102d,Botany,PHYSICS,PHYSICS-U17,0.3333,0.30-0.34,PASSED,leph203.pdf
25eb04c3-fa64-46f6-89d9-05aac4d870f9,Botany,CORE_BIOLOGY,XII-BIO-09,0.3333,0.30-0.34,PASSED,ncert-books-class-12-biology-chapter-9.pdf
af254b05-f5c5-41ee-a47d-087754e1731e,Botany,CHEMISTRY,CHEMISTRY-U03,0.3333,0.30-0.34,PASSED,ncert-books-class-11-chemistry-chapter-4.pdf
23ab1fa1-88aa-43dd-ad88-6873248f5c18,Zoology,CHEMISTRY,CHEMISTRY-U03,0.3333,0.30-0.34,PASSED,ncert-books-class-11-chemistry-chapter-4.pdf
c83a74c7-5d4c-4a23-a730-7d9198efae50,Zoology,BOTANY,XII-BIO-01,0.3333,0.30-0.34,PASSED,ncert-books-class-12-biology-chapter-1.pdf
41f950da-d804-4305-b2b7-36ec18b9dadb,Zoology,CHEMISTRY,CHEMISTRY-U03,0.3333,0.30-0.34,PASSED,ncert-books-class-11-chemistry-chapter-4.pdf
91592952-b16f-4955-93ed-7a775d3c6033,Zoology,BIOLOGY,BIOLOGY-U05,0.3333,0.30-0.34,PASSED,ncert-books-class-11-biology-chapter-16.pdf
a084c4a8-9ede-4a71-8d18-abc57d060abd,Chemistry,PHYSICS,PHYSICS-U09,0.3333,0.30-0.34,PASSED,ncert-books-class-11-physics-chapter-12.pdf
69deaaac-15b2-44b0-b453-4beaf35e9280,Chemistry,PHYSICS,PHYSICS-U07,0.3333,0.30-0.34,PASSED,ncert-books-class-11-physics-chapter-9.pdf
36be462a-52a7-4554-b2c0-db495bdf15db,Botany,PHYSICS,PHYSICS-U17,0.3333,0.30-0.34,PASSED,leph203.pdf
7f1101e6-3598-41ff-85c1-429d8047da53,Botany,CORE_BIOLOGY,XII-BIO-09,0.3333,0.30-0.34,PASSED,ncert-books-class-12-biology-chapter-9.pdf
cdb25388-faa9-4026-98b9-cd2355d39fc1,Botany,BIOLOGY,BIOLOGY-U01,0.3333,0.30-0.34,PASSED,ncert-books-class-11-biology-chapter-1.pdf
1230a420-f9fb-48ba-aeb9-39653b069bb4,Botany,CHEMISTRY,CHEMISTRY-U03,0.3333,0.30-0.34,PASSED,ncert-books-class-11-chemistry-chapter-4.pdf
99f94883-d262-4f2d-92ea-de25fd637f68,Zoology,CHEMISTRY,CHEMISTRY-U03,0.3333,0.30-0.34,PASSED,ncert-books-class-11-chemistry-chapter-4.pdf
9df0197a-531b-4201-bae8-1ff753a34130,Zoology,CHEMISTRY,CHEMISTRY-U03,0.3333,0.30-0.34,PASSED,ncert-books-class-11-chemistry-chapter-4.pdf
ba888711-f555-46d1-aa1c-51c28eeb974e,Zoology,CHEMISTRY,CHEMISTRY-U03,0.3333,0.30-0.34,PASSED,ncert-books-class-11-chemistry-chapter-4.pdf
6a417a1c-69d9-4e35-b6ed-13bd75bdaf7c,Zoology,BIOLOGY,BIOLOGY-U05,0.3333,0.30-0.34,PASSED,ncert-books-class-11-biology-chapter-16.pdf
671c4076-b628-4020-817f-2b873246d2c1,Zoology,BOTANY,XII-BIO-01,0.3333,0.30-0.34,PASSED,ncert-books-class-12-biology-chapter-1.pdf
982f20be-90f8-45fe-88d1-3068ff8cefe4,Botany,PHYSICS,PHYSICS-U17,0.3333,0.30-0.34,PASSED,leph203.pdf
a59ed765-bb50-41b7-92fb-ce37b508cc4f,Chemistry,PHYSICS,PHYSICS-U07,0.3333,0.30-0.34,PASSED,ncert-books-class-11-physics-chapter-9.pdf
bcd67a5f-6a86-4825-ab29-44d20560a99d,Chemistry,PHYSICS,PHYSICS-U09,0.3333,0.30-0.34,PASSED,ncert-books-class-11-physics-chapter-12.pdf
e6f0888f-c8be-49d9-a935-350ea123ce98,Botany,BIOLOGY,BIOLOGY-U01,0.3333,0.30-0.34,PASSED,ncert-books-class-11-biology-chapter-1.pdf
71340a8e-d93d-4b3e-93de-58d005091e29,Botany,CORE_BIOLOGY,XII-BIO-09,0.3333,0.30-0.34,PASSED,ncert-books-class-12-biology-chapter-9.pdf
d808044d-1a5a-456e-827f-a30483a10607,Botany,CHEMISTRY,CHEMISTRY-U03,0.3333,0.30-0.34,PASSED,ncert-books-class-11-chemistry-chapter-4.pdf
a255ce06-e799-4b7c-9c72-8bb95ced1138,Zoology,CHEMISTRY,CHEMISTRY-U03,0.3333,0.30-0.34,PASSED,ncert-books-class-11-chemistry-chapter-4.pdf
d10a2032-eacc-4e4c-955b-a835061a242b,Zoology,BOTANY,XII-BIO-01,0.3333,0.30-0.34,PASSED,ncert-books-class-12-biology-chapter-1.pdf
c72368a6-35d8-412c-bf6c-5863b9ed821a,Zoology,BIOLOGY,BIOLOGY-U05,0.3333,0.30-0.34,PASSED,ncert-books-class-11-biology-chapter-16.pdf
df567368-3e8a-47a5-99cf-bc682ffa4b22,Zoology,CHEMISTRY,CHEMISTRY-U03,0.3333,0.30-0.34,PASSED,ncert-books-class-11-chemistry-chapter-4.pdf
a85f0a6c-5a1d-4bb0-ba80-14b2440812ae,Zoology,CHEMISTRY,CHEMISTRY-U03,0.3333,0.30-0.34,PASSED,ncert-books-class-11-chemistry-chapter-4.pdf
7ed0e5cc-2842-4f24-b82c-5ce579a68cd6,Chemistry,PHYSICS,PHYSICS-U07,0.3333,0.30-0.34,PASSED,ncert-books-class-11-physics-chapter-9.pdf
bbec2a89-91ba-4c06-93d9-7e3d1ee9601c,Chemistry,PHYSICS,PHYSICS-U09,0.3333,0.30-0.34,PASSED,ncert-books-class-11-physics-chapter-12.pdf
7ff92f37-229d-44a0-b4ae-3dbf35f276a6,Botany,CORE_BIOLOGY,XII-BIO-09,0.3333,0.30-0.34,PASSED,ncert-books-class-12-biology-chapter-9.pdf
15ba7ffe-082e-4875-bf77-f2a060df2b47,Botany,BIOLOGY,BIOLOGY-U01,0.3333,0.30-0.34,PASSED,ncert-books-class-11-biology-chapter-1.pdf
77ddf5f6-37bd-4c97-8d5d-f936f111e031,Botany,PHYSICS,PHYSICS-U17,0.3333,0.30-0.34,PASSED,leph203.pdf
06f254ed-145e-409e-af7a-54b88d1e1fe7,Botany,CHEMISTRY,CHEMISTRY-U03,0.3333,0.30-0.34,PASSED,ncert-books-class-11-chemistry-chapter-4.pdf
c3be0f74-c9fb-4bc1-9b3e-378c25e51667,Zoology,CHEMISTRY,CHEMISTRY-U03,0.3333,0.30-0.34,PASSED,ncert-books-class-11-chemistry-chapter-4.pdf
ac70e8d7-ba33-4a0f-9e15-11c800168dad,Zoology,CHEMISTRY,CHEMISTRY-U03,0.3333,0.30-0.34,PASSED,ncert-books-class-11-chemistry-chapter-4.pdf
5d1d470e-66f7-48e0-85f0-ec7803194b68,Zoology,CHEMISTRY,CHEMISTRY-U03,0.3333,0.30-0.34,PASSED,ncert-books-class-11-chemistry-chapter-4.pdf
ad21519f-dd82-413d-94a1-69f650f94f01,Zoology,BOTANY,XII-BIO-01,0.3333,0.30-0.34,PASSED,ncert-books-class-12-biology-chapter-1.pdf
c015be6f-e4ae-4c01-bf95-aa94f4b74522,Zoology,BIOLOGY,BIOLOGY-U05,0.3333,0.30-0.34,PASSED,ncert-books-class-11-biology-chapter-16.pdf
4fdc30c9-1f5e-4ea0-ada2-d46920c28675,Botany,PHYSICS,PHYSICS-U17,0.3333,0.30-0.34,PASSED,leph203.pdf
a1fc598e-efda-47d7-ad11-5da8f72d68f7,Chemistry,PHYSICS,PHYSICS-U09,0.3333,0.30-0.34,PASSED,ncert-books-class-11-physics-chapter-12.pdf
05064a44-f172-4789-8270-5480adfc2105,Chemistry,PHYSICS,PHYSICS-U07,0.3333,0.30-0.34,PASSED,ncert-books-class-11-physics-chapter-9.pdf
9187df0e-35c1-4f1a-8d5d-142d3490bb31,Zoology,CHEMISTRY,CHEMISTRY-U03,0.3333,0.30-0.34,PASSED,ncert-books-class-11-chemistry-chapter-4.pdf
78078d10-a844-4d3f-9744-7713e34209ac,Botany,CORE_BIOLOGY,XII-BIO-09,0.3333,0.30-0.34,PASSED,ncert-books-class-12-biology-chapter-9.pdf
2fc917fd-34db-4583-ad35-1baa5c4ec76c,Botany,PHYSICS,PHYSICS-U17,0.3333,0.30-0.34,PASSED,leph203.pdf
dd0cc612-5446-4e01-80ae-9fb4e153025c,Botany,BIOLOGY,BIOLOGY-U01,0.3333,0.30-0.34,PASSED,ncert-books-class-11-biology-chapter-1.pdf
63748475-e25d-42e2-b44f-8a9ec2f82795,Botany,CHEMISTRY,CHEMISTRY-U03,0.3333,0.30-0.34,PASSED,ncert-books-class-11-chemistry-chapter-4.pdf
620309e6-795e-4b11-8e64-b63d623993d6,Zoology,BIOLOGY,BIOLOGY-U05,0.3333,0.30-0.34,PASSED,ncert-books-class-11-biology-chapter-16.pdf
7c7016ae-f33c-455c-bb2a-4fdbbe7400f4,Zoology,CHEMISTRY,CHEMISTRY-U03,0.3333,0.30-0.34,PASSED,ncert-books-class-11-chemistry-chapter-4.pdf
9887cf87-01aa-4839-b0e4-f01e99534eb6,Zoology,CHEMISTRY,CHEMISTRY-U03,0.3333,0.30-0.34,PASSED,ncert-books-class-11-chemistry-chapter-4.pdf
843140fb-fd85-48dc-8dc3-006132ae6b37,Zoology,BOTANY,XII-BIO-01,0.3333,0.30-0.34,PASSED,ncert-books-class-12-biology-chapter-1.pdf
a1b7cd80-e810-4891-b447-7d9f0db06dfb,Chemistry,PHYSICS,PHYSICS-U07,0.3333,0.30-0.34,PASSED,ncert-books-class-11-physics-chapter-9.pdf
0153b653-a7d9-4e82-82b3-3e38a0dbab82,Chemistry,PHYSICS,PHYSICS-U09,0.3333,0.30-0.34,PASSED,ncert-books-class-11-physics-chapter-12.pdf
1306f84a-f358-46b2-92bc-a4816af64009,Botany,BIOLOGY,BIOLOGY-U01,0.3333,0.30-0.34,PASSED,ncert-books-class-11-biology-chapter-1.pdf
ffc098d8-976e-4bad-8bfe-1bf9ac47ac30,Botany,CORE_BIOLOGY,XII-BIO-09,0.3333,0.30-0.34,PASSED,ncert-books-class-12-biology-chapter-9.pdf
be077bbf-b762-4178-8032-369b5fd4a79c,Botany,CHEMISTRY,CHEMISTRY-U03,0.3333,0.30-0.34,PASSED,ncert-books-class-11-chemistry-chapter-4.pdf
5057e387-6beb-4c58-90bd-5b43f35a27f8,Zoology,CHEMISTRY,CHEMISTRY-U03,0.3333,0.30-0.34,PASSED,ncert-books-class-11-chemistry-chapter-4.pdf
66499a18-6bfc-4856-889d-3751bb56af3f,Zoology,BOTANY,XII-BIO-01,0.3333,0.30-0.34,PASSED,ncert-books-class-12-biology-chapter-1.pdf
e738c782-660c-4537-a4e0-b59665afe079,Zoology,BIOLOGY,BIOLOGY-U05,0.3333,0.30-0.34,PASSED,ncert-books-class-11-biology-chapter-16.pdf
362055ea-1b1b-40e3-b0f1-229d3b83fb83,Zoology,CHEMISTRY,CHEMISTRY-U03,0.3333,0.30-0.34,PASSED,ncert-books-class-11-chemistry-chapter-4.pdf
e561b7a3-6b34-4828-b754-8ce0ae0c4066,Zoology,CHEMISTRY,CHEMISTRY-U03,0.3333,0.30-0.34,PASSED,ncert-books-class-11-chemistry-chapter-4.pdf
6f1b4986-fd81-4df1-9ba3-a606d0f4c1e1,Chemistry,PHYSICS,PHYSICS-U09,0.3333,0.30-0.34,PASSED,ncert-books-class-11-physics-chapter-12.pdf
6e529e08-dba8-4fbd-942d-ec7b33486f76,Chemistry,PHYSICS,PHYSICS-U07,0.3333,0.30-0.34,PASSED,ncert-books-class-11-physics-chapter-9.pdf
a1a8388e-3d0c-4fcb-b344-758ae597d93e,Botany,PHYSICS,PHYSICS-U17,0.3333,0.30-0.34,PASSED,leph203.pdf
e1574e27-049e-4eef-aed5-598a8651171c,Botany,BIOLOGY,BIOLOGY-U01,0.3333,0.30-0.34,PASSED,ncert-books-class-11-biology-chapter-1.pdf
ac95e19d-7e3c-409c-aa23-7e24b0ae452e,Botany,CORE_BIOLOGY,XII-BIO-09,0.3333,0.30-0.34,PASSED,ncert-books-class-12-biology-chapter-9.pdf
3c18882d-9f9d-44c9-aa7e-5edfcb604f97,Botany,CHEMISTRY,CHEMISTRY-U03,0.3333,0.30-0.34,PASSED,ncert-books-class-11-chemistry-chapter-4.pdf
426241ea-ff6b-4ebc-be44-77c5741a59af,Zoology,CHEMISTRY,CHEMISTRY-U03,0.3333,0.30-0.34,PASSED,ncert-books-class-11-chemistry-chapter-4.pdf
2bb79487-65f9-4a05-81e7-af9674b602b1,Zoology,CHEMISTRY,CHEMISTRY-U03,0.3333,0.30-0.34,PASSED,ncert-books-class-11-chemistry-chapter-4.pdf
4c55fcca-73f3-428c-884a-51916d98bbd3,Zoology,BOTANY,XII-BIO-01,0.3333,0.30-0.34,PASSED,ncert-books-class-12-biology-chapter-1.pdf
7dbb7970-75be-489d-88df-b12296b00bfa,Zoology,CHEMISTRY,CHEMISTRY-U03,0.3333,0.30-0.34,PASSED,ncert-books-class-11-chemistry-chapter-4.pdf
50d145a8-b7ca-448e-a177-a36add2a2b1c,Zoology,BIOLOGY,BIOLOGY-U05,0.3333,0.30-0.34,PASSED,ncert-books-class-11-biology-chapter-16.pdf
2c46835b-418a-479e-9488-eac896b80842,Chemistry,PHYSICS,PHYSICS-U07,0.3333,0.30-0.34,PASSED,ncert-books-class-11-physics-chapter-9.pdf
c93155b5-f2f4-446c-9a31-4220fb2e36ed,Chemistry,PHYSICS,PHYSICS-U09,0.3333,0.30-0.34,PASSED,ncert-books-class-11-physics-chapter-12.pdf
0598ac41-bc2a-4b2a-8819-1c9d0b509f4d,Botany,BIOLOGY,BIOLOGY-U01,0.3333,0.30-0.34,PASSED,ncert-books-class-11-biology-chapter-1.pdf
c97bfb68-4eaf-4568-a3e2-1d5b94b12d54,Botany,PHYSICS,PHYSICS-U17,0.3333,0.30-0.34,PASSED,leph203.pdf
1e198247-7b4e-477f-b9c3-8656710899c1,Botany,CORE_BIOLOGY,XII-BIO-09,0.3333,0.30-0.34,PASSED,ncert-books-class-12-biology-chapter-9.pdf
871b9957-fff2-4f83-9c3e-7b294d5a0a37,Botany,CHEMISTRY,CHEMISTRY-U03,0.3333,0.30-0.34,PASSED,ncert-books-class-11-chemistry-chapter-4.pdf
0500eefd-0127-4d4a-9caa-ab7458f8053f,Zoology,CHEMISTRY,CHEMISTRY-U03,0.3333,0.30-0.34,PASSED,ncert-books-class-11-chemistry-chapter-4.pdf
31f83720-6369-49b0-b648-71b443c2f3b4,Zoology,CHEMISTRY,CHEMISTRY-U03,0.3333,0.30-0.34,PASSED,ncert-books-class-11-chemistry-chapter-4.pdf
c8fb687c-6ca7-4b8c-81f6-ba7b596b686b,Zoology,BIOLOGY,BIOLOGY-U05,0.3333,0.30-0.34,PASSED,ncert-books-class-11-biology-chapter-16.pdf
6cc9fc08-f808-42fb-935e-d2c192999bc2,Zoology,BOTANY,XII-BIO-01,0.3333,0.30-0.34,PASSED,ncert-books-class-12-biology-chapter-1.pdf
394ccb46-8ba8-4164-bbed-c6c079794caf,Zoology,CHEMISTRY,CHEMISTRY-U03,0.3333,0.30-0.34,PASSED,ncert-books-class-11-chemistry-chapter-4.pdf
5cbf1114-d2e1-45e2-80e6-049eedeb6c59,Chemistry,PHYSICS,PHYSICS-U07,0.3333,0.30-0.34,PASSED,ncert-books-class-11-physics-chapter-9.pdf
34e547d9-e7fb-49a7-af66-7f17beec9901,Chemistry,PHYSICS,PHYSICS-U09,0.3333,0.30-0.34,PASSED,ncert-books-class-11-physics-chapter-12.pdf
5184667f-a9bf-4f88-9d33-449e46531ce1,Botany,BIOLOGY,BIOLOGY-U01,0.3333,0.30-0.34,PASSED,ncert-books-class-11-biology-chapter-1.pdf
27eb502b-2405-4863-9c5b-12ca0865db31,Botany,CORE_BIOLOGY,XII-BIO-09,0.3333,0.30-0.34,PASSED,ncert-books-class-12-biology-chapter-9.pdf
2743c41b-f123-4757-9ab2-b08e6e0f01cb,Botany,PHYSICS,PHYSICS-U17,0.3333,0.30-0.34,PASSED,leph203.pdf
f82381fe-ff3c-4944-b5ba-7c70a7649975,Botany,CHEMISTRY,CHEMISTRY-U03,0.3333,0.30-0.34,PASSED,ncert-books-class-11-chemistry-chapter-4.pdf
c7309d27-5e13-40d4-86cd-ef1d71bc03f3,Zoology,BIOLOGY,BIOLOGY-U05,0.3333,0.30-0.34,PASSED,ncert-books-class-11-biology-chapter-16.pdf
f82c8945-cfa8-4c5d-93f2-2fe15028a688,Zoology,CHEMISTRY,CHEMISTRY-U03,0.3333,0.30-0.34,PASSED,ncert-books-class-11-chemistry-chapter-4.pdf
60ef48c5-e64a-4fac-ab45-dca864737b06,Zoology,CHEMISTRY,CHEMISTRY-U03,0.3333,0.30-0.34,PASSED,ncert-books-class-11-chemistry-chapter-4.pdf
154264a0-2976-40cc-8ba0-90246b4fa0a2,Zoology,BOTANY,XII-BIO-01,0.3333,0.30-0.34,PASSED,ncert-books-class-12-biology-chapter-1.pdf
cd8c0864-4662-4bfd-90f3-8043a836220e,Zoology,CHEMISTRY,CHEMISTRY-U03,0.3333,0.30-0.34,PASSED,ncert-books-class-11-chemistry-chapter-4.pdf
f6de949d-42d0-459a-86c6-3f73870920d4,Chemistry,PHYSICS,PHYSICS-U07,0.3333,0.30-0.34,PASSED,ncert-books-class-11-physics-chapter-9.pdf
ae881024-ce38-4ccf-a3a0-a228a72b92c6,Chemistry,PHYSICS,PHYSICS-U09,0.3333,0.30-0.34,PASSED,ncert-books-class-11-physics-chapter-12.pdf
090aae13-c23e-4d1a-ab37-84d53091df9a,Botany,PHYSICS,PHYSICS-U17,0.3333,0.30-0.34,PASSED,leph203.pdf
73d34ee3-895f-4e20-87e4-0049b2fbffa1,Botany,BIOLOGY,BIOLOGY-U01,0.3333,0.30-0.34,PASSED,ncert-books-class-11-biology-chapter-1.pdf
36cc124f-0b0b-4e7e-a246-964b7835a080,Botany,CORE_BIOLOGY,XII-BIO-09,0.3333,0.30-0.34,PASSED,ncert-books-class-12-biology-chapter-9.pdf
b4656ccd-0e4c-4538-9526-bbf2344b0f61,Botany,CHEMISTRY,CHEMISTRY-U03,0.3333,0.30-0.34,PASSED,ncert-books-class-11-chemistry-chapter-4.pdf
98b86e6c-d5f2-4fde-9fd4-d6960416d8b9,Zoology,CHEMISTRY,CHEMISTRY-U03,0.3333,0.30-0.34,PASSED,ncert-books-class-11-chemistry-chapter-4.pdf
789e5e9a-c94c-41f7-b457-6670bf11813e,Zoology,CHEMISTRY,CHEMISTRY-U03,0.3333,0.30-0.34,PASSED,ncert-books-class-11-chemistry-chapter-4.pdf
084019f0-9a99-45e5-ad59-7328d2d1f168,Zoology,BOTANY,XII-BIO-01,0.3333,0.30-0.34,PASSED,ncert-books-class-12-biology-chapter-1.pdf
f664c00d-b46e-4f1a-80f8-828889235a27,Zoology,CHEMISTRY,CHEMISTRY-U03,0.3333,0.30-0.34,PASSED,ncert-books-class-11-chemistry-chapter-4.pdf
2e90c637-a395-4a95-b620-e476c7b3660c,Zoology,BIOLOGY,BIOLOGY-U05,0.3333,0.30-0.34,PASSED,ncert-books-class-11-biology-chapter-16.pdf
ffdfd1b8-0b6d-4844-8a4b-58e8b55568d1,Chemistry,PHYSICS,PHYSICS-U07,0.3333,0.30-0.34,PASSED,ncert-books-class-11-physics-chapter-9.pdf
e28c3d58-9c1e-4236-ba74-bdab8f8092cc,Chemistry,PHYSICS,PHYSICS-U09,0.3333,0.30-0.34,PASSED,ncert-books-class-11-physics-chapter-12.pdf
c5e9c02f-711a-4d8a-b605-8f08e8958e75,Botany,BIOLOGY,BIOLOGY-U01,0.3333,0.30-0.34,PASSED,ncert-books-class-11-biology-chapter-1.pdf
b1da82ff-c465-4d05-a469-9f9195e7fa9b,Botany,CORE_BIOLOGY,XII-BIO-09,0.3333,0.30-0.34,PASSED,ncert-books-class-12-biology-chapter-9.pdf
986647d2-8622-4123-9a50-c49c7881b8dd,Botany,PHYSICS,PHYSICS-U17,0.3333,0.30-0.34,PASSED,leph203.pdf
f555d5ed-49d5-4a87-a269-af6e612a6936,Botany,CHEMISTRY,CHEMISTRY-U03,0.3333,0.30-0.34,PASSED,ncert-books-class-11-chemistry-chapter-4.pdf
85ede7a7-c6ea-49d8-b700-8ad157b5b937,Zoology,BOTANY,XII-BIO-01,0.3333,0.30-0.34,PASSED,ncert-books-class-12-biology-chapter-1.pdf
cd5e7e37-9832-4c6d-859b-b17cbba76539,Zoology,CHEMISTRY,CHEMISTRY-U03,0.3333,0.30-0.34,PASSED,ncert-books-class-11-chemistry-chapter-4.pdf
ed2b988b-773d-4c34-a6e4-e3247e7e2aab,Zoology,CHEMISTRY,CHEMISTRY-U03,0.3333,0.30-0.34,PASSED,ncert-books-class-11-chemistry-chapter-4.pdf
dbfae647-cf18-459d-b1ad-0ed367f4a41b,Zoology,CHEMISTRY,CHEMISTRY-U03,0.3333,0.30-0.34,PASSED,ncert-books-class-11-chemistry-chapter-4.pdf
4d020586-c272-46bd-932e-d0172a63140e,Zoology,BIOLOGY,BIOLOGY-U05,0.3333,0.30-0.34,PASSED,ncert-books-class-11-biology-chapter-16.pdf
0b8cc41a-782c-4663-914a-b3daea3df58b,Botany,CHEMISTRY,CHEMISTRY-U19,0.3158,0.30-0.34,PASSED,ncert-books-class-12-chemistry-chapter-10.pdf
b5944e3a-4408-4f26-8db5-7dff486f830f,Botany,CHEMISTRY,CHEMISTRY-U19,0.3158,0.30-0.34,PASSED,ncert-books-class-12-chemistry-chapter-10.pdf
caad597d-8006-40e9-a4b3-2d2a14c421cc,Botany,CHEMISTRY,CHEMISTRY-U19,0.3158,0.30-0.34,PASSED,ncert-books-class-12-chemistry-chapter-10.pdf
d0fcc2e0-eaeb-4c41-8e60-05bbe6935e87,Botany,CHEMISTRY,CHEMISTRY-U19,0.3158,0.30-0.34,PASSED,ncert-books-class-12-chemistry-chapter-10.pdf
1f3ac2ce-8c9a-4acb-9dbf-c04fe55f69c9,Botany,CHEMISTRY,CHEMISTRY-U19,0.3158,0.30-0.34,PASSED,ncert-books-class-12-chemistry-chapter-10.pdf
ac90612c-e5fe-42f7-8b9c-26b8ef7348d4,Botany,CHEMISTRY,CHEMISTRY-U19,0.3158,0.30-0.34,PASSED,ncert-books-class-12-chemistry-chapter-10.pdf
270ccd23-f95c-45f5-b679-139308391015,Botany,CHEMISTRY,CHEMISTRY-U19,0.3158,0.30-0.34,PASSED,ncert-books-class-12-chemistry-chapter-10.pdf
dfa929bc-9b09-4a6f-8db5-1a4946beadf1,Botany,CHEMISTRY,CHEMISTRY-U19,0.3158,0.30-0.34,PASSED,ncert-books-class-12-chemistry-chapter-10.pdf
0120b326-a257-4842-be9b-f53c497e6289,Botany,CHEMISTRY,CHEMISTRY-U19,0.3158,0.30-0.34,PASSED,ncert-books-class-12-chemistry-chapter-10.pdf
0121b9d9-a5a9-4d85-b8b9-d3c8d0f85b07,Botany,CHEMISTRY,CHEMISTRY-U19,0.3158,0.30-0.34,PASSED,ncert-books-class-12-chemistry-chapter-10.pdf
07eb722d-f8c4-4d09-88b1-42315b9b2abd,Botany,CHEMISTRY,CHEMISTRY-U19,0.3158,0.30-0.34,PASSED,ncert-books-class-12-chemistry-chapter-10.pdf
ad922ab1-da70-4c62-9d6e-beea9ebe0ca7,Botany,CHEMISTRY,CHEMISTRY-U19,0.3158,0.30-0.34,PASSED,ncert-books-class-12-chemistry-chapter-10.pdf
60164fa0-1afd-4e3c-90e7-0cd79cac2617,Botany,CHEMISTRY,CHEMISTRY-U19,0.3158,0.30-0.34,PASSED,ncert-books-class-12-chemistry-chapter-10.pdf
5bdab875-638b-448e-bc4c-7c916b6f3489,Botany,CHEMISTRY,CHEMISTRY-U19,0.3158,0.30-0.34,PASSED,ncert-books-class-12-chemistry-chapter-10.pdf
48abba48-0c8c-4d00-a964-138f5f456336,Botany,CHEMISTRY,CHEMISTRY-U19,0.3158,0.30-0.34,PASSED,ncert-books-class-12-chemistry-chapter-10.pdf
67c8f6df-07c6-4393-884e-a3b5693a9ac4,Botany,CHEMISTRY,CHEMISTRY-U19,0.3158,0.30-0.34,PASSED,ncert-books-class-12-chemistry-chapter-10.pdf
6a217d2c-0867-4c48-a73d-b76c3d32712d,Botany,CHEMISTRY,CHEMISTRY-U19,0.3158,0.30-0.34,PASSED,ncert-books-class-12-chemistry-chapter-10.pdf
afa90e01-aa13-4f09-9767-1ebb3d360a8d,Botany,CHEMISTRY,CHEMISTRY-U19,0.3158,0.30-0.34,PASSED,ncert-books-class-12-chemistry-chapter-10.pdf
84137725-70aa-46f8-8234-c07148fe6618,Botany,CHEMISTRY,CHEMISTRY-U19,0.3158,0.30-0.34,PASSED,ncert-books-class-12-chemistry-chapter-10.pdf
0af5a421-f186-4753-846f-f0308e4702b6,Physics,CHEMISTRY,CHEMISTRY-U08,0.3,0.30-0.34,PASSED,ncert-books-class-12-chemistry-chapter-3.pdf
fe4cbf3c-d508-4747-9511-e614f4a2cd08,Chemistry,BIOLOGY,BIOLOGY-U05,0.3,0.30-0.34,PASSED,ncert-books-class-11-biology-chapter-18.pdf
e277101f-9223-418e-97e7-bc1f694f2526,Chemistry,BIOLOGY,BIOLOGY-U03,0.3,0.30-0.34,PASSED,ncert-books-class-11-biology-chapter-8.pdf
e38ec5d0-ddc3-4ac4-a38b-56ae2fe0638c,Physics,CHEMISTRY,CHEMISTRY-U08,0.3,0.30-0.34,PASSED,ncert-books-class-12-chemistry-chapter-3.pdf
18192249-7c13-4c5a-a952-dc0c5f45343a,Chemistry,BIOLOGY,BIOLOGY-U03,0.3,0.30-0.34,PASSED,ncert-books-class-11-biology-chapter-8.pdf
96572aeb-76f3-42c4-be31-5a07db40013b,Chemistry,BIOLOGY,BIOLOGY-U05,0.3,0.30-0.34,PASSED,ncert-books-class-11-biology-chapter-18.pdf
7e8431cc-db4d-47ad-be62-9d6c01a0c2fd,Physics,CHEMISTRY,CHEMISTRY-U08,0.3,0.30-0.34,PASSED,ncert-books-class-12-chemistry-chapter-3.pdf
2d264828-99c6-480e-ac87-6be0d2d76232,Chemistry,BIOLOGY,BIOLOGY-U05,0.3,0.30-0.34,PASSED,ncert-books-class-11-biology-chapter-18.pdf
342de18f-176f-42a9-8542-2085ccab5bcc,Chemistry,BIOLOGY,BIOLOGY-U03,0.3,0.30-0.34,PASSED,ncert-books-class-11-biology-chapter-8.pdf
3b87773e-0216-4461-ae9b-913532648a41,Physics,CHEMISTRY,CHEMISTRY-U08,0.3,0.30-0.34,PASSED,ncert-books-class-12-chemistry-chapter-3.pdf
4a1dd72a-c2c5-49d5-8eef-216ea679d4e1,Chemistry,BIOLOGY,BIOLOGY-U05,0.3,0.30-0.34,PASSED,ncert-books-class-11-biology-chapter-18.pdf
7bd071ac-081c-4b50-aae8-20ab0c3a1fdb,Chemistry,BIOLOGY,BIOLOGY-U03,0.3,0.30-0.34,PASSED,ncert-books-class-11-biology-chapter-8.pdf
fd4e2412-6fbc-49a6-bf80-888e37df9796,Physics,CHEMISTRY,CHEMISTRY-U08,0.3,0.30-0.34,PASSED,ncert-books-class-12-chemistry-chapter-3.pdf
4f453e34-74b1-41e5-a70d-629fdd21063e,Chemistry,BIOLOGY,BIOLOGY-U03,0.3,0.30-0.34,PASSED,ncert-books-class-11-biology-chapter-8.pdf
d8294a05-9340-48ae-a3e8-707b641be18b,Chemistry,BIOLOGY,BIOLOGY-U05,0.3,0.30-0.34,PASSED,ncert-books-class-11-biology-chapter-18.pdf
f54a73fc-0c8f-42d3-9011-79af332d5f20,Physics,CHEMISTRY,CHEMISTRY-U08,0.3,0.30-0.34,PASSED,ncert-books-class-12-chemistry-chapter-3.pdf
e2c49e7a-e887-447a-bc6e-dd6d14c5bafb,Chemistry,BIOLOGY,BIOLOGY-U05,0.3,0.30-0.34,PASSED,ncert-books-class-11-biology-chapter-18.pdf
b080dbe3-0b4d-4dae-aa2d-b2183e9f6605,Chemistry,BIOLOGY,BIOLOGY-U03,0.3,0.30-0.34,PASSED,ncert-books-class-11-biology-chapter-8.pdf
d7675aae-e701-4f2b-84af-b6ac25b73b72,Physics,CHEMISTRY,CHEMISTRY-U08,0.3,0.30-0.34,PASSED,ncert-books-class-12-chemistry-chapter-3.pdf
4e1cc1d6-1cde-4dc3-9913-17bca56f659c,Chemistry,BIOLOGY,BIOLOGY-U03,0.3,0.30-0.34,PASSED,ncert-books-class-11-biology-chapter-8.pdf
b6da2793-f420-44f7-8643-47f530ec66fa,Chemistry,BIOLOGY,BIOLOGY-U05,0.3,0.30-0.34,PASSED,ncert-books-class-11-biology-chapter-18.pdf
0a205f30-05bc-43de-b1cf-f25d87fa2ec1,Physics,CHEMISTRY,CHEMISTRY-U08,0.3,0.30-0.34,PASSED,ncert-books-class-12-chemistry-chapter-3.pdf
562450ec-2254-479d-8328-ba5a035ccb9d,Chemistry,BIOLOGY,BIOLOGY-U03,0.3,0.30-0.34,PASSED,ncert-books-class-11-biology-chapter-8.pdf
5846ac44-b0a0-4512-ad28-b9a7c8dbdd84,Chemistry,BIOLOGY,BIOLOGY-U05,0.3,0.30-0.34,PASSED,ncert-books-class-11-biology-chapter-18.pdf
72b1371a-796b-4dcf-b354-746e4ad985ab,Physics,CHEMISTRY,CHEMISTRY-U08,0.3,0.30-0.34,PASSED,ncert-books-class-12-chemistry-chapter-3.pdf
62c87798-ae05-4a9b-848b-0d98f872bb7a,Chemistry,BIOLOGY,BIOLOGY-U05,0.3,0.30-0.34,PASSED,ncert-books-class-11-biology-chapter-18.pdf
a09a49a3-27e1-47a1-ad4b-f0a5766dfeac,Chemistry,BIOLOGY,BIOLOGY-U03,0.3,0.30-0.34,PASSED,ncert-books-class-11-biology-chapter-8.pdf
28a73763-58e2-46c1-8047-502a34aa22d5,Physics,CHEMISTRY,CHEMISTRY-U08,0.3,0.30-0.34,PASSED,ncert-books-class-12-chemistry-chapter-3.pdf
6a141fe1-9a7c-471c-b61a-9d4ed8531c31,Chemistry,BIOLOGY,BIOLOGY-U03,0.3,0.30-0.34,PASSED,ncert-books-class-11-biology-chapter-8.pdf
2776e2e4-f49e-4823-9d10-ad05f7770884,Chemistry,BIOLOGY,BIOLOGY-U05,0.3,0.30-0.34,PASSED,ncert-books-class-11-biology-chapter-18.pdf
7820723d-ece7-4e50-a623-1f550714bbbf,Physics,CHEMISTRY,CHEMISTRY-U08,0.3,0.30-0.34,PASSED,ncert-books-class-12-chemistry-chapter-3.pdf
780d0cbd-6a3c-416e-a783-ba5520dd7e9c,Chemistry,BIOLOGY,BIOLOGY-U05,0.3,0.30-0.34,PASSED,ncert-books-class-11-biology-chapter-18.pdf
e1a94640-0031-4d0f-a986-98e7f7bf05a8,Chemistry,BIOLOGY,BIOLOGY-U03,0.3,0.30-0.34,PASSED,ncert-books-class-11-biology-chapter-8.pdf
8b6aa39c-afa4-45ef-9bd3-82e076c28676,Physics,CHEMISTRY,CHEMISTRY-U08,0.3,0.30-0.34,PASSED,ncert-books-class-12-chemistry-chapter-3.pdf
b3d9ed10-d720-4d19-8ec6-386558c5f17b,Chemistry,BIOLOGY,BIOLOGY-U03,0.3,0.30-0.34,PASSED,ncert-books-class-11-biology-chapter-8.pdf
2a1644df-3526-433c-8aa5-f9de349d7ffe,Chemistry,BIOLOGY,BIOLOGY-U05,0.3,0.30-0.34,PASSED,ncert-books-class-11-biology-chapter-18.pdf
57a71622-14a5-497d-bfed-fd6f0dcc93b5,Physics,CHEMISTRY,CHEMISTRY-U08,0.3,0.30-0.34,PASSED,ncert-books-class-12-chemistry-chapter-3.pdf
f46be5ca-db51-4e38-b1c8-7dc4d9fa1ef7,Chemistry,BIOLOGY,BIOLOGY-U05,0.3,0.30-0.34,PASSED,ncert-books-class-11-biology-chapter-18.pdf
85805432-8845-4509-87b0-d71b7100829d,Chemistry,BIOLOGY,BIOLOGY-U03,0.3,0.30-0.34,PASSED,ncert-books-class-11-biology-chapter-8.pdf
71e82712-28b9-4d7f-8fd5-b67510a9b93a,Physics,CHEMISTRY,CHEMISTRY-U08,0.3,0.30-0.34,PASSED,ncert-books-class-12-chemistry-chapter-3.pdf
b02503da-0d94-46ca-ab7a-6e5ad611411c,Chemistry,BIOLOGY,BIOLOGY-U03,0.3,0.30-0.34,PASSED,ncert-books-class-11-biology-chapter-8.pdf
e21d3cbb-807c-4e9c-95b8-e760ee17eeab,Chemistry,BIOLOGY,BIOLOGY-U05,0.3,0.30-0.34,PASSED,ncert-books-class-11-biology-chapter-18.pdf
46c7dac9-e591-4e21-9f6b-27c84b79fc92,Physics,CHEMISTRY,CHEMISTRY-U08,0.3,0.30-0.34,PASSED,ncert-books-class-12-chemistry-chapter-3.pdf
4a5815ac-a853-4611-b78b-34d56240ce6d,Chemistry,BIOLOGY,BIOLOGY-U03,0.3,0.30-0.34,PASSED,ncert-books-class-11-biology-chapter-8.pdf
44375edc-f099-4037-a673-f933283ec85c,Chemistry,BIOLOGY,BIOLOGY-U05,0.3,0.30-0.34,PASSED,ncert-books-class-11-biology-chapter-18.pdf
615826c7-14cf-4a9b-881c-abaa165df2e3,Physics,CHEMISTRY,CHEMISTRY-U08,0.3,0.30-0.34,PASSED,ncert-books-class-12-chemistry-chapter-3.pdf
7ba2f4bd-9a0a-4550-9645-1a5220b40707,Chemistry,BIOLOGY,BIOLOGY-U05,0.3,0.30-0.34,PASSED,ncert-books-class-11-biology-chapter-18.pdf
a30cd7c6-9b0d-4b01-98c3-c5f74560008c,Chemistry,BIOLOGY,BIOLOGY-U03,0.3,0.30-0.34,PASSED,ncert-books-class-11-biology-chapter-8.pdf
26d0229d-43f2-453c-a7c0-7c67c22a4e75,Physics,CHEMISTRY,CHEMISTRY-U08,0.3,0.30-0.34,PASSED,ncert-books-class-12-chemistry-chapter-3.pdf
2c732d4f-909e-48c1-934a-e5492a47f44e,Chemistry,BIOLOGY,BIOLOGY-U05,0.3,0.30-0.34,PASSED,ncert-books-class-11-biology-chapter-18.pdf
fe9ddc73-5bd9-422a-9a8f-7cf9b3951308,Chemistry,BIOLOGY,BIOLOGY-U03,0.3,0.30-0.34,PASSED,ncert-books-class-11-biology-chapter-8.pdf
0189509e-8529-4d71-a9d2-613b3fa6721f,Physics,CHEMISTRY,CHEMISTRY-U08,0.3,0.30-0.34,PASSED,ncert-books-class-12-chemistry-chapter-3.pdf
616d7fa1-9cef-4019-b0d0-400cdd96bcd8,Chemistry,BIOLOGY,BIOLOGY-U05,0.3,0.30-0.34,PASSED,ncert-books-class-11-biology-chapter-18.pdf
958903f1-2b43-46a4-952c-96d809ddaf58,Chemistry,BIOLOGY,BIOLOGY-U03,0.3,0.30-0.34,PASSED,ncert-books-class-11-biology-chapter-8.pdf
7313f149-7bdb-4e17-aa12-c8174c2d2613,Physics,CHEMISTRY,CHEMISTRY-U08,0.3,0.30-0.34,PASSED,ncert-books-class-12-chemistry-chapter-3.pdf
ea2fd674-2024-4349-ad36-9f81882ef7b7,Chemistry,BIOLOGY,BIOLOGY-U05,0.3,0.30-0.34,PASSED,ncert-books-class-11-biology-chapter-18.pdf
2492214f-0b88-43cf-876c-71280c87102f,Chemistry,BIOLOGY,BIOLOGY-U03,0.3,0.30-0.34,PASSED,ncert-books-class-11-biology-chapter-8.pdf
6cf9d1d5-8f52-4293-a42a-cff5c39558c0,Physics,CHEMISTRY,CHEMISTRY-U08,0.3,0.30-0.34,PASSED,ncert-books-class-12-chemistry-chapter-3.pdf
d0cea1be-7055-499d-b064-b83fd7de1240,Chemistry,BIOLOGY,BIOLOGY-U05,0.3,0.30-0.34,PASSED,ncert-books-class-11-biology-chapter-18.pdf
681417f9-5e4e-46b0-befa-007a99fad47f,Chemistry,BIOLOGY,BIOLOGY-U03,0.3,0.30-0.34,PASSED,ncert-books-class-11-biology-chapter-8.pdf
fc284bff-e3c5-4b98-94d1-78d61c460c4a,Physics,CHEMISTRY,CHEMISTRY-U08,0.3,0.30-0.34,PASSED,ncert-books-class-12-chemistry-chapter-3.pdf
d2550f92-5af4-495c-b848-938c3ab8aec2,Chemistry,BIOLOGY,BIOLOGY-U03,0.3,0.30-0.34,PASSED,ncert-books-class-11-biology-chapter-8.pdf
4b67360f-2c20-41cc-affe-0270f91fa8dd,Chemistry,BIOLOGY,BIOLOGY-U05,0.3,0.30-0.34,PASSED,ncert-books-class-11-biology-chapter-18.pdf
e1128085-d5b0-4a04-8423-9e3147030678,Physics,CHEMISTRY,CHEMISTRY-U08,0.3,0.30-0.34,PASSED,ncert-books-class-12-chemistry-chapter-3.pdf
630c74e3-bed5-472b-9f9a-5c33b3f9fdbf,Chemistry,BIOLOGY,BIOLOGY-U03,0.3,0.30-0.34,PASSED,ncert-books-class-11-biology-chapter-8.pdf
3e2850cb-9a69-4670-99bd-4716ed559039,Chemistry,BIOLOGY,BIOLOGY-U05,0.3,0.30-0.34,PASSED,ncert-books-class-11-biology-chapter-18.pdf
7933f601-22a7-484d-a047-bb9142047f0b,Physics,CHEMISTRY,CHEMISTRY-U08,0.3,0.30-0.34,PASSED,ncert-books-class-12-chemistry-chapter-3.pdf
5777a54d-2e7a-495f-b18c-91db6db832e7,Chemistry,BIOLOGY,BIOLOGY-U05,0.3,0.30-0.34,PASSED,ncert-books-class-11-biology-chapter-18.pdf
b8e38e68-acc3-446d-9999-b019d0dee7e5,Chemistry,BIOLOGY,BIOLOGY-U03,0.3,0.30-0.34,PASSED,ncert-books-class-11-biology-chapter-8.pdf
e5cebf8f-2b07-403a-9785-ad9787b10678,Physics,CHEMISTRY,CHEMISTRY-U08,0.3,0.30-0.34,PASSED,ncert-books-class-12-chemistry-chapter-3.pdf
06159edf-6414-4dcf-a66a-caddadc2ae8d,Chemistry,BIOLOGY,BIOLOGY-U03,0.3,0.30-0.34,PASSED,ncert-books-class-11-biology-chapter-8.pdf
689666ae-945d-4d0c-8819-945f9b679975,Chemistry,BIOLOGY,BIOLOGY-U05,0.3,0.30-0.34,PASSED,ncert-books-class-11-biology-chapter-18.pdf
c6bf8108-1140-4af4-85fb-d35419e50bd9,Zoology,CHEMISTRY,CHEMISTRY-U15,0.2857,0.25-0.29,PASSED,ncert-books-class-11-chemistry-chapter-9.pdf
64313c56-175e-428c-9aef-b91553e61858,Zoology,PHYSICS,PHYSICS-U16,0.2857,0.25-0.29,PASSED,leph202.pdf
f22dcc36-ced9-49a3-9a65-ed7079db7ebc,Zoology,CHEMISTRY,CHEMISTRY-U15,0.2857,0.25-0.29,PASSED,ncert-books-class-11-chemistry-chapter-9.pdf
633379bd-5c11-4a50-800e-fe4cc23e589e,Zoology,PHYSICS,PHYSICS-U16,0.2857,0.25-0.29,PASSED,leph202.pdf
c76c6027-3b30-4d19-8e3e-42c0922ca8d4,Zoology,CHEMISTRY,CHEMISTRY-U15,0.2857,0.25-0.29,PASSED,ncert-books-class-11-chemistry-chapter-9.pdf
6b052cb8-e496-4ab6-a379-433d28eb0678,Zoology,CHEMISTRY,CHEMISTRY-U15,0.2857,0.25-0.29,PASSED,ncert-books-class-11-chemistry-chapter-9.pdf
a3c8407d-057c-40ca-a612-d8b3fa810a82,Zoology,PHYSICS,PHYSICS-U16,0.2857,0.25-0.29,PASSED,leph202.pdf
a94d1900-47e4-4086-b722-31cd9d94ae1f,Zoology,PHYSICS,PHYSICS-U16,0.2857,0.25-0.29,PASSED,leph202.pdf
a0a4f739-d2ea-4663-9e58-bad867ad6402,Zoology,PHYSICS,PHYSICS-U16,0.2857,0.25-0.29,PASSED,leph202.pdf
4221ba99-c789-4149-b233-bdae89c46a19,Zoology,PHYSICS,PHYSICS-U16,0.2857,0.25-0.29,PASSED,leph202.pdf
7031ab54-8b1a-41e5-ab37-49c45fe1d9e5,Zoology,CHEMISTRY,CHEMISTRY-U15,0.2857,0.25-0.29,PASSED,ncert-books-class-11-chemistry-chapter-9.pdf
679c160e-3f14-494e-89b1-c60124227904,Zoology,CHEMISTRY,CHEMISTRY-U15,0.2857,0.25-0.29,PASSED,ncert-books-class-11-chemistry-chapter-9.pdf
d534b71d-6bb8-4861-85d1-3f6e9a039bf5,Zoology,PHYSICS,PHYSICS-U16,0.2857,0.25-0.29,PASSED,leph202.pdf
ced85d4c-6acb-4781-acc2-edb43403b163,Zoology,CHEMISTRY,CHEMISTRY-U15,0.2857,0.25-0.29,PASSED,ncert-books-class-11-chemistry-chapter-9.pdf
b48ca529-974b-410c-9b89-4416a0b3c6a0,Zoology,CHEMISTRY,CHEMISTRY-U15,0.2857,0.25-0.29,PASSED,ncert-books-class-11-chemistry-chapter-9.pdf
96ef88c0-1030-4ea2-a9a7-437fcaed446b,Zoology,PHYSICS,PHYSICS-U16,0.2857,0.25-0.29,PASSED,leph202.pdf
007cde93-7a51-488a-8c6d-362deee61e07,Zoology,PHYSICS,PHYSICS-U16,0.2857,0.25-0.29,PASSED,leph202.pdf
11cc555f-ef8f-401a-bdab-01e68154e444,Zoology,CHEMISTRY,CHEMISTRY-U15,0.2857,0.25-0.29,PASSED,ncert-books-class-11-chemistry-chapter-9.pdf
42000876-b7d3-4e1c-9995-4f6d80a266e6,Zoology,CHEMISTRY,CHEMISTRY-U15,0.2857,0.25-0.29,PASSED,ncert-books-class-11-chemistry-chapter-9.pdf
525baa6e-006c-475f-8d66-8dd71447d5d4,Zoology,PHYSICS,PHYSICS-U16,0.2857,0.25-0.29,PASSED,leph202.pdf
36f2d310-9e44-49c1-91a2-83a127753f36,Zoology,CHEMISTRY,CHEMISTRY-U15,0.2857,0.25-0.29,PASSED,ncert-books-class-11-chemistry-chapter-9.pdf
1e58d20e-a57d-43b5-b9cd-a535e6b05802,Zoology,PHYSICS,PHYSICS-U16,0.2857,0.25-0.29,PASSED,leph202.pdf
23965a19-121c-4017-9ae9-b8c162a2304a,Zoology,CHEMISTRY,CHEMISTRY-U15,0.2857,0.25-0.29,PASSED,ncert-books-class-11-chemistry-chapter-9.pdf
20f882ec-33b4-4f3b-b0e4-34e4b5ad0572,Zoology,PHYSICS,PHYSICS-U16,0.2857,0.25-0.29,PASSED,leph202.pdf
34d72225-ed50-4190-b822-8a3cb8ab7282,Zoology,CHEMISTRY,CHEMISTRY-U15,0.2857,0.25-0.29,PASSED,ncert-books-class-11-chemistry-chapter-9.pdf
acee76a9-4e28-4c8c-9f67-34cb5f34db50,Zoology,PHYSICS,PHYSICS-U16,0.2857,0.25-0.29,PASSED,leph202.pdf
d95410cc-415f-4b1f-8782-293991c9191b,Zoology,CHEMISTRY,CHEMISTRY-U15,0.2857,0.25-0.29,PASSED,ncert-books-class-11-chemistry-chapter-9.pdf
56531b46-7b32-4470-8250-0801b5bd12bf,Zoology,PHYSICS,PHYSICS-U16,0.2857,0.25-0.29,PASSED,leph202.pdf
90a38e29-9221-4711-9e93-8bff14403858,Zoology,PHYSICS,PHYSICS-U16,0.2857,0.25-0.29,PASSED,leph202.pdf
4fdab0eb-3729-42ea-8672-d7c8d58e867c,Zoology,CHEMISTRY,CHEMISTRY-U15,0.2857,0.25-0.29,PASSED,ncert-books-class-11-chemistry-chapter-9.pdf
9be17ba8-dba2-4af3-923a-43232770a4f2,Zoology,CHEMISTRY,CHEMISTRY-U15,0.2857,0.25-0.29,PASSED,ncert-books-class-11-chemistry-chapter-9.pdf
cbc2ef57-130c-4cb1-bd48-dad1e24d2188,Zoology,PHYSICS,PHYSICS-U16,0.2857,0.25-0.29,PASSED,leph202.pdf
196a5544-3e52-45d0-a923-2155be0584e1,Zoology,CHEMISTRY,CHEMISTRY-U15,0.2857,0.25-0.29,PASSED,ncert-books-class-11-chemistry-chapter-9.pdf
2c0cde12-9868-4612-9091-9e0cf01e5dad,Zoology,PHYSICS,PHYSICS-U16,0.2857,0.25-0.29,PASSED,leph202.pdf
9f4e8f51-f364-4c32-a6f3-45f9adb8524b,Zoology,PHYSICS,PHYSICS-U16,0.2857,0.25-0.29,PASSED,leph202.pdf
091eec4b-4b79-493f-83f9-a5ffced2c76f,Zoology,CHEMISTRY,CHEMISTRY-U15,0.2857,0.25-0.29,PASSED,ncert-books-class-11-chemistry-chapter-9.pdf
aff98dfe-eb2c-41a7-95bf-829c84f3b703,Zoology,PHYSICS,PHYSICS-U16,0.2857,0.25-0.29,PASSED,leph202.pdf
75569376-b210-4576-a1a7-a65eb4c47025,Zoology,CHEMISTRY,CHEMISTRY-U15,0.2857,0.25-0.29,PASSED,ncert-books-class-11-chemistry-chapter-9.pdf
a34d4dbe-e1d2-4f62-8d8e-6ef7cec0e05e,Zoology,PHYSICS,PHYSICS-U16,0.2857,0.25-0.29,PASSED,leph202.pdf
f7a81e35-0b90-4b3d-b7e2-ac892b3694f2,Zoology,CHEMISTRY,CHEMISTRY-U15,0.2857,0.25-0.29,PASSED,ncert-books-class-11-chemistry-chapter-9.pdf
e6a5c49a-0c84-4aa9-aacc-58f1b548a2a5,Zoology,CHEMISTRY,CHEMISTRY-U15,0.2857,0.25-0.29,PASSED,ncert-books-class-11-chemistry-chapter-9.pdf
25e5508d-da4a-4126-bcc5-76fc2dc8bdd0,Zoology,PHYSICS,PHYSICS-U16,0.2857,0.25-0.29,PASSED,leph202.pdf
eff21016-6032-41f7-8217-c73e42004530,Botany,CORE_BIOLOGY,XII-BIO-09,0.2778,0.25-0.29,PASSED,ncert-books-class-12-biology-chapter-9.pdf
93db2891-6c44-4656-9dc7-f58b43f5a7bc,Botany,CORE_BIOLOGY,XII-BIO-09,0.2778,0.25-0.29,PASSED,ncert-books-class-12-biology-chapter-9.pdf
39681d5d-123a-4552-95bf-dc591b71afed,Botany,CORE_BIOLOGY,XII-BIO-09,0.2778,0.25-0.29,PASSED,ncert-books-class-12-biology-chapter-9.pdf
bd42e273-3365-4fe3-bbd4-ccb8e0ae8098,Botany,CORE_BIOLOGY,XII-BIO-09,0.2778,0.25-0.29,PASSED,ncert-books-class-12-biology-chapter-9.pdf
9c3353f5-3f84-433a-8575-f21034fef2d0,Botany,CORE_BIOLOGY,XII-BIO-09,0.2778,0.25-0.29,PASSED,ncert-books-class-12-biology-chapter-9.pdf
1c7914b7-5701-4bd3-9bf3-4090d28dd3cd,Botany,CORE_BIOLOGY,XII-BIO-09,0.2778,0.25-0.29,PASSED,ncert-books-class-12-biology-chapter-9.pdf
e12f1ff6-8f23-4c1b-8a4e-9dbe1c16949f,Botany,CORE_BIOLOGY,XII-BIO-09,0.2778,0.25-0.29,PASSED,ncert-books-class-12-biology-chapter-9.pdf
176e8467-3438-41b1-950b-02c36303b978,Botany,CORE_BIOLOGY,XII-BIO-09,0.2778,0.25-0.29,PASSED,ncert-books-class-12-biology-chapter-9.pdf
e663f1c2-5405-483e-95ed-6c71327467fe,Botany,CORE_BIOLOGY,XII-BIO-09,0.2778,0.25-0.29,PASSED,ncert-books-class-12-biology-chapter-9.pdf
54011cb5-0f65-41f9-b766-4e22110084f9,Botany,CORE_BIOLOGY,XII-BIO-09,0.2778,0.25-0.29,PASSED,ncert-books-class-12-biology-chapter-9.pdf
5d2b0c15-6c93-4e3c-8adc-95de16e86b4f,Botany,CORE_BIOLOGY,XII-BIO-09,0.2778,0.25-0.29,PASSED,ncert-books-class-12-biology-chapter-9.pdf
d476e481-cacd-4160-8fc8-ed4e4cb0ce14,Botany,CORE_BIOLOGY,XII-BIO-09,0.2778,0.25-0.29,PASSED,ncert-books-class-12-biology-chapter-9.pdf
bd063b87-7052-45b2-ad06-d1e3ed65dff7,Botany,CORE_BIOLOGY,XII-BIO-09,0.2778,0.25-0.29,PASSED,ncert-books-class-12-biology-chapter-9.pdf
92e2ed1a-197d-40c0-9589-f6a9c6945469,Botany,CORE_BIOLOGY,XII-BIO-09,0.2778,0.25-0.29,PASSED,ncert-books-class-12-biology-chapter-9.pdf
19a2adee-c33b-4b1a-8b41-4b8f6b65f3b6,Botany,CORE_BIOLOGY,XII-BIO-09,0.2778,0.25-0.29,PASSED,ncert-books-class-12-biology-chapter-9.pdf
59f9cb59-aa39-4c7d-8b47-cbf653733964,Botany,CORE_BIOLOGY,XII-BIO-09,0.2778,0.25-0.29,PASSED,ncert-books-class-12-biology-chapter-9.pdf
4740aa83-f5d4-41c1-809d-379a13a99199,Botany,CORE_BIOLOGY,XII-BIO-09,0.2778,0.25-0.29,PASSED,ncert-books-class-12-biology-chapter-9.pdf
9a23b95b-e09f-435d-b824-fd65c59d03af,Botany,CORE_BIOLOGY,XII-BIO-09,0.2778,0.25-0.29,PASSED,ncert-books-class-12-biology-chapter-9.pdf
f5cf92c6-8592-4e2a-a837-7259c8d8fa33,Physics,CHEMISTRY,CHEMISTRY-U02,0.2727,0.25-0.29,PASSED,ncert-books-class-11-chemistry-chapter-2.pdf
e51e4e65-1251-4400-8319-c0ead30d9fee,Physics,CHEMISTRY,CHEMISTRY-U02,0.2727,0.25-0.29,PASSED,ncert-books-class-11-chemistry-chapter-2.pdf
d2311a1f-44de-4ce6-9a74-10ec097638ca,Physics,CHEMISTRY,CHEMISTRY-U02,0.2727,0.25-0.29,PASSED,ncert-books-class-11-chemistry-chapter-2.pdf
a1fae442-8591-4993-afaa-7bf7e8fd564e,Physics,CHEMISTRY,CHEMISTRY-U02,0.2727,0.25-0.29,PASSED,ncert-books-class-11-chemistry-chapter-2.pdf
21fd9a62-1d43-42e3-8aa3-ea833a132675,Physics,CHEMISTRY,CHEMISTRY-U02,0.2727,0.25-0.29,PASSED,ncert-books-class-11-chemistry-chapter-2.pdf
d0c01762-432e-405e-9f66-179f2075318c,Physics,CHEMISTRY,CHEMISTRY-U02,0.2727,0.25-0.29,PASSED,ncert-books-class-11-chemistry-chapter-2.pdf
a04879a3-625f-404f-bc54-827a8a861772,Physics,CHEMISTRY,CHEMISTRY-U02,0.2727,0.25-0.29,PASSED,ncert-books-class-11-chemistry-chapter-2.pdf
933ab6cf-8831-49d7-ad51-5a3e6cc1fc81,Physics,CHEMISTRY,CHEMISTRY-U02,0.2727,0.25-0.29,PASSED,ncert-books-class-11-chemistry-chapter-2.pdf
eb0d940a-50fd-432f-9efe-e4fd43b7733f,Physics,CHEMISTRY,CHEMISTRY-U02,0.2727,0.25-0.29,PASSED,ncert-books-class-11-chemistry-chapter-2.pdf
1669f153-58b1-433c-bd0a-40d22b62c1bc,Physics,CHEMISTRY,CHEMISTRY-U02,0.2727,0.25-0.29,PASSED,ncert-books-class-11-chemistry-chapter-2.pdf
2458fa58-0e39-429a-9e41-e782e12a08b2,Physics,CHEMISTRY,CHEMISTRY-U02,0.2727,0.25-0.29,PASSED,ncert-books-class-11-chemistry-chapter-2.pdf
f59b06e8-1a22-4b42-98b3-243d464b744a,Physics,CHEMISTRY,CHEMISTRY-U02,0.2727,0.25-0.29,PASSED,ncert-books-class-11-chemistry-chapter-2.pdf
a2a6c54e-9261-414c-b920-dde6cceae98d,Physics,CHEMISTRY,CHEMISTRY-U02,0.2727,0.25-0.29,PASSED,ncert-books-class-11-chemistry-chapter-2.pdf
fa310a2c-d645-40fa-923f-5978f37b3512,Physics,CHEMISTRY,CHEMISTRY-U02,0.2727,0.25-0.29,PASSED,ncert-books-class-11-chemistry-chapter-2.pdf
b7c617bc-89a0-4a29-bf34-a8dcbd978939,Physics,CHEMISTRY,CHEMISTRY-U02,0.2727,0.25-0.29,PASSED,ncert-books-class-11-chemistry-chapter-2.pdf
7a171a05-a143-46ff-8769-ac97f9b22d75,Physics,CHEMISTRY,CHEMISTRY-U02,0.2727,0.25-0.29,PASSED,ncert-books-class-11-chemistry-chapter-2.pdf
5b68bfee-253f-4961-bf5f-dd21b089eb1b,Physics,CHEMISTRY,CHEMISTRY-U02,0.2727,0.25-0.29,PASSED,ncert-books-class-11-chemistry-chapter-2.pdf
3d94c6fe-4680-4dfa-9311-c3c6417a7f52,Physics,CHEMISTRY,CHEMISTRY-U02,0.2727,0.25-0.29,PASSED,ncert-books-class-11-chemistry-chapter-2.pdf
db8162fb-e302-4f6b-afe0-2bcfaec7c894,Physics,CHEMISTRY,CHEMISTRY-U02,0.2727,0.25-0.29,PASSED,ncert-books-class-11-chemistry-chapter-2.pdf
6a0c28ee-7cf4-4029-a047-a0e74fd11f37,Physics,CHEMISTRY,CHEMISTRY-U02,0.2727,0.25-0.29,PASSED,ncert-books-class-11-chemistry-chapter-2.pdf
596e186a-45f5-42af-a869-6907c9bd9179,Physics,CHEMISTRY,CHEMISTRY-U02,0.2727,0.25-0.29,PASSED,ncert-books-class-11-chemistry-chapter-2.pdf
50e2ee5c-0759-468b-99ab-1e58b6645e1a,Physics,CHEMISTRY,CHEMISTRY-U02,0.2727,0.25-0.29,PASSED,ncert-books-class-11-chemistry-chapter-2.pdf
52e34a35-5597-4e24-8117-1c1984b5b47d,Physics,CHEMISTRY,CHEMISTRY-U02,0.2727,0.25-0.29,PASSED,ncert-books-class-11-chemistry-chapter-2.pdf
33bc6d70-cb70-4e0a-9248-a96a9d8b8f8b,Physics,CHEMISTRY,CHEMISTRY-U02,0.2727,0.25-0.29,PASSED,ncert-books-class-11-chemistry-chapter-2.pdf
8591b53d-3f81-4b1f-ba0e-268855365b2c,Zoology,BIOLOGY,BIOLOGY-U05,0.2632,0.25-0.29,PASSED,ncert-books-class-11-biology-chapter-17.pdf
08a0be54-5348-4f91-939a-4dad76b93ed8,Zoology,BIOLOGY,BIOLOGY-U05,0.2632,0.25-0.29,PASSED,ncert-books-class-11-biology-chapter-17.pdf
e2b155be-2d31-4f71-9304-7e19f47a778a,Zoology,BIOLOGY,BIOLOGY-U05,0.2632,0.25-0.29,PASSED,ncert-books-class-11-biology-chapter-17.pdf
884ce4e1-368f-4c9f-b7cf-ab23b9a7a150,Zoology,BIOLOGY,BIOLOGY-U05,0.2632,0.25-0.29,PASSED,ncert-books-class-11-biology-chapter-17.pdf
4778c0ff-56b7-4e86-b16a-4a7dc7e7ba75,Zoology,BIOLOGY,BIOLOGY-U05,0.2632,0.25-0.29,PASSED,ncert-books-class-11-biology-chapter-17.pdf
1e863f62-eaf5-4ba5-9564-c95e86f2e8d1,Zoology,BIOLOGY,BIOLOGY-U05,0.2632,0.25-0.29,PASSED,ncert-books-class-11-biology-chapter-17.pdf
3cdfe210-1153-44b7-bf25-d822517918d6,Zoology,BIOLOGY,BIOLOGY-U05,0.2632,0.25-0.29,PASSED,ncert-books-class-11-biology-chapter-17.pdf
eba33b92-4653-497f-86dd-49c10f391aa9,Zoology,BIOLOGY,BIOLOGY-U05,0.2632,0.25-0.29,PASSED,ncert-books-class-11-biology-chapter-17.pdf
d2e65f93-e622-4f7a-a47c-517205bddf59,Zoology,BIOLOGY,BIOLOGY-U05,0.2632,0.25-0.29,PASSED,ncert-books-class-11-biology-chapter-17.pdf
37d177d6-92e5-4e47-835d-d627b8c5e489,Zoology,BIOLOGY,BIOLOGY-U05,0.2632,0.25-0.29,PASSED,ncert-books-class-11-biology-chapter-17.pdf
e6ce8fb0-537d-44f8-835c-7f0d2dbcf117,Zoology,BIOLOGY,BIOLOGY-U05,0.2632,0.25-0.29,PASSED,ncert-books-class-11-biology-chapter-17.pdf
cf69e900-664c-4c53-b2bf-5e85f794e2ac,Zoology,BIOLOGY,BIOLOGY-U05,0.2632,0.25-0.29,PASSED,ncert-books-class-11-biology-chapter-17.pdf
e294023b-5bd2-4adf-b0d3-73b406784a01,Zoology,BIOLOGY,BIOLOGY-U05,0.2632,0.25-0.29,PASSED,ncert-books-class-11-biology-chapter-17.pdf
34766ab4-6386-47fe-a6eb-1563421b3699,Zoology,BIOLOGY,BIOLOGY-U05,0.2632,0.25-0.29,PASSED,ncert-books-class-11-biology-chapter-17.pdf
e653d9a5-eec7-49ac-b461-eae84b18f085,Zoology,BIOLOGY,BIOLOGY-U05,0.2632,0.25-0.29,PASSED,ncert-books-class-11-biology-chapter-17.pdf
38773125-80e5-44d9-ad74-2f182f10602e,Zoology,BIOLOGY,BIOLOGY-U05,0.2632,0.25-0.29,PASSED,ncert-books-class-11-biology-chapter-17.pdf
4a303977-70d3-4983-84b2-4f39c01c6b55,Zoology,BIOLOGY,BIOLOGY-U05,0.2632,0.25-0.29,PASSED,ncert-books-class-11-biology-chapter-17.pdf
788c421c-681f-4d15-a442-c37b429ed4c1,Zoology,BIOLOGY,BIOLOGY-U05,0.2632,0.25-0.29,PASSED,ncert-books-class-11-biology-chapter-17.pdf
ad8177f2-c058-44cd-a95a-dc4dde7e3c1a,Zoology,BIOLOGY,BIOLOGY-U05,0.2632,0.25-0.29,PASSED,ncert-books-class-11-biology-chapter-17.pdf
22cf31f9-d3e4-46ac-a046-0c2da7f3ed35,Zoology,BIOLOGY,BIOLOGY-U05,0.2632,0.25-0.29,PASSED,ncert-books-class-11-biology-chapter-17.pdf
82b0655d-ce68-4e25-b25c-5d2daa6df2ab,Botany,CHEMISTRY,CHEMISTRY-U03,0.25,0.25-0.29,PASSED,ncert-books-class-11-chemistry-chapter-4.pdf
74d53368-7fa8-45f5-8a84-558c114c8532,Zoology,CHEMISTRY,CHEMISTRY-U03,0.25,0.25-0.29,PASSED,ncert-books-class-11-chemistry-chapter-4.pdf
a9d685a7-27f0-45de-99ea-f7fdf0e1433e,Zoology,CHEMISTRY,CHEMISTRY-U03,0.25,0.25-0.29,PASSED,ncert-books-class-11-chemistry-chapter-4.pdf
f5db9b25-93f2-496d-8545-e1aaecc1fd97,Zoology,CHEMISTRY,CHEMISTRY-U08,0.25,0.25-0.29,PASSED,ncert-books-class-12-chemistry-chapter-3.pdf
ff397c72-8871-44d3-b212-377184b4225d,Botany,CHEMISTRY,CHEMISTRY-U03,0.25,0.25-0.29,PASSED,ncert-books-class-11-chemistry-chapter-4.pdf
cde7a297-e79a-498a-8092-8d3670a141ad,Zoology,CHEMISTRY,CHEMISTRY-U03,0.25,0.25-0.29,PASSED,ncert-books-class-11-chemistry-chapter-4.pdf
f3afa2c7-458e-4650-adfd-2428c3e09978,Zoology,CHEMISTRY,CHEMISTRY-U03,0.25,0.25-0.29,PASSED,ncert-books-class-11-chemistry-chapter-4.pdf
f7678d6c-a667-49ba-8f72-347b668b70bd,Zoology,CHEMISTRY,CHEMISTRY-U08,0.25,0.25-0.29,PASSED,ncert-books-class-12-chemistry-chapter-3.pdf
d3f0c744-aa04-4e85-9645-737ef6635660,Botany,CHEMISTRY,CHEMISTRY-U03,0.25,0.25-0.29,PASSED,ncert-books-class-11-chemistry-chapter-4.pdf
8d00a037-b55d-4dab-90ef-be421f75c1bc,Zoology,CHEMISTRY,CHEMISTRY-U03,0.25,0.25-0.29,PASSED,ncert-books-class-11-chemistry-chapter-4.pdf
86235795-8e64-47a3-bf12-e52ec92e1990,Zoology,CHEMISTRY,CHEMISTRY-U03,0.25,0.25-0.29,PASSED,ncert-books-class-11-chemistry-chapter-4.pdf
78d5c1d1-f47e-40a2-8e7e-cc164fbc960b,Zoology,CHEMISTRY,CHEMISTRY-U08,0.25,0.25-0.29,PASSED,ncert-books-class-12-chemistry-chapter-3.pdf
aa7385c7-ad61-4734-93f5-5a5ecfc751e8,Botany,CHEMISTRY,CHEMISTRY-U03,0.25,0.25-0.29,PASSED,ncert-books-class-11-chemistry-chapter-4.pdf
aad8896c-fec3-4e1a-9668-ffda183a9f67,Zoology,CHEMISTRY,CHEMISTRY-U03,0.25,0.25-0.29,PASSED,ncert-books-class-11-chemistry-chapter-4.pdf
3f0cc41b-35f4-4940-bd48-7015abeaf66b,Zoology,CHEMISTRY,CHEMISTRY-U03,0.25,0.25-0.29,PASSED,ncert-books-class-11-chemistry-chapter-4.pdf
c6b2b7cb-953e-4670-b1dd-8444c719f501,Zoology,CHEMISTRY,CHEMISTRY-U08,0.25,0.25-0.29,PASSED,ncert-books-class-12-chemistry-chapter-3.pdf
23b23538-9dc9-40ab-b56c-63d713cd68b2,Botany,CHEMISTRY,CHEMISTRY-U03,0.25,0.25-0.29,PASSED,ncert-books-class-11-chemistry-chapter-4.pdf
44e4f767-f7a3-4663-b336-489e73c45810,Zoology,CHEMISTRY,CHEMISTRY-U03,0.25,0.25-0.29,PASSED,ncert-books-class-11-chemistry-chapter-4.pdf
9e65483d-68d7-4424-a760-91dec92cca21,Zoology,CHEMISTRY,CHEMISTRY-U03,0.25,0.25-0.29,PASSED,ncert-books-class-11-chemistry-chapter-4.pdf
759f1866-fd23-4fb9-86c7-4762331f8a07,Zoology,CHEMISTRY,CHEMISTRY-U08,0.25,0.25-0.29,PASSED,ncert-books-class-12-chemistry-chapter-3.pdf
b51ce52d-f090-4ad6-9da9-f44eea3a4166,Botany,CHEMISTRY,CHEMISTRY-U03,0.25,0.25-0.29,PASSED,ncert-books-class-11-chemistry-chapter-4.pdf
4cf46a87-6466-4f15-bfde-361b79efefab,Zoology,CHEMISTRY,CHEMISTRY-U03,0.25,0.25-0.29,PASSED,ncert-books-class-11-chemistry-chapter-4.pdf
9f9c3251-f098-452a-9407-084735943205,Zoology,CHEMISTRY,CHEMISTRY-U03,0.25,0.25-0.29,PASSED,ncert-books-class-11-chemistry-chapter-4.pdf
237cae10-bc93-4e8f-a5e9-0d922525372d,Zoology,CHEMISTRY,CHEMISTRY-U08,0.25,0.25-0.29,PASSED,ncert-books-class-12-chemistry-chapter-3.pdf
b098b36c-f067-479f-828a-939844806cfb,Botany,CHEMISTRY,CHEMISTRY-U03,0.25,0.25-0.29,PASSED,ncert-books-class-11-chemistry-chapter-4.pdf
5cd39b2f-cc43-47d3-9264-284862a3d935,Zoology,CHEMISTRY,CHEMISTRY-U03,0.25,0.25-0.29,PASSED,ncert-books-class-11-chemistry-chapter-4.pdf
8dc3013a-2829-4c28-a5b5-e8f07254bacc,Zoology,CHEMISTRY,CHEMISTRY-U03,0.25,0.25-0.29,PASSED,ncert-books-class-11-chemistry-chapter-4.pdf
67d8cab1-45a2-4e08-9eb5-8ded114b1e2b,Zoology,CHEMISTRY,CHEMISTRY-U08,0.25,0.25-0.29,PASSED,ncert-books-class-12-chemistry-chapter-3.pdf
dbada050-8d96-4e98-8861-e6312a38f7bb,Botany,CHEMISTRY,CHEMISTRY-U03,0.25,0.25-0.29,PASSED,ncert-books-class-11-chemistry-chapter-4.pdf
7a0be917-b59e-4590-bc15-c3e6a6bc5056,Zoology,CHEMISTRY,CHEMISTRY-U03,0.25,0.25-0.29,PASSED,ncert-books-class-11-chemistry-chapter-4.pdf
76b1a046-9665-443d-af58-ba6cb2d843eb,Zoology,CHEMISTRY,CHEMISTRY-U03,0.25,0.25-0.29,PASSED,ncert-books-class-11-chemistry-chapter-4.pdf
cba4daa4-9ba8-48f0-bb8c-479433172330,Zoology,CHEMISTRY,CHEMISTRY-U08,0.25,0.25-0.29,PASSED,ncert-books-class-12-chemistry-chapter-3.pdf
871f1fdb-2282-4df1-a2fd-8c2f2880b050,Botany,CHEMISTRY,CHEMISTRY-U03,0.25,0.25-0.29,PASSED,ncert-books-class-11-chemistry-chapter-4.pdf
538e4098-f9c6-47ce-87e0-87ec4d59a5c6,Zoology,CHEMISTRY,CHEMISTRY-U03,0.25,0.25-0.29,PASSED,ncert-books-class-11-chemistry-chapter-4.pdf
a3bac9b2-e23e-4034-ab85-81286d6e0d44,Zoology,CHEMISTRY,CHEMISTRY-U03,0.25,0.25-0.29,PASSED,ncert-books-class-11-chemistry-chapter-4.pdf
6bccacf2-7502-44cb-938c-c998698032cf,Zoology,CHEMISTRY,CHEMISTRY-U08,0.25,0.25-0.29,PASSED,ncert-books-class-12-chemistry-chapter-3.pdf
150d0b20-b833-4905-bb6e-f3f91f55330c,Botany,CHEMISTRY,CHEMISTRY-U03,0.25,0.25-0.29,PASSED,ncert-books-class-11-chemistry-chapter-4.pdf
2730c418-0763-434c-ae89-b2d2e39d2611,Zoology,CHEMISTRY,CHEMISTRY-U03,0.25,0.25-0.29,PASSED,ncert-books-class-11-chemistry-chapter-4.pdf
900f4696-a64b-4c71-a2c1-69f54593d748,Zoology,CHEMISTRY,CHEMISTRY-U03,0.25,0.25-0.29,PASSED,ncert-books-class-11-chemistry-chapter-4.pdf
8e5481d4-dd39-47af-91e4-9920f1d143d4,Zoology,CHEMISTRY,CHEMISTRY-U08,0.25,0.25-0.29,PASSED,ncert-books-class-12-chemistry-chapter-3.pdf
7a135142-d9c4-47e7-b143-d5774d868de2,Botany,CHEMISTRY,CHEMISTRY-U03,0.25,0.25-0.29,PASSED,ncert-books-class-11-chemistry-chapter-4.pdf
e2a31503-1c23-41d9-a285-907a082311e9,Zoology,CHEMISTRY,CHEMISTRY-U03,0.25,0.25-0.29,PASSED,ncert-books-class-11-chemistry-chapter-4.pdf
3ba9aabe-5e02-4306-b012-5c6495cf4e8e,Zoology,CHEMISTRY,CHEMISTRY-U03,0.25,0.25-0.29,PASSED,ncert-books-class-11-chemistry-chapter-4.pdf
7fd4d99d-ff2c-491a-88d9-a1398a098da1,Zoology,CHEMISTRY,CHEMISTRY-U08,0.25,0.25-0.29,PASSED,ncert-books-class-12-chemistry-chapter-3.pdf
e5936747-af6c-4f4b-aa59-57319b695efa,Botany,CHEMISTRY,CHEMISTRY-U03,0.25,0.25-0.29,PASSED,ncert-books-class-11-chemistry-chapter-4.pdf
e94fc0ba-1220-4557-9fac-4b563bca22a4,Zoology,CHEMISTRY,CHEMISTRY-U03,0.25,0.25-0.29,PASSED,ncert-books-class-11-chemistry-chapter-4.pdf
1a5b8e00-1e17-4874-ae12-f186e965b370,Zoology,CHEMISTRY,CHEMISTRY-U03,0.25,0.25-0.29,PASSED,ncert-books-class-11-chemistry-chapter-4.pdf
bedec14b-57de-4267-b7a7-02c517ba6759,Zoology,CHEMISTRY,CHEMISTRY-U08,0.25,0.25-0.29,PASSED,ncert-books-class-12-chemistry-chapter-3.pdf
6b8820fc-85e2-4f45-87eb-d3f07891b924,Botany,CHEMISTRY,CHEMISTRY-U03,0.25,0.25-0.29,PASSED,ncert-books-class-11-chemistry-chapter-4.pdf
c003163c-fe2c-46c9-9bfe-42a44e00f051,Zoology,CHEMISTRY,CHEMISTRY-U03,0.25,0.25-0.29,PASSED,ncert-books-class-11-chemistry-chapter-4.pdf
fdeeea94-1e42-416c-91d4-9e8131c6ad05,Zoology,CHEMISTRY,CHEMISTRY-U03,0.25,0.25-0.29,PASSED,ncert-books-class-11-chemistry-chapter-4.pdf
25a5f8de-1801-494f-8638-f344aee2a199,Zoology,CHEMISTRY,CHEMISTRY-U08,0.25,0.25-0.29,PASSED,ncert-books-class-12-chemistry-chapter-3.pdf
57c169dd-f7ae-4470-9ab8-3688c334dc4c,Botany,CHEMISTRY,CHEMISTRY-U03,0.25,0.25-0.29,PASSED,ncert-books-class-11-chemistry-chapter-4.pdf
4ef2bf59-14c0-401f-8fab-b89c55abdbcd,Zoology,CHEMISTRY,CHEMISTRY-U03,0.25,0.25-0.29,PASSED,ncert-books-class-11-chemistry-chapter-4.pdf
9ea73f81-e972-4cb5-a64b-f0bffec30a09,Zoology,CHEMISTRY,CHEMISTRY-U03,0.25,0.25-0.29,PASSED,ncert-books-class-11-chemistry-chapter-4.pdf
ec0bac17-9c75-4a0e-a880-6a429eaeac77,Zoology,CHEMISTRY,CHEMISTRY-U08,0.25,0.25-0.29,PASSED,ncert-books-class-12-chemistry-chapter-3.pdf
efe4b2c9-5d55-4fc9-a947-5ab01d38712f,Botany,CHEMISTRY,CHEMISTRY-U03,0.25,0.25-0.29,PASSED,ncert-books-class-11-chemistry-chapter-4.pdf
7d1ecdaa-3661-4315-be0f-18658844cab2,Zoology,CHEMISTRY,CHEMISTRY-U03,0.25,0.25-0.29,PASSED,ncert-books-class-11-chemistry-chapter-4.pdf
bddb4a50-253a-471f-a994-2b18386214d6,Zoology,CHEMISTRY,CHEMISTRY-U03,0.25,0.25-0.29,PASSED,ncert-books-class-11-chemistry-chapter-4.pdf
39b7db93-0f21-4b17-baad-fbffec623c99,Zoology,CHEMISTRY,CHEMISTRY-U08,0.25,0.25-0.29,PASSED,ncert-books-class-12-chemistry-chapter-3.pdf
61b87b79-8aba-4c1a-90f4-0032e3725ed3,Botany,CHEMISTRY,CHEMISTRY-U03,0.25,0.25-0.29,PASSED,ncert-books-class-11-chemistry-chapter-4.pdf
08232aeb-7e72-41d3-9fd4-758d7d361179,Zoology,CHEMISTRY,CHEMISTRY-U03,0.25,0.25-0.29,PASSED,ncert-books-class-11-chemistry-chapter-4.pdf
6df1c64d-6084-4b92-8d24-be36005ee7aa,Zoology,CHEMISTRY,CHEMISTRY-U03,0.25,0.25-0.29,PASSED,ncert-books-class-11-chemistry-chapter-4.pdf
89586137-1d9e-473c-9fee-4599850ccd68,Zoology,CHEMISTRY,CHEMISTRY-U08,0.25,0.25-0.29,PASSED,ncert-books-class-12-chemistry-chapter-3.pdf
671d69fb-da48-4398-8117-9ca3cec205cc,Botany,CHEMISTRY,CHEMISTRY-U03,0.25,0.25-0.29,PASSED,ncert-books-class-11-chemistry-chapter-4.pdf
e1aba711-b507-4399-9b26-04953104e483,Zoology,CHEMISTRY,CHEMISTRY-U03,0.25,0.25-0.29,PASSED,ncert-books-class-11-chemistry-chapter-4.pdf
807d446f-8e93-4309-a6b7-cc51a45f8435,Zoology,CHEMISTRY,CHEMISTRY-U03,0.25,0.25-0.29,PASSED,ncert-books-class-11-chemistry-chapter-4.pdf
01676dae-0c47-4ffe-af23-3bc048083608,Zoology,CHEMISTRY,CHEMISTRY-U08,0.25,0.25-0.29,PASSED,ncert-books-class-12-chemistry-chapter-3.pdf
6ab8ad91-408e-44f7-8df0-ad10cdd8527d,Botany,CHEMISTRY,CHEMISTRY-U03,0.25,0.25-0.29,PASSED,ncert-books-class-11-chemistry-chapter-4.pdf
df048d73-fcc1-4727-98cd-1bfe11ecf59c,Zoology,CHEMISTRY,CHEMISTRY-U03,0.25,0.25-0.29,PASSED,ncert-books-class-11-chemistry-chapter-4.pdf
ea4d409c-d8ba-4806-ac61-81f2908231d3,Zoology,CHEMISTRY,CHEMISTRY-U03,0.25,0.25-0.29,PASSED,ncert-books-class-11-chemistry-chapter-4.pdf
8f9c6767-a378-4fef-81f8-81aa3eaea3ab,Zoology,CHEMISTRY,CHEMISTRY-U08,0.25,0.25-0.29,PASSED,ncert-books-class-12-chemistry-chapter-3.pdf
3de6cbff-f7d5-4057-8be6-d31d6d0b4dce,Botany,CHEMISTRY,CHEMISTRY-U03,0.25,0.25-0.29,PASSED,ncert-books-class-11-chemistry-chapter-4.pdf
8a7ef64a-103d-4aec-8315-6acb8f4364e1,Zoology,CHEMISTRY,CHEMISTRY-U03,0.25,0.25-0.29,PASSED,ncert-books-class-11-chemistry-chapter-4.pdf
db83f615-6397-4488-9559-9df16d18bf8e,Zoology,CHEMISTRY,CHEMISTRY-U03,0.25,0.25-0.29,PASSED,ncert-books-class-11-chemistry-chapter-4.pdf
838b553b-b978-4f5b-869c-cd4cf5e82bb6,Zoology,CHEMISTRY,CHEMISTRY-U08,0.25,0.25-0.29,PASSED,ncert-books-class-12-chemistry-chapter-3.pdf
74738982-dd8e-4569-a065-5ac3500f0998,Botany,CHEMISTRY,CHEMISTRY-U03,0.25,0.25-0.29,PASSED,ncert-books-class-11-chemistry-chapter-4.pdf
d7479dc1-606a-4672-a427-55983cb47030,Zoology,CHEMISTRY,CHEMISTRY-U03,0.25,0.25-0.29,PASSED,ncert-books-class-11-chemistry-chapter-4.pdf
a6e8d5cb-3c0e-4064-bba3-008717c64e6a,Zoology,CHEMISTRY,CHEMISTRY-U03,0.25,0.25-0.29,PASSED,ncert-books-class-11-chemistry-chapter-4.pdf
69675ff3-31f6-40f4-97d9-2a670c0f4e3c,Zoology,CHEMISTRY,CHEMISTRY-U08,0.25,0.25-0.29,PASSED,ncert-books-class-12-chemistry-chapter-3.pdf
ee685815-e423-4d6c-b075-11b5c9b769c0,Botany,CHEMISTRY,CHEMISTRY-U03,0.25,0.25-0.29,PASSED,ncert-books-class-11-chemistry-chapter-4.pdf
fa5bd405-8364-48a9-943e-56ff28dce992,Zoology,CHEMISTRY,CHEMISTRY-U03,0.25,0.25-0.29,PASSED,ncert-books-class-11-chemistry-chapter-4.pdf
784dfa38-3862-44b1-a790-36b46ff7f6ac,Zoology,CHEMISTRY,CHEMISTRY-U03,0.25,0.25-0.29,PASSED,ncert-books-class-11-chemistry-chapter-4.pdf
dfced056-0aa9-4e8a-a526-32b662cc4493,Zoology,CHEMISTRY,CHEMISTRY-U08,0.25,0.25-0.29,PASSED,ncert-books-class-12-chemistry-chapter-3.pdf
d12ed900-4aa9-4007-93a8-9fc23e4a2116,Botany,CHEMISTRY,CHEMISTRY-U03,0.25,0.25-0.29,PASSED,ncert-books-class-11-chemistry-chapter-4.pdf
9a77674e-c12a-4847-a87f-c35d176ba61d,Zoology,CHEMISTRY,CHEMISTRY-U03,0.25,0.25-0.29,PASSED,ncert-books-class-11-chemistry-chapter-4.pdf
f0373771-bb5f-4fbf-a129-d5c35f938100,Zoology,CHEMISTRY,CHEMISTRY-U03,0.25,0.25-0.29,PASSED,ncert-books-class-11-chemistry-chapter-4.pdf
58da91cc-3bf9-4478-a311-f7837125c7a1,Zoology,CHEMISTRY,CHEMISTRY-U08,0.25,0.25-0.29,PASSED,ncert-books-class-12-chemistry-chapter-3.pdf
5b88f11a-c2fc-4e27-8e43-f694b496c799,Botany,CHEMISTRY,CHEMISTRY-U03,0.25,0.25-0.29,PASSED,ncert-books-class-11-chemistry-chapter-4.pdf
818ca9c0-32b0-49fa-a64a-dd636d95a471,Zoology,CHEMISTRY,CHEMISTRY-U03,0.25,0.25-0.29,PASSED,ncert-books-class-11-chemistry-chapter-4.pdf
7448532b-21bc-498a-a7ce-54f41519c387,Zoology,CHEMISTRY,CHEMISTRY-U03,0.25,0.25-0.29,PASSED,ncert-books-class-11-chemistry-chapter-4.pdf
b88efbab-95e8-45ba-a23f-7dac6c879a54,Zoology,CHEMISTRY,CHEMISTRY-U08,0.25,0.25-0.29,PASSED,ncert-books-class-12-chemistry-chapter-3.pdf
b2578a49-547a-487a-9f65-9e2cee5cb9c4,Botany,CHEMISTRY,CHEMISTRY-U03,0.25,0.25-0.29,PASSED,ncert-books-class-11-chemistry-chapter-4.pdf
75436fbe-bede-4589-a0db-1c0da4bee191,Zoology,CHEMISTRY,CHEMISTRY-U03,0.25,0.25-0.29,PASSED,ncert-books-class-11-chemistry-chapter-4.pdf
a2c0cbc1-0e30-413c-a04a-0802ee40f617,Zoology,CHEMISTRY,CHEMISTRY-U03,0.25,0.25-0.29,PASSED,ncert-books-class-11-chemistry-chapter-4.pdf
891ab123-414e-4ba4-bb08-bded9de2afca,Zoology,CHEMISTRY,CHEMISTRY-U08,0.25,0.25-0.29,PASSED,ncert-books-class-12-chemistry-chapter-3.pdf
