question_id,subject,chapter,overlap_score,question_text,question_options,knowledge_unit_id,ku_validation_status,source_document,source_page,candidate_passage_full,matched_terms,provenance_verified,review_label,reviewer_notes
d895e23f-a6dc-4e28-af73-30df45956d59,,PHYSICS-U01,0.25,"The roots that originate from the base of the stem
are :",A: Primary roots | B: Prop roots | C: Lateral roots | D: Fibrous roots,8fb1f12d-d3b0-4851-8b44-c1f58cba89e0,FAILED,ncert-books-class-11-physics-chapter-1.pdf,1,"In earlier time scientists of different countries were using
different systems of units for measurement. Three such
systems, the CGS, the FPS (or British) system and the MKS
system were in use extensively till recently. In earlier time scientists of different countries were using
different systems of units for measurement. Three such
systems, the CGS, the FPS (or British) system and the MKS
system were in use extensively till recently. The base units for length, mass and time in these systems
were as follows :
•
In CGS system they were centimetre, gram and second
respectively. •
In FPS system they were foot, pound and second
respectively. •
In MKS system they were metre, kilogram and second
respectively. The system of units which is at present internationally
accepted for measurement is the Système Internationale
d' Unites (French for International System of Units),
abbreviated as SI. The SI, with standard scheme of symbols,
units and abbreviations, developed by the Bureau
International des Poids et measures (The International
Bureau of Weights and Measures, BIPM) in 1971 were
recently revised by the General Conference on Weights and
Measures in November 2018.",,True,,
dcd5b4a7-2e56-4fa1-b8b5-5b4e6b3fff61,,PHYSICS-U12,0.2857,"— Choose the correct circuit which can achieve the | 38
bridge ae , ,
oO Ln )ae?
RS <) S 2
ay | @NKAB] @ | eS
H-—©) i —?
EK
S 20 SX feo
LmIS % >","A:  | B:  | C: aN | D: oe
— —
EK EK
39",a6c10904-a57f-40a4-b192-1c790dce8c4d,FAILED,ncert-book-class-12-physics-part-1-chapter-3.pdf,20,"As an application of Kirchhoff's rules consider the circuit shown in
Fig. 3.18, which is called the Wheatstone bridge. As an application of Kirchhoff's rules consider the circuit shown in
Fig. 3.18, which is called the Wheatstone bridge. The bridge has
four resistors R1, R2, R3 and R4. Across one pair of diagonally opposite
points (A and C in the figure) a source is connected. This (i.e., AC) is
called the battery arm. Between the other two vertices, B and D, a
galvanometer G (which is a device to detect currents) is connected. This
line, shown as BD in the figure, is called the galvanometer arm. For simplicity, we assume that the cell has no internal resistance.",,True,,
ab57b0e3-acc6-4b2e-a8a4-a1163660126d,,BIOLOGY-U01,0.2857,"Which of the following regions of the globe exhibits
highest species diversity ?",A: Himalayas | B: Amazon forests | C: Western Ghats of India | D: Madagascar,ccbb4fe3-0ea7-4d2d-a22e-54295a60abf2,FAILED,ncert-books-class-11-biology-chapter-1.pdf,8,"All animals belonging to various phyla are assigned to the
highest category called Kingdom Animalia in the classification
system of animals. The Kingdom Plantae, on the other hand, is
distinct, and comprises all plants from various divisions. All animals belonging to various phyla are assigned to the
highest category called Kingdom Animalia in the classification
system of animals. The Kingdom Plantae, on the other hand, is
distinct, and comprises all plants from various divisions. Henceforth, we will refer to these two groups as animal and
plant kingdoms. The taxonomic categories from species to kingdom have been
shown in ascending order starting with species in Figure 1.1. However, taxonomists have also
developed sub-categories in this hierarchy to facilitate more
sound and scientific placement of various taxa. Can you recall the basis
of arrangement? Say, for example, as we go higher from species
to kingdom, the number of common characteristics goes on
decreasing. Lower the taxa, more are the characteristics that the
members within the taxon share.",,True,,
b700d504-1948-4f8a-96e9-231dd9e47ca9,,PHYSICS-U01,0.25,"The roots that originate from the base of the stem
are :",A: Prop roots | B: Lateral roots | C: Fibrous roots | D: Primary roots,8fb1f12d-d3b0-4851-8b44-c1f58cba89e0,FAILED,ncert-books-class-11-physics-chapter-1.pdf,1,"In earlier time scientists of different countries were using
different systems of units for measurement. Three such
systems, the CGS, the FPS (or British) system and the MKS
system were in use extensively till recently. In earlier time scientists of different countries were using
different systems of units for measurement. Three such
systems, the CGS, the FPS (or British) system and the MKS
system were in use extensively till recently. The base units for length, mass and time in these systems
were as follows :
•
In CGS system they were centimetre, gram and second
respectively. •
In FPS system they were foot, pound and second
respectively. •
In MKS system they were metre, kilogram and second
respectively. The system of units which is at present internationally
accepted for measurement is the Système Internationale
d' Unites (French for International System of Units),
abbreviated as SI. The SI, with standard scheme of symbols,
units and abbreviations, developed by the Bureau
International des Poids et measures (The International
Bureau of Weights and Measures, BIPM) in 1971 were
recently revised by the General Conference on Weights and
Measures in November 2018.",,True,,
92430ceb-c251-4622-8bd0-0f793b51d963,,BIOLOGY-U01,0.2857,"Which of the following regions of the globe exhibits
highest species diversity ?",A: Madagascar | B: Himalayas | C: Amazon forests | D: Western Ghats of India,ccbb4fe3-0ea7-4d2d-a22e-54295a60abf2,FAILED,ncert-books-class-11-biology-chapter-1.pdf,8,"All animals belonging to various phyla are assigned to the
highest category called Kingdom Animalia in the classification
system of animals. The Kingdom Plantae, on the other hand, is
distinct, and comprises all plants from various divisions. All animals belonging to various phyla are assigned to the
highest category called Kingdom Animalia in the classification
system of animals. The Kingdom Plantae, on the other hand, is
distinct, and comprises all plants from various divisions. Henceforth, we will refer to these two groups as animal and
plant kingdoms. The taxonomic categories from species to kingdom have been
shown in ascending order starting with species in Figure 1.1. However, taxonomists have also
developed sub-categories in this hierarchy to facilitate more
sound and scientific placement of various taxa. Can you recall the basis
of arrangement? Say, for example, as we go higher from species
to kingdom, the number of common characteristics goes on
decreasing. Lower the taxa, more are the characteristics that the
members within the taxon share.",,True,,
98efb311-d4e4-4598-8f46-c6988fdd32c2,,BIOLOGY-U01,0.2857,"Which of the following regions of the globe exhibits
highest species diversity ?",A: Madagascar | B: Himalayas | C: Amazon forests | D: Western Ghats of India,ccbb4fe3-0ea7-4d2d-a22e-54295a60abf2,FAILED,ncert-books-class-11-biology-chapter-1.pdf,8,"All animals belonging to various phyla are assigned to the
highest category called Kingdom Animalia in the classification
system of animals. The Kingdom Plantae, on the other hand, is
distinct, and comprises all plants from various divisions. All animals belonging to various phyla are assigned to the
highest category called Kingdom Animalia in the classification
system of animals. The Kingdom Plantae, on the other hand, is
distinct, and comprises all plants from various divisions. Henceforth, we will refer to these two groups as animal and
plant kingdoms. The taxonomic categories from species to kingdom have been
shown in ascending order starting with species in Figure 1.1. However, taxonomists have also
developed sub-categories in this hierarchy to facilitate more
sound and scientific placement of various taxa. Can you recall the basis
of arrangement? Say, for example, as we go higher from species
to kingdom, the number of common characteristics goes on
decreasing. Lower the taxa, more are the characteristics that the
members within the taxon share.",,True,,
e3ce8692-20e9-4f3c-a6b8-1a1c5f91643e,,BIOLOGY-U01,0.2857,"Which of the following regions of the globe exhibits
highest species diversity ?",A: Amazon forests | B: Western Ghats of India | C: Madagascar | D: Himalayas,ccbb4fe3-0ea7-4d2d-a22e-54295a60abf2,FAILED,ncert-books-class-11-biology-chapter-1.pdf,8,"All animals belonging to various phyla are assigned to the
highest category called Kingdom Animalia in the classification
system of animals. The Kingdom Plantae, on the other hand, is
distinct, and comprises all plants from various divisions. All animals belonging to various phyla are assigned to the
highest category called Kingdom Animalia in the classification
system of animals. The Kingdom Plantae, on the other hand, is
distinct, and comprises all plants from various divisions. Henceforth, we will refer to these two groups as animal and
plant kingdoms. The taxonomic categories from species to kingdom have been
shown in ascending order starting with species in Figure 1.1. However, taxonomists have also
developed sub-categories in this hierarchy to facilitate more
sound and scientific placement of various taxa. Can you recall the basis
of arrangement? Say, for example, as we go higher from species
to kingdom, the number of common characteristics goes on
decreasing. Lower the taxa, more are the characteristics that the
members within the taxon share.",,True,,
736322de-0da6-4fb4-a214-1ee44c89b836,,PHYSICS-U01,0.25,"The roots that originate from the base of the stem
are :",A: Fibrous roots | B: Primary roots | C: Prop roots | D: Lateral roots,8fb1f12d-d3b0-4851-8b44-c1f58cba89e0,FAILED,ncert-books-class-11-physics-chapter-1.pdf,1,"In earlier time scientists of different countries were using
different systems of units for measurement. Three such
systems, the CGS, the FPS (or British) system and the MKS
system were in use extensively till recently. In earlier time scientists of different countries were using
different systems of units for measurement. Three such
systems, the CGS, the FPS (or British) system and the MKS
system were in use extensively till recently. The base units for length, mass and time in these systems
were as follows :
•
In CGS system they were centimetre, gram and second
respectively. •
In FPS system they were foot, pound and second
respectively. •
In MKS system they were metre, kilogram and second
respectively. The system of units which is at present internationally
accepted for measurement is the Système Internationale
d' Unites (French for International System of Units),
abbreviated as SI. The SI, with standard scheme of symbols,
units and abbreviations, developed by the Bureau
International des Poids et measures (The International
Bureau of Weights and Measures, BIPM) in 1971 were
recently revised by the General Conference on Weights and
Measures in November 2018.",,True,,
4d95f686-1126-412e-b895-c24341953a21,,CHEMISTRY-U03,0.2857,"Match the following and identify the correct
option.
(a)
CO(g)+H2(g)
(i)
Mg(HCO3)2+
Ca(HCO3)2
(b)
Temporary
(ii)
An electron
hardness of
deficient hydride
water
(c)
B2H6
(iii)
Synthesis gas
(d)
H2O2
(iv)
Non-planar
structure
(a)
(b)
(c)
(d)","A: (iii)
(ii)
(i)
(iv) | B: (iii)
(iv)
(ii)
(i) | C: (i)
(iii)
(ii)
(iv) | D: (iii)
(i)
(ii)
(iv)",8969954e-c54f-4afd-a2e5-43754d4883e2,PASSED,ncert-books-class-11-chemistry-chapter-4.pdf,13,"Pair Repulsion (VSEPR) Theory
As already explained, Lewis concept is unable
to explain the shapes of molecules. This
theory provides a simple procedure to predict
the shapes of covalent molecules. Pair Repulsion (VSEPR) Theory
As already explained, Lewis concept is unable
to explain the shapes of molecules. This
theory provides a simple procedure to predict
the shapes of covalent molecules. Sidgwick
Dipole moments of some molecules are
shown in Table 4.5. Just as all the covalent bonds have
some partial ionic character, the ionic
bonds also have partial covalent character. The partial covalent character of ionic
bonds was discussed by Fajans in terms of
the following rules:
Table 4.5 Dipole Moments of Selected Molecules
Type of Molecule
Example
Dipole
Moment, µ(D)
Geometry
Molecule (AB)
HF
HCl
HBr
Hl
H2
1.78
1.07
0.79
0.38
0
linear
linear
linear
linear
linear
Molecule (AB2)
H2O
H2S
CO2
1.85
0.95
0
bent
bent
linear
Molecule (AB3)
NH3
NF3
BF3
1.47
0.23
0
trigonal-pyramidal
trigonal-pyramidal
trigonal-planar
Molecule (AB4)
CH4
CHCl3
CCl4
0
1.04
0
tetrahedral
tetrahedral
tetrahedral
2024-25
113
Chemical Bonding And Molecular Structure
and Powell in 1940, proposed a simple theory
based on the repulsive interactions of the
electron pairs in the valence shell of the
atoms. It was further developed and redefined
by Nyholm and Gillespie (1957). The main postulates of VSEPR theory are
as follows:
•
The shape of a molecule depends upon
the number of valence shell electron pairs
(bonded or nonbonded) around the central
atom. •
Pairs of electrons in the valence shell repel
one another since their electron clouds are
negatively charged.",,True,,
133d896f-558a-4d3d-bed5-cd090f7c526e,,BIOLOGY-U05,0.25,"Montreal protocol was signed in 1987 for control
of :","A: Release of Green House gases | B: Disposal of e-wastes | C: Transport of Genetically modified organisms
from one country to another | D: Emission of ozone depleting substances",e6455593-490c-4e33-a1b7-7e7ffe105b73,PASSED,ncert-books-class-11-biology-chapter-18.pdf,6,"The brain is the central information processing organ of our body, and
acts as the 'command and control system'. It controls the voluntary
movements, balance of the body, functioning of vital involuntary organs
(e.g., lungs, heart, kidneys, etc.), thermoregulation, hunger and thirst,
circadian (24-hour) rhythms of our body, activities of several endocrine
glands and human behaviour. The brain is the central information processing organ of our body, and
acts as the 'command and control system'. It controls the voluntary
movements, balance of the body, functioning of vital involuntary organs
(e.g., lungs, heart, kidneys, etc.), thermoregulation, hunger and thirst,
circadian (24-hour) rhythms of our body, activities of several endocrine
glands and human behaviour. It is also the site for processing of vision,
hearing, speech, memory, intelligence, emotions and thoughts. The human brain is well protected by the skull. Inside the skull, the
brain is covered by cranial meninges consisting of an outer layer called
dura mater, a very thin middle layer called arachnoid and an inner layer
(which is in contact with the brain tissue) called pia mater. The brain can
be divided into three major parts: (i) forebrain, (ii) midbrain, and
(iii) hindbrain (Figure 18.4). Figure 18.4 Diagram showing sagital section of the human brain
Forebrain
2024-25
236
BIOLOGY",,True,,
320c37ed-2ed8-498e-b81d-fd961140bca4,,BIOLOGY-U02,0.25,"The process responsible for facilitating loss of water
in liquid form from the tip of grass blades at night
and in early morning is :",A: Plasmolysis | B: Transpiration | C: Root pressure | D: Imbibition,d5431b62-7548-41e6-b633-c2649f4ef722,PASSED,ncert-books-class-11-biology-chapter-6.pdf,2,"All tissues except epidermis and vascular bundles constitute the ground
tissue. It consists of simple tissues such as parenchyma, collenchyma
and sclerenchyma. All tissues except epidermis and vascular bundles constitute the ground
tissue. It consists of simple tissues such as parenchyma, collenchyma
and sclerenchyma. Parenchymatous cells are usually present in cortex,
pericycle, pith and medullary rays, in the primary stems and roots. In
leaves, the ground tissue consists of thin-walled chloroplast containing
cells and is called mesophyll. arranged cells, which form a continuous layer. Epidermal cells are parenchymatous with a small amount of
cytoplasm lining the cell wall and a large vacuole. The outside of the
epidermis is often covered with a waxy thick layer called the cuticle which
prevents the loss of water. Stomata are structures
present in the epidermis of leaves.",,True,,
e558b36a-89b1-4499-83ea-c34d66c959fb,,CHEMISTRY-U06,0.2857,"The work functions of Caesium (Cs),
Potassium (K) and Sodium (Na) are 2.14 eV,
2.30eV and 2.75 eV respectively. If incident
electromagnetic radiation has an incident
energy of 2.20eV, which of these
photosensitive surfaces may emit
photoelectrons?",A: K only | B: Na only | C: Cs only | D: Both Na and K,933ad2c5-156e-430e-88a6-a4d7c8bd5990,PASSED,ncert-books-class-11-chemistry-chapter-6.pdf,25,"Arrhenius concept of acids and bases
becomes useful in case of ionization of acids
and bases as mostly ionizations in chemical
and biological systems occur in aqueous
medium. Strong acids like perchloric acid
(HClO4), hydrochloric acid (HCl), hydrobromic
acid (HBr), hyrdoiodic acid (HI), nitric acid
(HNO3) and sulphuric acid (H2SO4) are termed
strong because they are almost completely
dissociated into their constituent ions in an
aqueous medium, thereby acting as proton
(H+) donors. Arrhenius concept of acids and bases
becomes useful in case of ionization of acids
and bases as mostly ionizations in chemical
and biological systems occur in aqueous
medium. Strong acids like perchloric acid
(HClO4), hydrochloric acid (HCl), hydrobromic
acid (HBr), hyrdoiodic acid (HI), nitric acid
(HNO3) and sulphuric acid (H2SO4) are termed
strong because they are almost completely
dissociated into their constituent ions in an
aqueous medium, thereby acting as proton
(H+) donors. Similarly, strong bases like
lithium hydroxide (LiOH), sodium hydroxide
(NaOH), potassium hydroxide (KOH), caesium
hydroxide (CsOH) and barium hydroxide
Ba(OH)2 are almost completely dissociated
into ions in an aqueous medium giving
hydroxyl ions, OH-. According to Arrhenius
concept they are strong acids and bases as
they are able to completely dissociate and
produce H3O+
and OH- ions respectively in
the medium. Alternatively, the strength of an
acid or base may also be gauged in terms of
Brönsted-Lowry concept of acids and bases,
wherein a strong acid means a good proton
donor and a strong base implies a good proton
acceptor. Consider, the acid-base dissociation
equilibrium of a weak acid HA,
HA(aq) + H2O(l) 
 H3O+(aq) + A-(aq)
conjugate conjugate
acid
base acid base
In section 6.10.2 we saw that acid (or
base) dissociation equilibrium is dynamic
involving a transfer of proton in forward and
reverse directions. Now, the question arises
that if the equilibrium is dynamic then with
passage of time which direction is favoured? In order
to answer these questions we shall deal
into the issue of comparing the strengths
of the two acids (or bases) involved in the
dissociation equilibrium.",,True,,
bd7b4125-5162-4ceb-bd65-57d2d29fd275,,CHEMISTRY-U15,0.2857,"Presence of which of the following conditions in
urine are indicative of Diabetes Mellitus ?",A: Uremia and Renal Calculi | B: Ketonuria and Glycosuria | C: Renal calculi and Hyperglycaemia | D: Uremia and Ketonuria,fc2a2d53-c9d5-4482-b67b-67fca7e1a7d0,PASSED,ncert-books-class-11-chemistry-chapter-9.pdf,25,"Benzene was isolated by Michael Faraday
in 1825. The molecular formula of benzene,
C6H6, indicates a high degree of unsaturation. Benzene was isolated by Michael Faraday
in 1825. The molecular formula of benzene,
C6H6, indicates a high degree of unsaturation. This molecular formula did not account for
its relationship to corresponding alkanes,
alkenes and alkynes which you have studied
in earlier sections of this unit. What do you
think about its possible structure? Due to
its unique properties and unusual stability,
it took several years to assign its structure. Benzene was found to be a stable molecule
and found to form a triozonide which indicates
the presence of three double bonds. Benzene
was further found to produce one and only one
monosubstituted derivative which indicated
that all the six carbon and six hydrogen atoms
of benzene are identical. On the basis of this
observation August Kekulé in 1865 proposed
the following structure for benzene having
cyclic arrangement of six carbon atoms with
alternate single and double bonds and one
hydrogen atom attached to each carbon atom.",,True,,
f7c7c646-395c-479c-912f-700dfcfbf5ef,,CHEMISTRY-U03,0.2632,"Intermolecular forces are forces of attraction
and repulsion between interacting particles
that will include :
A. dipole - dipole forces. T
B. dipole - induced dipole forces. P
C. hydrogen bonding.
; (2)
D. covalent bonding.
E. dispersion forces.
Choose the most appropriate answer from
the options given below :","A: A, B, C, E are correct. | B: A, C, D, E are correct. | C: B, C, D, E are correct. ?
78 | D: ",e89de876-07d6-426f-a3c4-52542bea587a,PASSED,ncert-books-class-11-chemistry-chapter-4.pdf,30,"DIATOMIC MOLECULES
In this section we shall discuss bonding in
some homonuclear diatomic molecules. Hydrogen molecule (H2 ): It is formed by
the combination of two hydrogen atoms. DIATOMIC MOLECULES
In this section we shall discuss bonding in
some homonuclear diatomic molecules. Hydrogen molecule (H2 ): It is formed by
the combination of two hydrogen atoms. Each
hydrogen atom has one electron in 1s orbital. Therefore, in all there are two electrons in
hydrogen molecule which are present in σ1s
molecular orbital. So electronic configuration
of hydrogen molecule is
H2 : (σ1s)2
The bond order of H2 molecule can be
calculated as given below:
Bond order =
N
N
b
a




2
2
0
2
1
This means that the two hydrogen atoms
are bonded together by a single covalent bond. The bond dissociation energy of hydrogen
molecule has been found to be 438 kJ mol-1
and bond length equal to 74 pm. Since no
2024-25
130
chemistry
unpaired electron is present in hydrogen
molecule, therefore, it is diamagnetic. Helium molecule (He2 ): The electronic
configuration of helium atom is 1s2.",,True,,
1f109c1e-c1dc-4989-9042-281effd4b716,,CHEMISTRY-U02,0.2581,"Given below are two statements :
Statement I : Gause’s competitive exclusion
principle states that two closely related species
competing for different resources cannot exist
indefinitely.
Statement IT : According to Gause’s principle,
during competition, the inferior will be eliminated.
This may be true if resources are limiting.
In the light of the above statements, choose the
correct answer from the options given below :",A: Statement I is true but Statement II is false. | B: Statement I is false but Statement II is true. | C: Both Statement I and Statement II are true. | D: Both Statement I and Statement II are false.,d1e98aca-c9dc-4c7e-a33f-8e095acfd777,PASSED,ncert-books-class-11-chemistry-chapter-2.pdf,33,"The filling of electrons into the orbitals of
different atoms takes place according to
the aufbau principle which is based on the
Pauli's exclusion principle, the Hund's rule
of maximum multiplicity and the relative
energies of the orbitals. Aufbau Principle
The word 'aufbau' in German means 'building
up'. The filling of electrons into the orbitals of
different atoms takes place according to
the aufbau principle which is based on the
Pauli's exclusion principle, the Hund's rule
of maximum multiplicity and the relative
energies of the orbitals. Aufbau Principle
The word 'aufbau' in German means 'building
up'. The building up of orbitals means the
Table 2.5
Arrangement of Orbitals with
Increasing Energy on the Basis
of (n+l) Rule
2024-25
62
chemistry
filling up of orbitals with electrons. The
principle states : In the ground state of the
atoms, the orbitals are filled in order of
their increasing energies. In other words,
electrons first occupy the lowest energy orbital
available to them and enter into higher energy
orbitals only after the lower energy orbitals
are filled. As you have learnt above, energy
of a given orbital depends upon effective
nuclear charge and different type of orbitals
are affected to different extent. Thus, there
is no single ordering of energies of orbitals
which will be universally correct for all atoms. However, following order of energies of
the orbitals is extremely useful:
1s, 2s, 2p, 3s, 3p, 4s, 3d, 4p, 5s, 4d, 5p, 4f,
5d, 6p, 7s...",,True,,
b6e962ea-caf3-4729-a49c-f820ed665fd2,,BIOLOGY-U05,0.2778,"Match the following columns and select the
correct option.
Column - I
Column - II
(a)
Pituitary gland
(i)
Grave’s disease
(b)
Thyroid gland
(ii)
Diabetes mellitus
(c)
Adrenal gland
(iii)
Diabetes insipidus
(d)
Pancreas
(iv)
Addison’s disease
(a)
(b)
(c)
(d)","A: (iii)
(ii)
(i)
(iv) | B: (iii)
(i)
(iv)
(ii) | C: (ii)
(i)
(iv)
(iii) | D: (iv)
(iii)
(i)
(ii)

<<<PAGE:3>>>
3
G5",f5ee6128-6fd6-4eca-a9b5-7ffac019583b,PASSED,ncert-books-class-11-biology-chapter-19.pdf,2,"The endocrine glands and hormone
producing diffused tissues/cells located in
different parts of our body constitute the
endocrine system. Pituitary, pineal,
thyroid, adrenal, pancreas, parathyroid,
thymus and gonads (testis in males and
ovary in females) are the organised
endocrine
bodies
in
our
body
(Figure 19.1). The endocrine glands and hormone
producing diffused tissues/cells located in
different parts of our body constitute the
endocrine system. Pituitary, pineal,
thyroid, adrenal, pancreas, parathyroid,
thymus and gonads (testis in males and
ovary in females) are the organised
endocrine
bodies
in
our
body
(Figure 19.1). In addition to these, some
other organs, e.g., gastrointestinal tract,
liver, kidney, heart also produce hormones. A brief account of the structure and
functions of all major endocrine glands
and hypothalamus of the human body is
given in the following sections.",,True,,
dca6cb7d-a4ed-45eb-b3df-b750afb1f750,,CHEMISTRY-U03,0.3333,"own Aand r ae incorrect.
is correct but B 1s incorrect.","A:  | B:  | C:  | D: A is incorrect but B is correct.
14",cf1d0c5a-b772-4237-948c-fcb2c06a8eca,FAILED,ncert-books-class-11-chemistry-chapter-4.pdf,28,"Orbitals
We have seen that 1s atomic orbitals on two
atoms form two molecular orbitals designated
as σ1s and σ*1s. In the same manner, the 2s
and 2p atomic orbitals (eight atomic orbitals
2024-25
128
chemistry
Fig. Orbitals
We have seen that 1s atomic orbitals on two
atoms form two molecular orbitals designated
as σ1s and σ*1s. In the same manner, the 2s
and 2p atomic orbitals (eight atomic orbitals
2024-25
128
chemistry
Fig. 4.20 Contours and energies of bonding and antibonding molecular orbitals formed through
combinations of (a) 1s atomic orbitals; (b) 2pz atomic orbitals and (c) 2px atomic orbitals. on two atoms) give rise to the following eight
molecular orbitals:
Antibonding
MOs σ∗2s σ∗2pz π∗2px π∗2py
Bonding
MOs
σ2s
σ2pz
π2px
π2py
The energy levels of these molecular
orbitals have been determined experimentally
from spectroscopic data for homonuclear
diatomic molecules of second row elements
of the periodic table. The increasing order of
2024-25
129
Chemical Bonding And Molecular Structure
energies of various molecular orbitals for O2
and F2 is given below:
1s <  ∗1s <  2s <  ∗2s < 2pz < (π 2px=π 2py)
< (π ∗2px= π∗ 2py) <  ∗2pz
However, this sequence of energy levels
of molecular orbitals is not correct for the
remaining molecules Li2, Be2, B2, C2, N2. For
instance, it has been observed experimentally
that for molecules such as B2, C2, N2, etc. the increasing order of energies of various
molecular orbitals is
1s <  ∗1s < 2s <  ∗2s < (π 2 px = π 2 py)
< 2pz < (π ∗2px =π∗2py) <  ∗2pz
The important characteristic feature
of this order is that the energy of
2pz
molecular orbital is higher than that
of 2px and 2py molecular orbitals.",,True,,
ea2de42b-df5e-4b29-bc0a-2ebb74479be4,,CHEMISTRY-U03,0.3333,Select the correct match.,"A: Thalassemia
   -
X linked | B: Haemophilia
   -
Y linked | C: Phenylketonuria
   -
Autosomal
dominant trait | D: Sickle cell anaemia   -
Autosomal
recessive trait,
chromosome-11",cf1d0c5a-b772-4237-948c-fcb2c06a8eca,FAILED,ncert-books-class-11-chemistry-chapter-4.pdf,28,"Orbitals
We have seen that 1s atomic orbitals on two
atoms form two molecular orbitals designated
as σ1s and σ*1s. In the same manner, the 2s
and 2p atomic orbitals (eight atomic orbitals
2024-25
128
chemistry
Fig. Orbitals
We have seen that 1s atomic orbitals on two
atoms form two molecular orbitals designated
as σ1s and σ*1s. In the same manner, the 2s
and 2p atomic orbitals (eight atomic orbitals
2024-25
128
chemistry
Fig. 4.20 Contours and energies of bonding and antibonding molecular orbitals formed through
combinations of (a) 1s atomic orbitals; (b) 2pz atomic orbitals and (c) 2px atomic orbitals. on two atoms) give rise to the following eight
molecular orbitals:
Antibonding
MOs σ∗2s σ∗2pz π∗2px π∗2py
Bonding
MOs
σ2s
σ2pz
π2px
π2py
The energy levels of these molecular
orbitals have been determined experimentally
from spectroscopic data for homonuclear
diatomic molecules of second row elements
of the periodic table. The increasing order of
2024-25
129
Chemical Bonding And Molecular Structure
energies of various molecular orbitals for O2
and F2 is given below:
1s <  ∗1s <  2s <  ∗2s < 2pz < (π 2px=π 2py)
< (π ∗2px= π∗ 2py) <  ∗2pz
However, this sequence of energy levels
of molecular orbitals is not correct for the
remaining molecules Li2, Be2, B2, C2, N2. For
instance, it has been observed experimentally
that for molecules such as B2, C2, N2, etc. the increasing order of energies of various
molecular orbitals is
1s <  ∗1s < 2s <  ∗2s < (π 2 px = π 2 py)
< 2pz < (π ∗2px =π∗2py) <  ∗2pz
The important characteristic feature
of this order is that the energy of
2pz
molecular orbital is higher than that
of 2px and 2py molecular orbitals.",,True,,
bbe01d0f-35a7-455f-8814-a65ef81a8920,,CHEMISTRY-U03,0.3333,Select the correct match.,"A: Thalassemia
   -
X linked | B: Haemophilia
   -
Y linked | C: Phenylketonuria
   -
Autosomal
dominant trait | D: Sickle cell anaemia   -
Autosomal
recessive trait,
chromosome-11",cf1d0c5a-b772-4237-948c-fcb2c06a8eca,FAILED,ncert-books-class-11-chemistry-chapter-4.pdf,28,"Orbitals
We have seen that 1s atomic orbitals on two
atoms form two molecular orbitals designated
as σ1s and σ*1s. In the same manner, the 2s
and 2p atomic orbitals (eight atomic orbitals
2024-25
128
chemistry
Fig. Orbitals
We have seen that 1s atomic orbitals on two
atoms form two molecular orbitals designated
as σ1s and σ*1s. In the same manner, the 2s
and 2p atomic orbitals (eight atomic orbitals
2024-25
128
chemistry
Fig. 4.20 Contours and energies of bonding and antibonding molecular orbitals formed through
combinations of (a) 1s atomic orbitals; (b) 2pz atomic orbitals and (c) 2px atomic orbitals. on two atoms) give rise to the following eight
molecular orbitals:
Antibonding
MOs σ∗2s σ∗2pz π∗2px π∗2py
Bonding
MOs
σ2s
σ2pz
π2px
π2py
The energy levels of these molecular
orbitals have been determined experimentally
from spectroscopic data for homonuclear
diatomic molecules of second row elements
of the periodic table. The increasing order of
2024-25
129
Chemical Bonding And Molecular Structure
energies of various molecular orbitals for O2
and F2 is given below:
1s <  ∗1s <  2s <  ∗2s < 2pz < (π 2px=π 2py)
< (π ∗2px= π∗ 2py) <  ∗2pz
However, this sequence of energy levels
of molecular orbitals is not correct for the
remaining molecules Li2, Be2, B2, C2, N2. For
instance, it has been observed experimentally
that for molecules such as B2, C2, N2, etc. the increasing order of energies of various
molecular orbitals is
1s <  ∗1s < 2s <  ∗2s < (π 2 px = π 2 py)
< 2pz < (π ∗2px =π∗2py) <  ∗2pz
The important characteristic feature
of this order is that the energy of
2pz
molecular orbital is higher than that
of 2px and 2py molecular orbitals.",,True,,
e05cb82e-bc54-46da-9bee-4049752dd71c,,CHEMISTRY-U01,0.3125,"The following graph represents the T-V curves of
an ideal gas (where T is the temperature and V
the volume) at three pressures P}, P, and P;
compared with those of Charles’s law represented
as dotted lines.
P
t [i yr P,
iS [Le
cd
0 Vo
Then the correct relation is:",A: Ry>R>P | B: R>PR>P | C: P>Py>F | D: P>P>Py,7551c4fe-c044-432d-951d-c44e47173253,FAILED,ncert-books-class-11-chemistry-chapter-1.pdf,4,"You are aware that matter can exist in three
physical states viz. The constituent particles of matter in these
three states can be represented as shown in
Fig. You are aware that matter can exist in three
physical states viz. The constituent particles of matter in these
three states can be represented as shown in
Fig. Particles are held very close to each other
in solids in an orderly fashion and there is not
much freedom of movement. In liquids, the
particles are close to each other but they can
move around. However, in gases, the particles
are far apart as compared to those present in
solid or liquid states and their movement is
easy and fast. Because of such arrangement
of particles, different states of matter exhibit
the following characteristics:
(i)
Solids have definite volume and definite
shape. (ii)
Liquids have definite volume but do
not have definite shape. They take the
shape of the container in which they are
placed.",,True,,
6c274a8b-3400-49a9-85f3-eeef49eb7ab3,,CHEMISTRY-U03,0.3333,Select the correct match.,"A: Thalassemia
   -
X linked | B: Haemophilia
   -
Y linked | C: Phenylketonuria
   -
Autosomal
dominant trait | D: Sickle cell anaemia   -
Autosomal
recessive trait,
chromosome-11",cf1d0c5a-b772-4237-948c-fcb2c06a8eca,FAILED,ncert-books-class-11-chemistry-chapter-4.pdf,28,"Orbitals
We have seen that 1s atomic orbitals on two
atoms form two molecular orbitals designated
as σ1s and σ*1s. In the same manner, the 2s
and 2p atomic orbitals (eight atomic orbitals
2024-25
128
chemistry
Fig. Orbitals
We have seen that 1s atomic orbitals on two
atoms form two molecular orbitals designated
as σ1s and σ*1s. In the same manner, the 2s
and 2p atomic orbitals (eight atomic orbitals
2024-25
128
chemistry
Fig. 4.20 Contours and energies of bonding and antibonding molecular orbitals formed through
combinations of (a) 1s atomic orbitals; (b) 2pz atomic orbitals and (c) 2px atomic orbitals. on two atoms) give rise to the following eight
molecular orbitals:
Antibonding
MOs σ∗2s σ∗2pz π∗2px π∗2py
Bonding
MOs
σ2s
σ2pz
π2px
π2py
The energy levels of these molecular
orbitals have been determined experimentally
from spectroscopic data for homonuclear
diatomic molecules of second row elements
of the periodic table. The increasing order of
2024-25
129
Chemical Bonding And Molecular Structure
energies of various molecular orbitals for O2
and F2 is given below:
1s <  ∗1s <  2s <  ∗2s < 2pz < (π 2px=π 2py)
< (π ∗2px= π∗ 2py) <  ∗2pz
However, this sequence of energy levels
of molecular orbitals is not correct for the
remaining molecules Li2, Be2, B2, C2, N2. For
instance, it has been observed experimentally
that for molecules such as B2, C2, N2, etc. the increasing order of energies of various
molecular orbitals is
1s <  ∗1s < 2s <  ∗2s < (π 2 px = π 2 py)
< 2pz < (π ∗2px =π∗2py) <  ∗2pz
The important characteristic feature
of this order is that the energy of
2pz
molecular orbital is higher than that
of 2px and 2py molecular orbitals.",,True,,
b2ea3a32-bc8a-4f13-be81-702936bdcbc5,,CHEMISTRY-U03,0.3333,Select the correct match.,"A: Sickle cell anaemia   -
Autosomal
recessive trait,
chromosome-11 | B: Thalassemia
   -
X linked | C: Haemophilia
   -
Y linked | D: Phenylketonuria
   -
Autosomal
dominant trait",cf1d0c5a-b772-4237-948c-fcb2c06a8eca,FAILED,ncert-books-class-11-chemistry-chapter-4.pdf,28,"Orbitals
We have seen that 1s atomic orbitals on two
atoms form two molecular orbitals designated
as σ1s and σ*1s. In the same manner, the 2s
and 2p atomic orbitals (eight atomic orbitals
2024-25
128
chemistry
Fig. Orbitals
We have seen that 1s atomic orbitals on two
atoms form two molecular orbitals designated
as σ1s and σ*1s. In the same manner, the 2s
and 2p atomic orbitals (eight atomic orbitals
2024-25
128
chemistry
Fig. 4.20 Contours and energies of bonding and antibonding molecular orbitals formed through
combinations of (a) 1s atomic orbitals; (b) 2pz atomic orbitals and (c) 2px atomic orbitals. on two atoms) give rise to the following eight
molecular orbitals:
Antibonding
MOs σ∗2s σ∗2pz π∗2px π∗2py
Bonding
MOs
σ2s
σ2pz
π2px
π2py
The energy levels of these molecular
orbitals have been determined experimentally
from spectroscopic data for homonuclear
diatomic molecules of second row elements
of the periodic table. The increasing order of
2024-25
129
Chemical Bonding And Molecular Structure
energies of various molecular orbitals for O2
and F2 is given below:
1s <  ∗1s <  2s <  ∗2s < 2pz < (π 2px=π 2py)
< (π ∗2px= π∗ 2py) <  ∗2pz
However, this sequence of energy levels
of molecular orbitals is not correct for the
remaining molecules Li2, Be2, B2, C2, N2. For
instance, it has been observed experimentally
that for molecules such as B2, C2, N2, etc. the increasing order of energies of various
molecular orbitals is
1s <  ∗1s < 2s <  ∗2s < (π 2 px = π 2 py)
< 2pz < (π ∗2px =π∗2py) <  ∗2pz
The important characteristic feature
of this order is that the energy of
2pz
molecular orbital is higher than that
of 2px and 2py molecular orbitals.",,True,,
45950960-9b52-4b82-8d24-53635b786f63,,CHEMISTRY-U03,0.3333,Select the correct match.,"A: Phenylketonuria
   -
Autosomal
dominant trait | B: Sickle cell anaemia   -
Autosomal
recessive trait,
chromosome-11 | C: Thalassemia
   -
X linked | D: Haemophilia
   -
Y linked",cf1d0c5a-b772-4237-948c-fcb2c06a8eca,FAILED,ncert-books-class-11-chemistry-chapter-4.pdf,28,"Orbitals
We have seen that 1s atomic orbitals on two
atoms form two molecular orbitals designated
as σ1s and σ*1s. In the same manner, the 2s
and 2p atomic orbitals (eight atomic orbitals
2024-25
128
chemistry
Fig. Orbitals
We have seen that 1s atomic orbitals on two
atoms form two molecular orbitals designated
as σ1s and σ*1s. In the same manner, the 2s
and 2p atomic orbitals (eight atomic orbitals
2024-25
128
chemistry
Fig. 4.20 Contours and energies of bonding and antibonding molecular orbitals formed through
combinations of (a) 1s atomic orbitals; (b) 2pz atomic orbitals and (c) 2px atomic orbitals. on two atoms) give rise to the following eight
molecular orbitals:
Antibonding
MOs σ∗2s σ∗2pz π∗2px π∗2py
Bonding
MOs
σ2s
σ2pz
π2px
π2py
The energy levels of these molecular
orbitals have been determined experimentally
from spectroscopic data for homonuclear
diatomic molecules of second row elements
of the periodic table. The increasing order of
2024-25
129
Chemical Bonding And Molecular Structure
energies of various molecular orbitals for O2
and F2 is given below:
1s <  ∗1s <  2s <  ∗2s < 2pz < (π 2px=π 2py)
< (π ∗2px= π∗ 2py) <  ∗2pz
However, this sequence of energy levels
of molecular orbitals is not correct for the
remaining molecules Li2, Be2, B2, C2, N2. For
instance, it has been observed experimentally
that for molecules such as B2, C2, N2, etc. the increasing order of energies of various
molecular orbitals is
1s <  ∗1s < 2s <  ∗2s < (π 2 px = π 2 py)
< 2pz < (π ∗2px =π∗2py) <  ∗2pz
The important characteristic feature
of this order is that the energy of
2pz
molecular orbital is higher than that
of 2px and 2py molecular orbitals.",,True,,
237faded-d9c4-4cac-81f0-197b65dae4b5,,CHEMISTRY-U03,0.3333,Select the correct match.,"A: Haemophilia
   -
Y linked | B: Phenylketonuria
   -
Autosomal
dominant trait | C: Sickle cell anaemia   -
Autosomal
recessive trait,
chromosome-11 | D: Thalassemia
   -
X linked",cf1d0c5a-b772-4237-948c-fcb2c06a8eca,FAILED,ncert-books-class-11-chemistry-chapter-4.pdf,28,"Orbitals
We have seen that 1s atomic orbitals on two
atoms form two molecular orbitals designated
as σ1s and σ*1s. In the same manner, the 2s
and 2p atomic orbitals (eight atomic orbitals
2024-25
128
chemistry
Fig. Orbitals
We have seen that 1s atomic orbitals on two
atoms form two molecular orbitals designated
as σ1s and σ*1s. In the same manner, the 2s
and 2p atomic orbitals (eight atomic orbitals
2024-25
128
chemistry
Fig. 4.20 Contours and energies of bonding and antibonding molecular orbitals formed through
combinations of (a) 1s atomic orbitals; (b) 2pz atomic orbitals and (c) 2px atomic orbitals. on two atoms) give rise to the following eight
molecular orbitals:
Antibonding
MOs σ∗2s σ∗2pz π∗2px π∗2py
Bonding
MOs
σ2s
σ2pz
π2px
π2py
The energy levels of these molecular
orbitals have been determined experimentally
from spectroscopic data for homonuclear
diatomic molecules of second row elements
of the periodic table. The increasing order of
2024-25
129
Chemical Bonding And Molecular Structure
energies of various molecular orbitals for O2
and F2 is given below:
1s <  ∗1s <  2s <  ∗2s < 2pz < (π 2px=π 2py)
< (π ∗2px= π∗ 2py) <  ∗2pz
However, this sequence of energy levels
of molecular orbitals is not correct for the
remaining molecules Li2, Be2, B2, C2, N2. For
instance, it has been observed experimentally
that for molecules such as B2, C2, N2, etc. the increasing order of energies of various
molecular orbitals is
1s <  ∗1s < 2s <  ∗2s < (π 2 px = π 2 py)
< 2pz < (π ∗2px =π∗2py) <  ∗2pz
The important characteristic feature
of this order is that the energy of
2pz
molecular orbital is higher than that
of 2px and 2py molecular orbitals.",,True,,
6375093f-ddcf-4a91-a497-ec5ba34ac736,,CHEMISTRY-U03,0.3333,"Which one of the following is NOT an
advantage of inbreeding?","A: It decreases homozygosity. | B: It exposes harmful recessive genes that
are eliminated by selection. | C: Elimination of less desirable genes and
accumulation of superior genes takes
place due to it. | D: It decreases the productivity of inbred",cf00d62a-9f1b-4544-9d7b-0c1e4c161990,PASSED,ncert-books-class-11-chemistry-chapter-4.pdf,4,"Molecules (the Lewis Structures)
The Lewis dot structures provide a picture
of bonding in molecules and ions in terms of
the shared pairs of electrons and the octet
rule. While such a picture may not explain
the bonding and behaviour of a molecule
completely, it does help in understanding the
formation and properties of a molecule to a
large extent. Molecules (the Lewis Structures)
The Lewis dot structures provide a picture
of bonding in molecules and ions in terms of
the shared pairs of electrons and the octet
rule. While such a picture may not explain
the bonding and behaviour of a molecule
completely, it does help in understanding the
formation and properties of a molecule to a
large extent. Writing of Lewis dot structures of
molecules is, therefore, very useful. The Lewis
dot structures can be written by adopting the
following steps:
•
The total number of electrons required
for writing the structures are obtained
by adding the valence electrons of the
combining atoms. For example, in the CH4
molecule there are eight valence electrons
available for bonding (4 from carbon and
4 from the four hydrogen atoms). •
For anions, each negative charge would
mean addition of one electron. For cations,
each positive charge would result in
subtraction of one electron from the total
number of valence electrons. For example,
for the CO3
2- ion, the two negative charges
indicate that there are two additional
electrons than those provided by the
neutral atoms.",,True,,
c884079e-094b-4e80-8101-c66a9d4f074a,,CHEMISTRY-U03,0.3333,"Which of the following is not an attribute of a
population ?",A: Species interaction | B: Sex ratio | C: Natality | D: Mortality,cf00d62a-9f1b-4544-9d7b-0c1e4c161990,PASSED,ncert-books-class-11-chemistry-chapter-4.pdf,4,"Molecules (the Lewis Structures)
The Lewis dot structures provide a picture
of bonding in molecules and ions in terms of
the shared pairs of electrons and the octet
rule. While such a picture may not explain
the bonding and behaviour of a molecule
completely, it does help in understanding the
formation and properties of a molecule to a
large extent. Molecules (the Lewis Structures)
The Lewis dot structures provide a picture
of bonding in molecules and ions in terms of
the shared pairs of electrons and the octet
rule. While such a picture may not explain
the bonding and behaviour of a molecule
completely, it does help in understanding the
formation and properties of a molecule to a
large extent. Writing of Lewis dot structures of
molecules is, therefore, very useful. The Lewis
dot structures can be written by adopting the
following steps:
•
The total number of electrons required
for writing the structures are obtained
by adding the valence electrons of the
combining atoms. For example, in the CH4
molecule there are eight valence electrons
available for bonding (4 from carbon and
4 from the four hydrogen atoms). •
For anions, each negative charge would
mean addition of one electron. For cations,
each positive charge would result in
subtraction of one electron from the total
number of valence electrons. For example,
for the CO3
2- ion, the two negative charges
indicate that there are two additional
electrons than those provided by the
neutral atoms.",,True,,
858d0a75-92f8-4627-9074-3721c72b5a43,,CHEMISTRY-U03,0.3333,"Which one of the following is NOT an
advantage of inbreeding?","A: Elimination of less desirable genes and
accumulation of superior genes takes
place due to it. | B: It decreases the productivity of inbred
population, after continuous inbreeding. | C: It decreases homozygosity. | D: It exposes harmful recessive genes that",cf00d62a-9f1b-4544-9d7b-0c1e4c161990,PASSED,ncert-books-class-11-chemistry-chapter-4.pdf,4,"Molecules (the Lewis Structures)
The Lewis dot structures provide a picture
of bonding in molecules and ions in terms of
the shared pairs of electrons and the octet
rule. While such a picture may not explain
the bonding and behaviour of a molecule
completely, it does help in understanding the
formation and properties of a molecule to a
large extent. Molecules (the Lewis Structures)
The Lewis dot structures provide a picture
of bonding in molecules and ions in terms of
the shared pairs of electrons and the octet
rule. While such a picture may not explain
the bonding and behaviour of a molecule
completely, it does help in understanding the
formation and properties of a molecule to a
large extent. Writing of Lewis dot structures of
molecules is, therefore, very useful. The Lewis
dot structures can be written by adopting the
following steps:
•
The total number of electrons required
for writing the structures are obtained
by adding the valence electrons of the
combining atoms. For example, in the CH4
molecule there are eight valence electrons
available for bonding (4 from carbon and
4 from the four hydrogen atoms). •
For anions, each negative charge would
mean addition of one electron. For cations,
each positive charge would result in
subtraction of one electron from the total
number of valence electrons. For example,
for the CO3
2- ion, the two negative charges
indicate that there are two additional
electrons than those provided by the
neutral atoms.",,True,,
c15bec3b-cb7a-4cf3-bb12-4bc07b73949c,,BIOLOGY-U04,0.3077,"The following metal ion activates many enzymes,
participates in the oxidation of glucose to produce
ATP and with Na, is responsible for the
transmission of nerve signals.",A: Copper | B: Calcium | C: Potassium | D: Iron,ad65a44f-424b-4466-951a-f14d2bd38cd6,PASSED,ncert-books-class-11-biology-chapter-12.pdf,5,"In fermentation, say by yeast, the incomplete oxidation of glucose is
achieved under anaerobic conditions by sets of reactions where pyruvic
acid is converted to CO2 and ethanol. The enzymes, pyruvic acid
decarboxylase and alcohol dehydrogenase catalyse these reactions. In fermentation, say by yeast, the incomplete oxidation of glucose is
achieved under anaerobic conditions by sets of reactions where pyruvic
acid is converted to CO2 and ethanol. The enzymes, pyruvic acid
decarboxylase and alcohol dehydrogenase catalyse these reactions. Other
organisms like some bacteria produce lactic acid from pyruvic acid. The
steps involved are shown in Figure 12.2. In animal cells also, like muscles
during exercise, when oxygen is inadequate for cellular respiration pyruvic
acid is reduced to lactic acid by lactate dehydrogenase. The reducing
agent is NADH+H+ which is reoxidised to NAD+
in both the processes. In both lactic acid and alcohol
fermentation not much energy is released; less
than seven per cent of the energy in glucose is
released and not all of it is trapped as high
energy bonds of ATP. Also, the processes are
hazardous - either acid or alcohol is produced.",,True,,
d6a9b996-e6c5-451e-aeba-b44e77fe17c8,,BIOLOGY-U02,0.3,"Match List I with List II.
List I List II
SIP i mney
. . Hea
C. ANF IIL. Gastric gland
D. ADH IV. Pancreas
Choose the correct answer from the options
BAY BIL, Cl, DA
2) A-IIL B-II CIV. D-l","A:  | B:  | C: A-IL, B-IV, C-L, D-III | D: A-IV, B-II, C-Ill, D-I
173",4e58b7bf-a0b2-43a9-bade-a9ff16618c60,PASSED,ncert-books-class-11-biology-chapter-7.pdf,3,"The body cavity of frogs accommodate different organ systems such as
digestive, circulatory, respiratory, nervous, excretory and reproductive
systems with well developed structures and functions (Figure 7.2). The digestive system consists of alimentary canal and digestive glands. The body cavity of frogs accommodate different organ systems such as
digestive, circulatory, respiratory, nervous, excretory and reproductive
systems with well developed structures and functions (Figure 7.2). The digestive system consists of alimentary canal and digestive glands. The alimentary canal is short because frogs are carnivores and hence the
length of intestine is reduced. The mouth opens into the buccal cavity that
leads to the oesophagus through pharynx. Oesophagus is a short tube
that opens into the stomach which in turn continues as the intestine, rectum
and finally opens outside by the cloaca. Liver secretes bile that is stored in
the gall bladder. Pancreas, a digestive gland produces pancreatic juice
Figure 7.2
Diagrammatic representation of internal organs of frog showing
complete digestive system
Intestine
Ureter
Rectum
Cloaca
Urinary
bladder
Oesophagus
Liver
Stomach
Kidney
Gall
bladder
Fat bodies
Lung
Heart
Cloacal Aperture
2024-25
82
BIOLOGY
containing digestive enzymes. Digestion of food takes place by the action of HCl and gastric juices secreted
from the walls of the stomach.",,True,,
71ca30b1-0653-4a8e-833f-65fd3ea1d7e6,,CHEMISTRY-U07,0.3333,"A resistance wire connected in the left gap of a
metre bridge balances a 10 Ω resistance in the
right gap at a point which divides the bridge wire
in the ratio 3 : 2.  If the length of the resistance
wire is 1.5 m, then the length of 1 Ω of the
resistance wire is :",A: 1.0×10−2 m | B: 1.0×10−1 m | C: 1.5×10−1 m | D: 1.5×10−2 m,4b08c060-ee98-4331-86e2-c9718e828723,PASSED,ncert-books-class-12-chemistry-chapter-2.pdf,3,"Reprint 2024-25
34
Chemistry
The potential difference between the two electrodes of a galvanic
cell is called the cell potential and is measured in volts. The cell
potential is the difference between the electrode potentials (reduction
potentials) of the cathode and anode. Reprint 2024-25
34
Chemistry
The potential difference between the two electrodes of a galvanic
cell is called the cell potential and is measured in volts. The cell
potential is the difference between the electrode potentials (reduction
potentials) of the cathode and anode. It is called the cell electromotive
force (emf) of the cell when no current is drawn through the cell. It
is now an accepted convention that we keep the anode on the left and
the cathode on the right while representing the galvanic cell. A galvanic
cell is generally represented by putting a vertical line between metal
and electrolyte solution and putting a double vertical line between
the two electrolytes connected by a salt bridge. Under this convention
the emf of the cell is positive and is given by the potential of the half-
cell on the right hand side minus the potential of the half-cell on the
left hand side i.e.,
Ecell = Eright - Eleft
This is illustrated by the following example:
Cell reaction:
Cu(s) + 2Ag+(aq) ¾® Cu2+(aq) + 2 Ag(s)
(2.4)
Half-cell reactions:
Cathode (reduction): 2Ag+(aq) + 2e- ® 2Ag(s)
(2.5)
Anode (oxidation): Cu(s) ® Cu2+(aq) + 2e-
(2.6)
It can be seen that the sum of (3.5) and (3.6) leads to overall reaction
(2.4) in the cell and that silver electrode acts as a cathode and copper
electrode acts as an anode. The cell can be represented as:
Cu(s)|Cu2+(aq)||Ag+(aq)|Ag(s)
and we have Ecell = Eright - Eleft = EAg+úAg - ECu2+úCu
(2.7)
The potential of individual half-cell cannot be measured. We can
measure only the difference between the two half-cell potentials that
gives the emf of the cell.",,True,,
93941bca-0d1c-4c17-a18b-7089db536b6e,,CHEMISTRY-U07,0.3333,"A resistance wire connected in the left gap of a
metre bridge balances a 10 Ω resistance in the
right gap at a point which divides the bridge wire
in the ratio 3 : 2.  If the length of the resistance
wire is 1.5 m, then the length of 1 Ω of the
resistance wire is :",A: 1.5×10−1 m | B: 1.5×10−2 m | C: 1.0×10−2 m | D: 1.0×10−1 m,4b08c060-ee98-4331-86e2-c9718e828723,PASSED,ncert-books-class-12-chemistry-chapter-2.pdf,3,"Reprint 2024-25
34
Chemistry
The potential difference between the two electrodes of a galvanic
cell is called the cell potential and is measured in volts. The cell
potential is the difference between the electrode potentials (reduction
potentials) of the cathode and anode. Reprint 2024-25
34
Chemistry
The potential difference between the two electrodes of a galvanic
cell is called the cell potential and is measured in volts. The cell
potential is the difference between the electrode potentials (reduction
potentials) of the cathode and anode. It is called the cell electromotive
force (emf) of the cell when no current is drawn through the cell. It
is now an accepted convention that we keep the anode on the left and
the cathode on the right while representing the galvanic cell. A galvanic
cell is generally represented by putting a vertical line between metal
and electrolyte solution and putting a double vertical line between
the two electrolytes connected by a salt bridge. Under this convention
the emf of the cell is positive and is given by the potential of the half-
cell on the right hand side minus the potential of the half-cell on the
left hand side i.e.,
Ecell = Eright - Eleft
This is illustrated by the following example:
Cell reaction:
Cu(s) + 2Ag+(aq) ¾® Cu2+(aq) + 2 Ag(s)
(2.4)
Half-cell reactions:
Cathode (reduction): 2Ag+(aq) + 2e- ® 2Ag(s)
(2.5)
Anode (oxidation): Cu(s) ® Cu2+(aq) + 2e-
(2.6)
It can be seen that the sum of (3.5) and (3.6) leads to overall reaction
(2.4) in the cell and that silver electrode acts as a cathode and copper
electrode acts as an anode. The cell can be represented as:
Cu(s)|Cu2+(aq)||Ag+(aq)|Ag(s)
and we have Ecell = Eright - Eleft = EAg+úAg - ECu2+úCu
(2.7)
The potential of individual half-cell cannot be measured. We can
measure only the difference between the two half-cell potentials that
gives the emf of the cell.",,True,,
f5dbe971-2b17-4c8e-9afa-9ffff7644ddd,,BIOLOGY-U03,0.3333,"What fraction of one edge centred octahedral
void lies in one unit cell of fcc?
1 ! 2 |
1 1
@) 5",A:  | B:  | C:  | D: 3) = 4) =,0e66e471-094d-4422-8ea1-d40315e1eddb,PASSED,ncert-books-class-11-biology-chapter-8.pdf,3,"In 1838, Matthias Schleiden, a German botanist, examined a large number
of plants and observed that all plants are composed of different kinds of
cells which form the tissues of the plant. At about the same time, Theodore
CELL: THE UNIT OF LIFE
CHAPTER 8
8.1 What is a Cell? In 1838, Matthias Schleiden, a German botanist, examined a large number
of plants and observed that all plants are composed of different kinds of
cells which form the tissues of the plant. At about the same time, Theodore
CELL: THE UNIT OF LIFE
CHAPTER 8
8.1 What is a Cell?",,True,,
32c642c5-9e42-4778-a279-c21095136127,,PHYSICS-U12,0.3636,"mH, capacitance C is 1 uF and resistance
R is 100Q. The frequency at which resonance
.
occurs is :
) 159k 2) 1.59 radi
Q) 1. 2 (2) 1.59 rad/s
(3) 1.59 kHz (4) 15.9 rad/s
The magnitude and direction of the current
in the following circuit is
290 WVS5V io
A LH B
D C
70 :","A: 0.5 A from 4 to B through E | B: = A from A to B through E
9 | C: 1.5 A from B to A through E | D: 0.2 A from B to A through E",9e6110fe-3af8-43bc-8bcd-d50a693da7d4,PASSED,ncert-book-class-12-physics-part-1-chapter-3.pdf,9,"Although Ohm's law has been found valid over a large class
of materials, there do exist materials and devices used in
electric circuits where the proportionality of V and I does not
hold. The deviations broadly are one or more of the following
types:
(a) V ceases to be proportional to I (Fig. Although Ohm's law has been found valid over a large class
of materials, there do exist materials and devices used in
electric circuits where the proportionality of V and I does not
hold. The deviations broadly are one or more of the following
types:
(a) V ceases to be proportional to I (Fig. (b) The relation between V and I depends on the sign of V. In
other words, if I is the current for a certain V, then reversing
the direction of V keeping its magnitude fixed, does not
produce a current of the same magnitude as I in the opposite direction
(Fig. This happens, for example, in a diode which we will study
in Chapter 14. (c) The relation between V and I is not unique, i.e., there is more than
one value of V for the same current I (Fig. A material exhibiting
such behaviour is GaAs. Materials and devices not obeying Ohm's law in the form of Eq.",,True,,
3e070cfa-fbe7-4130-852d-5eb45af32c4c,,CHEMISTRY-U08,0.3636,"The half life of a radioactive substance is
20 minutes. In how much time, the activity
ih
of substance drops to (3) of its initial
value?",A: 20 minutes | B: 40 minutes | C: 60 minutes | D: 80 minutes,ab48ffc8-9421-4aee-98f5-8950b0263d76,PASSED,ncert-books-class-12-chemistry-chapter-3.pdf,26,"Fill in the blanks in the following table:
Experiment
[A]/ mol L-1
[B]/ mol L-1
Initial rate/
mol L-1 min-1
I
0.1
0.1
2.0 × 10-2
II
-
0.2
4.0 × 10-2
III
0.4
0.4
-
IV
-
0.2
2.0 × 10-2
3.13 Calculate the half-life of a first order reaction from their rate constants given
below:
(i) 200 s-1
(ii) 2 min-1
(iii) 4 years-1
3.14 The half-life for radioactive decay of 14C is 5730 years. An archaeological
artifact containing wood had only 80% of the 14C found in a living tree. Fill in the blanks in the following table:
Experiment
[A]/ mol L-1
[B]/ mol L-1
Initial rate/
mol L-1 min-1
I
0.1
0.1
2.0 × 10-2
II
-
0.2
4.0 × 10-2
III
0.4
0.4
-
IV
-
0.2
2.0 × 10-2
3.13 Calculate the half-life of a first order reaction from their rate constants given
below:
(i) 200 s-1
(ii) 2 min-1
(iii) 4 years-1
3.14 The half-life for radioactive decay of 14C is 5730 years. An archaeological
artifact containing wood had only 80% of the 14C found in a living tree.",,True,,
4f313bed-4c08-4f18-8ca3-14bdc4e2f82b,,CHEMISTRY-U17,0.3636,"Elimination reaction of 2-Bromo-pentane to form
pent-2-ene is :
(a)
β-Elimination reaction
(b)
Follows Zaitsev rule
(c)
Dehydrohalogenation reaction
(d)
Dehydration reaction","A: (a), (b), (c) | B: (a), (c), (d) | C: (b), (c), (d) | D: (a), (b), (d)",54299aa9-3a44-4f11-83d4-f7cd9d05310d,PASSED,ncert-books-class-12-chemistry-chapter-7.pdf,23,"of Ethers
Acidic dehydration of alcohols, to give an alkene is also associated
with substitution reaction to give an ether. The method is suitable for the preparation of ethers having
primary alkyl groups only. of Ethers
Acidic dehydration of alcohols, to give an alkene is also associated
with substitution reaction to give an ether. The method is suitable for the preparation of ethers having
primary alkyl groups only. The alkyl group should be unhindered
and the temperature be kept low. Otherwise the reaction favours the
formation of alkene. The reaction follows SN1 pathway when the alcohol
is secondary or tertiary about which you will learn in higher classes. However, the dehydration of secondary and tertiary alcohols to give
corresponding ethers is unsuccessful as elimination competes over
substitution and as a consequence, alkenes are easily formed. Can you explain why is bimolecular dehydration not appropriate
for the preparation of ethyl methyl ether? Williamson synthesis
It is an important laboratory method for the preparation of
symmetrical and unsymmetrical ethers.",,True,,
e1bf7bad-8bd3-4063-81df-d19f9bd482ac,,CHEMISTRY-U03,0.375,"Identify the substances having glycosidic bond and
peptide bond, respectively in their structure :","A: Inulin, insulin | B: Chitin, cholesterol | C: Glycerol, trypsin | D: Cellulose, lecithin",0e039a0a-8e14-44bc-ba2f-8b7b2eee5c90,PASSED,ncert-books-class-11-chemistry-chapter-4.pdf,19,"In the formation of hydrogen molecule,
there is a minimum energy state when two
hydrogen atoms are so near that their atomic
orbitals undergo partial interpenetration. This
partial merging of atomic orbitals is called
overlapping of atomic orbitals which results in
the pairing of electrons. In the formation of hydrogen molecule,
there is a minimum energy state when two
hydrogen atoms are so near that their atomic
orbitals undergo partial interpenetration. This
partial merging of atomic orbitals is called
overlapping of atomic orbitals which results in
the pairing of electrons. The extent of overlap
decides the strength of a covalent bond. In
general, greater the overlap the stronger is the
bond formed between two atoms. Therefore,
according to orbital overlap concept, the
formation of a covalent bond between two
atoms results by pairing of electrons present
in the valence shell having opposite spins. 4.8
The potential energy curve for the
formation of H2 molecule as a function
of internuclear distance of the H atoms. The minimum in the curve corresponds
to the most stable state of H2. 2024-25
119
Chemical Bonding And Molecular Structure",,True,,
a28133aa-3aab-4834-9d22-c5af74c78685,,CHEMISTRY-U07,0.375,"HCl was passed through a solution of CaCl2, MgCl2
and NaCl.  Which of the following compound(s)
crystallise(s) ?","A: Only MgCl2 | B: NaCl, MgCl2 and CaCl2 | C: Both MgCl2 and CaCl2 | D: Only NaCl

<<<PAGE:20>>>
20
F4",40580382-6703-4d3a-bafd-8644dc6fdf38,PASSED,ncert-books-class-12-chemistry-chapter-2.pdf,30,"A steady current of 1.5 amperes was
passed through them until 1.45 g of silver deposited at the cathode of cell B. What mass of copper and zinc were deposited? A steady current of 1.5 amperes was
passed through them until 1.45 g of silver deposited at the cathode of cell B. What mass of copper and zinc were deposited? 2.17 Using the standard electrode potentials given in Table 3.1, predict if the
reaction between the following is feasible:
(i) Fe3+(aq) and I-(aq)
(ii) Ag+ (aq) and Cu(s)
(iii) Fe3+ (aq) and Br- (aq)
(iv) Ag(s) and Fe
3+ (aq)
(v) Br2 (aq) and Fe2+ (aq). 2.18 Predict the products of electrolysis in each of the following:
(i) An aqueous solution of AgNO3 with silver electrodes. (ii) An aqueous solution of AgNO3 with platinum electrodes. (iii) A dilute solution of H2SO4 with platinum electrodes. (iv) An aqueous solution of CuCl2 with platinum electrodes.",,True,,
c9a75cea-59a2-42c3-9832-26b541f2b450,,CHEMISTRY-U08,0.3636,"The half life of a radioactive substance is
20 minutes. In how much time, the activity
Ih
of substance drops to (3) of its initial
value?",A: 20 minutes | B: 40 minutes | C: 60 minutes — | D: 80 minutes,ab48ffc8-9421-4aee-98f5-8950b0263d76,PASSED,ncert-books-class-12-chemistry-chapter-3.pdf,26,"Fill in the blanks in the following table:
Experiment
[A]/ mol L-1
[B]/ mol L-1
Initial rate/
mol L-1 min-1
I
0.1
0.1
2.0 × 10-2
II
-
0.2
4.0 × 10-2
III
0.4
0.4
-
IV
-
0.2
2.0 × 10-2
3.13 Calculate the half-life of a first order reaction from their rate constants given
below:
(i) 200 s-1
(ii) 2 min-1
(iii) 4 years-1
3.14 The half-life for radioactive decay of 14C is 5730 years. An archaeological
artifact containing wood had only 80% of the 14C found in a living tree. Fill in the blanks in the following table:
Experiment
[A]/ mol L-1
[B]/ mol L-1
Initial rate/
mol L-1 min-1
I
0.1
0.1
2.0 × 10-2
II
-
0.2
4.0 × 10-2
III
0.4
0.4
-
IV
-
0.2
2.0 × 10-2
3.13 Calculate the half-life of a first order reaction from their rate constants given
below:
(i) 200 s-1
(ii) 2 min-1
(iii) 4 years-1
3.14 The half-life for radioactive decay of 14C is 5730 years. An archaeological
artifact containing wood had only 80% of the 14C found in a living tree.",,True,,
c4700c75-6519-48d6-8398-6ec94bc83054,,PHYSICS-U08,0.381,"Two gases A and B are filled at the same
pressure in separate cylinders with movable
pistons of radius % and rp, respectively. On
supplying an equal amount of heat to both the
systems reversibly under constant pressure, the
pistons of gas A and B are displaced by 16 cm
and 9 cm, respectively. If the change in their
internal energy is the same, then the ratio
""4f is equal to
a) 3 Q) F
4 V3
4 V3
3 4
N? =
@) > 4 5",A:  | B:  | C:  | D: ,da18bb89-6e89-4b18-97f5-2613e2403c74,PASSED,ncert-books-class-11-physics-chapter-11.pdf,17,"equilibrium state B, an amount of work equal to 22.3 J is done on the system. If the
gas is taken from state A to B via a process in which the net heat absorbed by the
system is 9.35 cal, how much is the net work done by the system in the latter case ? equilibrium state B, an amount of work equal to 22.3 J is done on the system. If the
gas is taken from state A to B via a process in which the net heat absorbed by the
system is 9.35 cal, how much is the net work done by the system in the latter case ? (Take 1 cal = 4.19 J)
11.6 Two cylinders A and B of equal capacity are connected to each other via a stopcock. A contains a gas at standard temperature and pressure. The entire system is thermally insulated. Answer
the following :
(a) What is the final pressure of the gas in A and B ? (b) What is the change in internal energy of the gas ? (c)
What is the change in the temperature of the gas ?",,True,,
63d38ea6-6a70-4153-8aa1-3171b63318dd,,CHEMISTRY-U03,0.375,"The element expected to form largest ion to
achieve the nearest noble gas configuration
is:",A: oO | B: F | C: N | D: Na,e705b2b9-c36d-4090-8750-8cde0a20aa8c,PASSED,ncert-books-class-11-chemistry-chapter-4.pdf,3,"Langmuir (1919) refined the Lewis
postulations by abandoning the idea of
the stationary cubical arrangement of the
octet, and by introducing the term covalent
bond. The Lewis-Langmuir theory can be
understood by considering the formation of
the chlorine molecule, Cl2. Langmuir (1919) refined the Lewis
postulations by abandoning the idea of
the stationary cubical arrangement of the
octet, and by introducing the term covalent
bond. The Lewis-Langmuir theory can be
understood by considering the formation of
the chlorine molecule, Cl2. The Cl atom with
electronic configuration, [Ne]3s2 3p5, is one
electron short of the argon configuration. The formation of the Cl­2 molecule can be
understood in terms of the sharing of a pair
of electrons between the two chlorine atoms,
each chlorine atom contributing one electron
to the shared pair. In the process both
chlorine atoms attain the outer shell octet of
the nearest noble gas (i.e., argon). Such
structures are referred to as Lewis dot
structures. The Lewis dot structures can be written for
other molecules also, in which the combining
atoms may be identical or different. The
important conditions being that:
•
Each bond is formed as a result of sharing
of an electron pair between the atoms.",,True,,
9d1de0be-5329-4e75-a327-1ee5c77cbb9d,,CHEMISTRY-U01,0.4,"Match List I with List I :
List I List I
A. Iron I. Synthesis of auxin
B. Zi IL Cc tof
7",A:  | B:  | C:  | D: ,a397564e-ad57-4e14-a8e6-25475993ea02,FAILED,ncert-books-class-11-chemistry-chapter-1.pdf,26,"iron and oxygen are 69.9 and 30.1, respectively. 1.9 Calculate the atomic mass (average) of chlorine using the following data:




% Natural Abundance
Molar Mass

35Cl



75.77

34.9689

37Cl



24.23

36.9659
1.10 In three moles of ethane (C2H6), calculate the following:

(i)
Number of moles of carbon atoms. iron and oxygen are 69.9 and 30.1, respectively. 1.9 Calculate the atomic mass (average) of chlorine using the following data:




% Natural Abundance
Molar Mass

35Cl



75.77

34.9689

37Cl



24.23

36.9659
1.10 In three moles of ethane (C2H6), calculate the following:

(i)
Number of moles of carbon atoms. 1.11 What is the concentration of sugar (C12H22O11) in mol L-1 if its 20 g are dissolved in
enough water to make a final volume up to 2L? 1.12 If the density of methanol is 0.793 kg L-1, what is its volume needed for making 2.5
L of its 0.25 M solution? 1.13 Pressure is determined as force per unit area of the surface. The SI unit of pressure,
pascal is as shown below:

1Pa = 1N m-2

If mass of air at sea level is 1034 g cm-2, calculate the pressure in pascal. 1.15 Match the following prefixes with their multiples:


Prefixes
Multiples

(i)
micro
106

(ii)
deca

109

(iii)
mega

10-6

(iv)
giga

10-15

(v)
femto
10
1.16 What do you mean by significant figures?",,True,,
b5c8f549-83d7-4804-a964-26fac90b3a91,,CHEMISTRY-U19,0.4,"The solids which have the negative temperature
coefficient of resistance are :",A: insulators and semiconductors | B: metals | C: insulators only | D: semiconductors only,7909d001-6ca0-4501-80f0-a68539e74997,PASSED,ncert-books-class-12-chemistry-chapter-10.pdf,11,"Amino Acids
Reprint 2024-25
292
Chemistry
Amino acids are usually colourless, crystalline solids. These are
water-soluble, high melting solids and behave like salts rather than
simple amines or carboxylic acids. Amino Acids
Reprint 2024-25
292
Chemistry
Amino acids are usually colourless, crystalline solids. These are
water-soluble, high melting solids and behave like salts rather than
simple amines or carboxylic acids. This behaviour is due to the presence
of both acidic (carboxyl group) and basic (amino
group) groups in the same molecule. In aqueous
solution, the carboxyl group can lose a proton
and amino group can accept a proton, giving rise
to a dipolar ion known as zwitter ion. This is
neutral but contains both positive and negative
charges. In zwitter ionic form, amino acids show amphoteric behaviour as
they react both with acids and bases. Except glycine, all other naturally occurring a-amino acids are
optically active, since the a-carbon atom is asymmetric. Most naturally occurring amino acids have
L-configuration.",,True,,
d687d0bc-4ecd-44f8-b626-177509e69b0d,,XII-BIO-01,0.4375,"The plant parts which consist of two generations -
one within the other :
(a)
Pollen grains inside the anther
(b)
Germinated pollen grain with two male
gametes
(c)
Seed inside the fruit
(d)
Embryo sac inside the ovule","A: (a) only | B: (a), (b) and (c) | C: (c) and (d) | D: (a) and (d)",3f0b5d88-d3ef-4e70-b228-503fb93d95ae,PASSED,ncert-books-class-12-biology-chapter-1.pdf,11,"In the preceding sections you have learnt that the male and female gametes
in flowering plants are produced in the pollen grain and embryo sac,
respectively. As both types of gametes are non-motile, they have to be
brought together for fertilisation to occur. In the preceding sections you have learnt that the male and female gametes
in flowering plants are produced in the pollen grain and embryo sac,
respectively. As both types of gametes are non-motile, they have to be
brought together for fertilisation to occur. Pollination is the mechanism to achieve this objective. Transfer
of pollen grains (shed from the anther) to the stigma of a pistil is
termed pollination. Flowering plants have evolved an amazing array
of adaptations to achieve pollination. They make use of external
agents to achieve pollination. Can you list the possible external
agents? Kinds of Pollination : Depending on the source of pollen, pollination
can be divided into three types.",,True,,
6610945d-3ba9-412f-848c-31f5fe92c976,,CHEMISTRY-U08,0.4444,"Identify the final product [D] obtained in
the following sequence of reactions.
i) LiAlH H,SO
we
Br
[Cc] Na/dry ether [D]
Tr
>| ——+__>»","A: HC=C®° Na*
0) cr
a | B:  | C:  | D: CyHio
Which of the following statements are
INCORRECT?
A. All the transition metals except
scandium form MO oxides which are
ionic.
B. The highest oxidation number
corresponding to the group number in
transition metal oxides is attained in
Sc,03 to Mn,O,.
C. Basic character increases from V,03 to
V0, to V»05.
D. V0, dissolves in acids to give voy
salts.
E. CrO is basic but Cry03 is amphoteric.
Choose the correct answer from the options
given below :",8fb89203-4d6a-456b-a40c-e6e9c8d89e00,PASSED,ncert-books-class-12-chemistry-chapter-3.pdf,8,"Reaction
Calculate the overall order of a reaction which
has the rate expression
(a) Rate = k [A]1/2 [B]3/2
(b) Rate = k [A]3/2 [B]-1
(a) Rate = k [A]x [B]y
order = x + y
So order = 1/2 + 3/2 = 2, i.e., second order
(b) order = 3/2 + (-1) = 1/2, i.e., half order. Example 3.3
Example 3.3
Example 3.3
Example 3.3
Example 3.3
Solution
Solution
Solution
Solution
Solution
A balanced chemical equation never gives us a true picture of how
a reaction takes place since rarely a reaction gets completed in  Reaction
Calculate the overall order of a reaction which
has the rate expression
(a) Rate = k [A]1/2 [B]3/2
(b) Rate = k [A]3/2 [B]-1
(a) Rate = k [A]x [B]y
order = x + y
So order = 1/2 + 3/2 = 2, i.e., second order
(b) order = 3/2 + (-1) = 1/2, i.e., half order. Example 3.3
Example 3.3
Example 3.3
Example 3.3
Example 3.3
Solution
Solution
Solution
Solution
Solution
A balanced chemical equation never gives us a true picture of how
a reaction takes place since rarely a reaction gets completed in one
step. The reactions taking place in one step are called elementary
reactions. When a sequence of elementary reactions (called mechanism)
gives us the products, the reactions are called complex reactions. Reprint 2024-25
69
Chemical Kinetics
Example 3.4
Example 3.4
Example 3.4
Example 3.4
Example 3.4
Solution
Solution
Solution
Solution
Solution
These may be consecutive reactions (e.g., oxidation of ethane to CO2
and H2O passes through a series of intermediate steps in which alcohol,
aldehyde and acid are formed), reverse reactions and side reactions
(e.g., nitration of phenol yields o-nitrophenol and p-nitrophenol). Units of rate constant
For a general reaction
aA + bB ® cC + dD
Rate = k [A]
x [B]
y
Where x + y = n = order of the reaction
k =
x
Rate
[A] [B]y
(
)
(
)
=
n
concentration
1
=
×
where [A] [B]
time
concentration
Taking SI units of concentration, mol L
-1 and time, s, the units of
k for different reaction order are listed in Table 3.3
Table 3.3: Units of rate constant
Reaction
Order
Units of rate constant
Zero order reaction
0
(
)
1
1
1
0
1
mol L
1
mol L s
s
mol L
−
−
−
−
×
=
First order reaction
1
(
)
1
1
1
1
mol L
1
s
s
mol L
−
−
−
×
=
Second order reaction
2
(
)
1
1
1
2
1
mol L
1
mol L s
s
mol L
−
−
−
−
×
=
Identify the reaction order from each of the following rate constants. (i) k = 2.3 × 10-5 L mol-1 s-1
(ii) k = 3 × 10-4 s-1
(i) The unit of second order rate constant is L mol-1 s-1, therefore
k = 2.3 × 10-5 L mol-1 s-1 represents a second order reaction. (ii) The unit of a first order rate constant is s-1 therefore
k = 3 × 10-4 s-1 represents a first order reaction.",,True,,
9bc3d872-be20-4f07-a3ab-8694583bf921,,PHYSICS-U14,0.4,"mH, capacitance C is 1 uF and resistance
Ris 100Q. The frequency at which resonance
occurs is :",A: 1.59 rad/s | B: 1.59 kHz | C: 15.9 rad/s | D: 15.9 kHz,646cef7b-1521-4519-b8df-ef21b54f1bb7,PASSED,ncert-book-class-12-physics-part-1-chapter-7.pdf,12,"An interesting characteristic of the series RLC circuit is the phenomenon
of resonance. The phenomenon of resonance is common among systems
that have a tendency to oscillate at a particular frequency. An interesting characteristic of the series RLC circuit is the phenomenon
of resonance. The phenomenon of resonance is common among systems
that have a tendency to oscillate at a particular frequency. This frequency
is called the system's natural frequency. If such a system is driven by an
energy source at a frequency that is near the natural frequency, the
amplitude of oscillation is found to be large. A familiar example of this
phenomenon is a child on a swing. The swing has a natural frequency
for swinging back and forth like a pendulum. If the child pulls on the
FIGURE 7.12 Impedance
diagram. FIGURE 7.13 (a) Phasor diagram of V and I.",,True,,
aeb71182-214d-4418-abdd-b0ecab8776bf,,CHEMISTRY-U03,0.4286,"Which micronutrient is required for splitting
of water molecule during photosynthesis?",A: molybdenum | B: magnesium | C: copper | D: manganese,1e77ea99-2544-481b-ad6d-a857db726cb3,PASSED,ncert-books-class-11-chemistry-chapter-4.pdf,9,"It is defined as the amount of energy required
to break one mole of bonds of a particular
type between two atoms in a gaseous state. For
example, the H - H bond enthalpy in hydrogen
molecule is 435.8 kJ mol-1. It is defined as the amount of energy required
to break one mole of bonds of a particular
type between two atoms in a gaseous state. For
example, the H - H bond enthalpy in hydrogen
molecule is 435.8 kJ mol-1. H2(g) → H(g) + H(g); ∆aH = 435.8 kJ mol-1
Similarly the bond enthalpy for molecules
containing multiple bonds, for example O2 and
N2 will be as under :
O2 (O = O) (g) → O(g) + O(g);
∆aH = 498 kJ mol-1
N2 (N ≡ N) (g) → N(g) + N(g);
∆aH = 946.0 kJ mol-1
It is important that larger the bond
dissociation enthalpy, stronger will be the
bond in the molecule. For a heteronuclear
diatomic molecules like HCl, we have
HCl (g) → H(g) + Cl (g); ∆aH = 431.0 kJ mol-1
In case of polyatomic molecules, the
measurement of bond strength is more
complicated. For example in case of H2O
molecule, the enthalpy needed to break the
two O - H bonds is not the same. Table 4.2
Average Bond Lengths for Some
Single, Double and Triple Bonds
Bond Type
Covalent Bond
Length (pm)
O-H
C-H
N-O
C-O
C-N
C-C
C=O
N=O
C=C
C=N
C≡N
C≡C
96
107
136
143
143
154
121
122
133
138
116
120
Table 4.3
Bond Lengths in Some Common
Molecules
Molecule
Bond Length (pm)
H2 (H - H)
F2 (F - F)
Cl2 (Cl - Cl)
Br2 (Br - Br)
I2 (I - I)
N2 (N ≡ N)
O2 (O = O)
HF (H - F)
HCl (H - Cl)
HBr (H - Br)
HI (H - I)
74
144
199
228
267
109
121
92
127
141
160
Table 4.4 Covalent Radii, *rcov/(pm)
* The values cited are for single bonds, except where
otherwise indicated in parenthesis. 2024-25
109
Chemical Bonding And Molecular Structure
H2O(g) → H(g) + OH(g); ∆aH1
 = 502 kJ mol-1
OH(g) → H(g) + O(g); ∆aH2
 = 427 kJ mol-1
The difference in the ∆aH value shows
that the second O - H bond undergoes
some change because of changed chemical
environment. This is the reason for some
difference in energy of the same O - H bond
in different molecules like C2H5OH (ethanol)
and water.",,True,,
add82319-4818-4cd9-a689-48ffbb7ad77b,,XII-BIO-04,0.4286,"Broad palm with single palm crease is visible
in a person suffering from-",A: Klinefelter’s syndrome | B: Thalassemia | C: Down’s syndrome | D: Turner’s syndrome,e1adbbb3-fce0-4956-ae20-62668996a9eb,PASSED,ncert-books-class-12-biology-chapter-4.pdf,25,"The chromosomal disorders on the other hand are caused due to absence
or excess or abnormal arrangement of one or more chromosomes. Failure of segregation of chromatids during cell division cycle results
in the gain or loss of a chromosome(s), called aneuploidy. The chromosomal disorders on the other hand are caused due to absence
or excess or abnormal arrangement of one or more chromosomes. Failure of segregation of chromatids during cell division cycle results
in the gain or loss of a chromosome(s), called aneuploidy. For example,
Down's syndrome results in the gain of extra copy of chromosome 21. Similarly, Turner's syndrome results due to loss of an X chromosome in
human females. Failure of cytokinesis after telophase stage of cell division
results in an increase in a whole set of chromosomes in an organism and,
this phenomenon is known as polyploidy. The total number of chromosomes in a normal human cell is 46
(23 pairs). Out of these 22 pairs are autosomes and one pair of
chromosomes are sex chromosome. Sometimes, though rarely, either an
additional copy of a chromosome may be included in an individual or an
2024-25
76
BIOLOGY
Flat back of head
Many ""loops"" on
finger tips
Palm crease
Broad flat face
Big and wrinkled
tongue
Congenital heart
disease
individual may lack one of any one pair of
chromosomes.",,True,,
fea16afc-2c4a-469e-88e1-4d2d5dfa2e8c,,BIOLOGY-U05,0.4286,"Melonate inhibits the growth of pathogenic
bacteria by inhibiting the activity of","A: Dinitrogenase | B: Succinic dehyd
uccimie Cehycrogenase | C: Amylase
. | D: Lipase",064d6e9e-ab8e-41e2-b761-b97eb085a02f,PASSED,ncert-books-class-11-biology-chapter-19.pdf,2,"As you know, the hypothalamus is the
basal part of diencephalon, forebrain
(Figure 19.1) and it regulates a wide
spectrum of body functions. It contains
several groups of neurosecretory cells
called nuclei which produce hormones. As you know, the hypothalamus is the
basal part of diencephalon, forebrain
(Figure 19.1) and it regulates a wide
spectrum of body functions. It contains
several groups of neurosecretory cells
called nuclei which produce hormones. These hormones regulate the synthesis
and secretion of pituitary hormones. However, the hormones produced by
hypothalamus are of two types, the
releasing hormones (which stimulate secretion of pituitary hormones) and
the inhibiting hormones (which inhibit secretions of pituitary hormones). For example a hypothalamic hormone called Gonadotrophin releasing
hormone (GnRH) stimulates the pituitary synthesis and release of
gonadotrophins. On the other hand, somatostatin from the hypothalamus
inhibits the release of growth hormone from the pituitary. These hormones
originating in the hypothalamic neurons, pass through axons and are
released from their nerve endings. These hormones reach the pituitary
gland through a portal circulatory system and regulate the functions of
the anterior pituitary.",,True,,
1a9f52da-b86b-48f5-86e5-b892342a9f7d,,BIOLOGY-U02,0.4,"Goblet cells of alimentary canal are modified
from :","A: Columnar epithelial cells | B: Chondrocytes | C: Compound epithelial cells | D: Squamous epithelial cells

<<<PAGE:3>>>
3
G4",4e58b7bf-a0b2-43a9-bade-a9ff16618c60,PASSED,ncert-books-class-11-biology-chapter-7.pdf,3,"The body cavity of frogs accommodate different organ systems such as
digestive, circulatory, respiratory, nervous, excretory and reproductive
systems with well developed structures and functions (Figure 7.2). The digestive system consists of alimentary canal and digestive glands. The body cavity of frogs accommodate different organ systems such as
digestive, circulatory, respiratory, nervous, excretory and reproductive
systems with well developed structures and functions (Figure 7.2). The digestive system consists of alimentary canal and digestive glands. The alimentary canal is short because frogs are carnivores and hence the
length of intestine is reduced. The mouth opens into the buccal cavity that
leads to the oesophagus through pharynx. Oesophagus is a short tube
that opens into the stomach which in turn continues as the intestine, rectum
and finally opens outside by the cloaca. Liver secretes bile that is stored in
the gall bladder. Pancreas, a digestive gland produces pancreatic juice
Figure 7.2
Diagrammatic representation of internal organs of frog showing
complete digestive system
Intestine
Ureter
Rectum
Cloaca
Urinary
bladder
Oesophagus
Liver
Stomach
Kidney
Gall
bladder
Fat bodies
Lung
Heart
Cloacal Aperture
2024-25
82
BIOLOGY
containing digestive enzymes. Digestion of food takes place by the action of HCl and gastric juices secreted
from the walls of the stomach.",,True,,
887af02c-05d9-4123-aba6-c2f560daf819,,PHYSICS-U15,0.4706,"~=Inaplane electromagnetic wave travelling in
free space, the electric field component
oscillates sinusoidally at a frequency of
2.0x10!°Hz and amplitude 4g vm"". Then the
. yas . . 26
amplitude of oscillating magnetic field is :
(Speed of light in free space = 3 x 108 m s-!)",A: 1.6x10-°T | B: 1.6x10°%T | C: 1.6x10-7T | D: 1.6x10-°T,ca6d1cd5-ee99-4d07-a8e1-76445a1cb70f,PASSED,ncert-book-class-12-physics-part-1-chapter-8.pdf,5,"Neither stationary charges
nor charges in uniform motion (steady currents) can be sources of
electromagnetic waves. The former produces only electrostatic fields, while
the latter produces magnetic fields that, however, do not vary with time. Neither stationary charges
nor charges in uniform motion (steady currents) can be sources of
electromagnetic waves. The former produces only electrostatic fields, while
the latter produces magnetic fields that, however, do not vary with time. It is an important result of Maxwell's theory that accelerated charges
radiate electromagnetic waves. The proof of this basic result is beyond
the scope of this book, but we can accept it on the basis of rough,
qualitative reasoning. Consider a charge oscillating with some frequency. (An oscillating charge is an example of accelerating charge.) This
produces an oscillating electric field in space, which produces an
oscillating magnetic field, which in turn, is a source of oscillating electric
field, and so on. The oscillating electric and magnetic fields thus
regenerate each other, so to speak, as the wave propagates through the
space. The frequency of the electromagnetic wave naturally equals the
frequency of oscillation of the charge.",,True,,
ef087e14-5843-488d-975f-cbc86970e267,,PHYSICS-U16,0.4615,"In the figure shown here, what is the
valent focal leneth of the combination
equival g .
of lenses (Assume that all layers are thin)?
nN =1.5 _—
o==3
Fi] Rp = Ry = 200M
JR, =
ny =1.6",A: —100 cm | B: —50 cm | C: 40 cm | D: -40 cm,ce2d6eee-2e21-4245-8f32-33708ec0cba1,PASSED,leph201.pdf,17,"Consider two lenses A and B of focal length f1 and
f2 placed in contact with each other. Let the object
be placed at a point O beyond the focus of the first
lens A (Fig. Consider two lenses A and B of focal length f1 and
f2 placed in contact with each other. Let the object
be placed at a point O beyond the focus of the first
lens A (Fig. Since image I1 is real, it serves as a virtual
object for the second lens B, producing the final
image at I. It must, however, be borne in mind that
formation of image by the first lens is presumed
only to facilitate determination of the position of the
final image. In fact, the direction of rays emerging
from the first lens gets modified in accordance with
the angle at which they strike the second lens. Since the lenses are thin,
we assume the optical centres of the lenses to be coincident. For the image formed by the first lens A, we get
1
1
1
1
1
v
u
f
−
=
(9.27)
For the image formed by the second lens B, we get
1
2
1
1
1
v
v
f
−
=
(9.28)
Adding Eqs. (9.27) and (9.28), we get
1
2
1
1
1
1
v
u
f
f
−
=
+
(9.29)
If the two lens-system is regarded as equivalent to a single lens of
focal length f, we have
FIGURE 9.19 Image formation by a
combination of two thin lenses in contact.",,True,,
c579d201-f8fd-4154-b4ec-4ec3b0274795,,PHYSICS-U07,0.4545,"The amount of energy required to form a soap
bubble of radius 2 cm from a soap solution
is nearly : (surface tension of soap solution
= 0.03 Nm’)",A: 50.1x104J = | B: : 30.16«10~4J | C: 5.06x104J = | D: 3.01x10~4J,e5858834-6333-4bab-baa7-adadfff15873,PASSED,ncert-books-class-11-physics-chapter-9.pdf,17,"One consequence of surface tension is that free
liquid drops and bubbles are spherical if effects
of gravity can be neglected. You must have seen
this especially clearly in small drops just formed
in a high-speed spray or jet, and in soap bubbles
blown by most of us in childhood. One consequence of surface tension is that free
liquid drops and bubbles are spherical if effects
of gravity can be neglected. You must have seen
this especially clearly in small drops just formed
in a high-speed spray or jet, and in soap bubbles
blown by most of us in childhood. As we have been saying repeatedly, a liquid-
air interface has energy, so for a given volume
the surface with minimum energy is the one with
the least area. Though it is out of the scope of this book, but
you can check that a sphere is better than at
least a cube in this respect! air resistance) were ineffective,
liquid drops would be spherical. Another interesting consequence of surface
tension is that the pressure inside a spherical
drop Fig. 9.18(a) is more than the pressure
outside. Suppose a spherical drop of radius r is
in equilibrium.",,True,,
8f204594-fb8b-42a9-8650-a0f7077fe2a5,,CHEMISTRY-U11,0.4516,"Which of the following statements are
INCORRECT” .
2
A. All the transition metals except
scandium form MO oxides which are
ionic.
. coo.
B. The highest oxidation number
corresponding to the group number in
transition metal oxides is attained in
Sc,03 to Mn,Ov.
C. Basic character increases from V,03 to
Vx0, to V0s.
D. V,O, dissolves in acids to give vo;
salts.
. . . .
E. CrO is basic but Cr,03 is amphoteric.
.
Choose the correct answer from the options
.
given below :","A: C and D only | B: B and C only | C: A and E only
4) Band D onl 90 | D: Ban ony",b97cce6a-1a85-48d4-8b54-3fd68a5740e9,PASSED,ncert-books-class-12-chemistry-chapter-4.pdf,17,"These oxides are generally formed by the reaction of metals with
oxygen at high temperatures. All the metals except scandium form
MO oxides which are ionic. These oxides are generally formed by the reaction of metals with
oxygen at high temperatures. All the metals except scandium form
MO oxides which are ionic. The highest oxidation number in the
oxides, coincides with the group number and is attained in Sc2O3 to
Mn2O7. Beyond group 7, no higher oxides of iron above Fe2O3 are
known. Besides the oxides, the oxocations stabilise V
V as VO2
+, V
IV as
VO
2+ and Ti
IV as TiO
2+. As the oxidation number of a metal increases, ionic character
decreases. In the case of Mn, Mn2O7 is a covalent green oil. Even CrO3
and V2O5 have low melting points.",,True,,
7bcbd577-2b99-4ff7-a3cc-c53b20bfdb16,,CHEMISTRY-U11,0.4516,"Which of the following statements are
INCORRECT?
A. All the transition metals except
scandium form MO oxides which are
ionic
B. The highest oxidation number
corresponding to the group number in
transition metal oxides is attained in
Sc,03 to Mn,O,.
. .
C. Basic character increases from V0, to
V204 to V20s.
D. V0, dissolves in acids to give voy
salts.
E. CrO is basic but Cr,0; is amphoteric.
Choose the correct answer from the options
given below :",A: C and D only | B: B and C only | C: A and E only | D: B and D only,b97cce6a-1a85-48d4-8b54-3fd68a5740e9,PASSED,ncert-books-class-12-chemistry-chapter-4.pdf,17,"These oxides are generally formed by the reaction of metals with
oxygen at high temperatures. All the metals except scandium form
MO oxides which are ionic. These oxides are generally formed by the reaction of metals with
oxygen at high temperatures. All the metals except scandium form
MO oxides which are ionic. The highest oxidation number in the
oxides, coincides with the group number and is attained in Sc2O3 to
Mn2O7. Beyond group 7, no higher oxides of iron above Fe2O3 are
known. Besides the oxides, the oxocations stabilise V
V as VO2
+, V
IV as
VO
2+ and Ti
IV as TiO
2+. As the oxidation number of a metal increases, ionic character
decreases. In the case of Mn, Mn2O7 is a covalent green oil. Even CrO3
and V2O5 have low melting points.",,True,,
3ce9c3bc-2ed9-4c60-9a81-810e4679d126,,PHYSICS-U07,0.4667,"A wire of length L, area of cross section A is hanging
from a fixed support.  The length of the wire
changes to L1 when mass M is suspended from its
free end.  The expression for Young’s modulus is :","A: 1
MgL
AL | B: 1
MgL
A(L
L)
− | C: 1
MgL
AL | D: 1
Mg(L
L)
AL
−",33329b16-75e2-4db0-ab31-f21726be9e1c,PASSED,ncert-books-class-11-physics-chapter-8.pdf,8,"in a Stretched Wire
When a wire is put under a tensile stress, work
is done against the inter-atomic forces. This
work is stored in the wire in the form of elastic
potential energy. in a Stretched Wire
When a wire is put under a tensile stress, work
is done against the inter-atomic forces. This
work is stored in the wire in the form of elastic
potential energy. When a wire of original length
L and area of cross-section A is subjected to a
deforming force F along the length of the wire,
let the length of the wire be elongated by l. Here Y is
the Young's modulus of the material of the wire. Now for a further elongation of infinitesimal
small length dl, work done dW is F × dl or YAldl/
L. Therefore, the amount of work done (W) in
increasing the length of the wire from L to L + l,
that is from l = 0 to l = l is
W =
=
×
∫0
2
2
l
YAl
YA
l
dl
L
L
W =


×
×
×




2
1
2
l
Y
AL
L
= 1
2 × Young's modulus × strain2 ×
volume of the wire
= 1
2 × stress × strain × volume of the
wire
This work is stored in the wire in the form of
elastic potential energy (U). Therefore the elastic
potential energy per unit volume of the wire (u) is
u = 1
2 ×σ ε
(8.14)",,True,,
27bd2235-d4d4-439d-884e-411a76992e56,,PHYSICS-U16,0.4667,"cm, eyepiece of focal length 4 cm and the
tube length of 40 cm. If the distance of distinct
st
vision of eye is 25 cm, the magnification in the
microscope is
1) 125 2) 150
@)
(3) 250 (4) 100
The output (Y) of the given logic
. Coe
implementation is similar to the output of an/
a______s gate.
A
y
B
A",A: NAND | B: OR | C: NOR | D: AND,1e8f6d06-2e5e-4d24-8c29-e2fe256f685e,PASSED,leph201.pdf,30,"2.0 cm and an eyepiece of focal length 6.25 cm separated by a
distance of 15cm. How far from the objective should an object be
placed in order to obtain the final image at (a) the least distance of
distinct vision (25cm), and (b) at infinity? 2.0 cm and an eyepiece of focal length 6.25 cm separated by a
distance of 15cm. How far from the objective should an object be
placed in order to obtain the final image at (a) the least distance of
distinct vision (25cm), and (b) at infinity? What is the magnifying
power of the microscope in each case?",,True,,
73a62c23-d9a0-44b5-a3bb-bcdaf7d170c3,,CHEMISTRY-U03,0.4667,"Amongst the following, the total number of
species NOT having eight electrons around
central atom in its outer most shell, is
NH,, AICI;, BeCl,, CCl,, PCI, :",A: 4 | B: 1 | C: 3 | D: 2,8969954e-c54f-4afd-a2e5-43754d4883e2,PASSED,ncert-books-class-11-chemistry-chapter-4.pdf,13,"Pair Repulsion (VSEPR) Theory
As already explained, Lewis concept is unable
to explain the shapes of molecules. This
theory provides a simple procedure to predict
the shapes of covalent molecules. Pair Repulsion (VSEPR) Theory
As already explained, Lewis concept is unable
to explain the shapes of molecules. This
theory provides a simple procedure to predict
the shapes of covalent molecules. Sidgwick
Dipole moments of some molecules are
shown in Table 4.5. Just as all the covalent bonds have
some partial ionic character, the ionic
bonds also have partial covalent character. The partial covalent character of ionic
bonds was discussed by Fajans in terms of
the following rules:
Table 4.5 Dipole Moments of Selected Molecules
Type of Molecule
Example
Dipole
Moment, µ(D)
Geometry
Molecule (AB)
HF
HCl
HBr
Hl
H2
1.78
1.07
0.79
0.38
0
linear
linear
linear
linear
linear
Molecule (AB2)
H2O
H2S
CO2
1.85
0.95
0
bent
bent
linear
Molecule (AB3)
NH3
NF3
BF3
1.47
0.23
0
trigonal-pyramidal
trigonal-pyramidal
trigonal-planar
Molecule (AB4)
CH4
CHCl3
CCl4
0
1.04
0
tetrahedral
tetrahedral
tetrahedral
2024-25
113
Chemical Bonding And Molecular Structure
and Powell in 1940, proposed a simple theory
based on the repulsive interactions of the
electron pairs in the valence shell of the
atoms. It was further developed and redefined
by Nyholm and Gillespie (1957). The main postulates of VSEPR theory are
as follows:
•
The shape of a molecule depends upon
the number of valence shell electron pairs
(bonded or nonbonded) around the central
atom. •
Pairs of electrons in the valence shell repel
one another since their electron clouds are
negatively charged.",,True,,
ff397c72-8871-44d3-b212-377184b4225d,Botany,CHEMISTRY-U03,0.25,"Match Column - I with Column - II.
Column - I
      Column - II
(a)  
(i)    Brassicaceae
(b) 
(ii)    Liliaceae
(c)  
(iii)    Fabaceae
(d)  
(iv)    Solanaceae
Select the correct answer from the options given
below.
(a)
(b)
(c)
(d)","A: (i)
(ii)
(iii)
(iv) | B: (ii)
(iii)
(iv)
(i) | C: (iv)
(ii)
(i)
(iii) | D: (iii)
(iv)
(ii)
(i)",92d36751-337d-4242-ba78-5f5d1b9846bc,PASSED,ncert-books-class-11-chemistry-chapter-4.pdf,28,"Orbitals
We have seen that 1s atomic orbitals on two
atoms form two molecular orbitals designated
as σ1s and σ*1s. In the same manner, the 2s
and 2p atomic orbitals (eight atomic orbitals
2024-25
128
chemistry
Fig. Orbitals
We have seen that 1s atomic orbitals on two
atoms form two molecular orbitals designated
as σ1s and σ*1s. In the same manner, the 2s
and 2p atomic orbitals (eight atomic orbitals
2024-25
128
chemistry
Fig. 4.20 Contours and energies of bonding and antibonding molecular orbitals formed through
combinations of (a) 1s atomic orbitals; (b) 2pz atomic orbitals and (c) 2px atomic orbitals. on two atoms) give rise to the following eight
molecular orbitals:
Antibonding
MOs σ∗2s σ∗2pz π∗2px π∗2py
Bonding
MOs
σ2s
σ2pz
π2px
π2py
The energy levels of these molecular
orbitals have been determined experimentally
from spectroscopic data for homonuclear
diatomic molecules of second row elements
of the periodic table. The increasing order of
2024-25
129
Chemical Bonding And Molecular Structure
energies of various molecular orbitals for O2
and F2 is given below:
1s <  ∗1s <  2s <  ∗2s < 2pz < (π 2px=π 2py)
< (π ∗2px= π∗ 2py) <  ∗2pz
However, this sequence of energy levels
of molecular orbitals is not correct for the
remaining molecules Li2, Be2, B2, C2, N2. For
instance, it has been observed experimentally
that for molecules such as B2, C2, N2, etc. the increasing order of energies of various
molecular orbitals is
1s <  ∗1s < 2s <  ∗2s < (π 2 px = π 2 py)
< 2pz < (π ∗2px =π∗2py) <  ∗2pz
The important characteristic feature
of this order is that the energy of
2pz
molecular orbital is higher than that
of 2px and 2py molecular orbitals.",,True,,
82b0655d-ce68-4e25-b25c-5d2daa6df2ab,Botany,CHEMISTRY-U03,0.25,"Match Column - I with Column - II.
Column - I
      Column - II
(a)  
(i)    Brassicaceae
(b) 
(ii)    Liliaceae
(c)  
(iii)    Fabaceae
(d)  
(iv)    Solanaceae
Select the correct answer from the options given
below.
(a)
(b)
(c)
(d)","A: (iv)
(ii)
(i)
(iii) | B: (iii)
(iv)
(ii)
(i) | C: (i)
(ii)
(iii)
(iv) | D: (ii)
(iii)
(iv)
(i)",92d36751-337d-4242-ba78-5f5d1b9846bc,PASSED,ncert-books-class-11-chemistry-chapter-4.pdf,28,"Orbitals
We have seen that 1s atomic orbitals on two
atoms form two molecular orbitals designated
as σ1s and σ*1s. In the same manner, the 2s
and 2p atomic orbitals (eight atomic orbitals
2024-25
128
chemistry
Fig. Orbitals
We have seen that 1s atomic orbitals on two
atoms form two molecular orbitals designated
as σ1s and σ*1s. In the same manner, the 2s
and 2p atomic orbitals (eight atomic orbitals
2024-25
128
chemistry
Fig. 4.20 Contours and energies of bonding and antibonding molecular orbitals formed through
combinations of (a) 1s atomic orbitals; (b) 2pz atomic orbitals and (c) 2px atomic orbitals. on two atoms) give rise to the following eight
molecular orbitals:
Antibonding
MOs σ∗2s σ∗2pz π∗2px π∗2py
Bonding
MOs
σ2s
σ2pz
π2px
π2py
The energy levels of these molecular
orbitals have been determined experimentally
from spectroscopic data for homonuclear
diatomic molecules of second row elements
of the periodic table. The increasing order of
2024-25
129
Chemical Bonding And Molecular Structure
energies of various molecular orbitals for O2
and F2 is given below:
1s <  ∗1s <  2s <  ∗2s < 2pz < (π 2px=π 2py)
< (π ∗2px= π∗ 2py) <  ∗2pz
However, this sequence of energy levels
of molecular orbitals is not correct for the
remaining molecules Li2, Be2, B2, C2, N2. For
instance, it has been observed experimentally
that for molecules such as B2, C2, N2, etc. the increasing order of energies of various
molecular orbitals is
1s <  ∗1s < 2s <  ∗2s < (π 2 px = π 2 py)
< 2pz < (π ∗2px =π∗2py) <  ∗2pz
The important characteristic feature
of this order is that the energy of
2pz
molecular orbital is higher than that
of 2px and 2py molecular orbitals.",,True,,
b098b36c-f067-479f-828a-939844806cfb,Botany,CHEMISTRY-U03,0.25,"Match Column - I with Column - II.
Column - I
      Column - II
(a)  
(i)    Brassicaceae
(b) 
(ii)    Liliaceae
(c)  
(iii)    Fabaceae
(d)  
(iv)    Solanaceae
Select the correct answer from the options given
below.
(a)
(b)
(c)
(d)","A: (iv)
(ii)
(i)
(iii) | B: (iii)
(iv)
(ii)
(i) | C: (i)
(ii)
(iii)
(iv) | D: (ii)
(iii)
(iv)
(i)",92d36751-337d-4242-ba78-5f5d1b9846bc,PASSED,ncert-books-class-11-chemistry-chapter-4.pdf,28,"Orbitals
We have seen that 1s atomic orbitals on two
atoms form two molecular orbitals designated
as σ1s and σ*1s. In the same manner, the 2s
and 2p atomic orbitals (eight atomic orbitals
2024-25
128
chemistry
Fig. Orbitals
We have seen that 1s atomic orbitals on two
atoms form two molecular orbitals designated
as σ1s and σ*1s. In the same manner, the 2s
and 2p atomic orbitals (eight atomic orbitals
2024-25
128
chemistry
Fig. 4.20 Contours and energies of bonding and antibonding molecular orbitals formed through
combinations of (a) 1s atomic orbitals; (b) 2pz atomic orbitals and (c) 2px atomic orbitals. on two atoms) give rise to the following eight
molecular orbitals:
Antibonding
MOs σ∗2s σ∗2pz π∗2px π∗2py
Bonding
MOs
σ2s
σ2pz
π2px
π2py
The energy levels of these molecular
orbitals have been determined experimentally
from spectroscopic data for homonuclear
diatomic molecules of second row elements
of the periodic table. The increasing order of
2024-25
129
Chemical Bonding And Molecular Structure
energies of various molecular orbitals for O2
and F2 is given below:
1s <  ∗1s <  2s <  ∗2s < 2pz < (π 2px=π 2py)
< (π ∗2px= π∗ 2py) <  ∗2pz
However, this sequence of energy levels
of molecular orbitals is not correct for the
remaining molecules Li2, Be2, B2, C2, N2. For
instance, it has been observed experimentally
that for molecules such as B2, C2, N2, etc. the increasing order of energies of various
molecular orbitals is
1s <  ∗1s < 2s <  ∗2s < (π 2 px = π 2 py)
< 2pz < (π ∗2px =π∗2py) <  ∗2pz
The important characteristic feature
of this order is that the energy of
2pz
molecular orbital is higher than that
of 2px and 2py molecular orbitals.",,True,,
1c7914b7-5701-4bd3-9bf3-4090d28dd3cd,Botany,XII-BIO-09,0.2778,"Plasmid pBR322 has PstI restriction enzyme site
within gene ampR that confers ampicillin
resistance.  If this enzyme is used for inserting a
gene for β-galactoside production and the
recombinant plasmid is inserted in an E.coli strain","A: it will not be able to confer ampicillin
resistance to the host cell. | B: the transformed cells will have the ability
to resist ampicillin as well as produce
β-galactoside. | C: it will lead to lysis of host cell. | D: it will be able to produce a novel protein with
dual ability.",ef5439fb-02cb-4789-9067-b3a98a9996ed,PASSED,ncert-books-class-12-biology-chapter-9.pdf,13,"Cell/Organism
There are several methods of introducing the ligated DNA into recipient
cells. Recipient cells after making them 'competent' to receive, take up
DNA present in its surrounding. Cell/Organism
There are several methods of introducing the ligated DNA into recipient
cells. Recipient cells after making them 'competent' to receive, take up
DNA present in its surrounding. So, if a recombinant DNA bearing gene
for resistance to an antibiotic (e.g., ampicillin) is transferred into E. coli
cells, the host cells become transformed into ampicillin-resistant cells. If
we spread the transformed cells on agar plates containing ampicillin, only
transformants will grow, untransformed recipient cells will die. Since, due
to ampicillin resistance gene, one is able to select a transformed cell in the
presence of ampicillin. The ampicillin resistance gene in this case is called
a selectable marker.",,True,,
5b88f11a-c2fc-4e27-8e43-f694b496c799,Botany,CHEMISTRY-U03,0.25,"Match Column - I with Column - II.
Column - I
      Column - II
(a)  
(i)    Brassicaceae
(b) 
(ii)    Liliaceae
(c)  
(iii)    Fabaceae
(d)  
(iv)    Solanaceae
Select the correct answer from the options given
below.
(a)
(b)
(c)
(d)","A: (iii)
(iv)
(ii)
(i) | B: (i)
(ii)
(iii)
(iv) | C: (ii)
(iii)
(iv)
(i) | D: (iv)
(ii)
(i)
(iii)

<<<PAGE:19>>>
19
M4",92d36751-337d-4242-ba78-5f5d1b9846bc,PASSED,ncert-books-class-11-chemistry-chapter-4.pdf,28,"Orbitals
We have seen that 1s atomic orbitals on two
atoms form two molecular orbitals designated
as σ1s and σ*1s. In the same manner, the 2s
and 2p atomic orbitals (eight atomic orbitals
2024-25
128
chemistry
Fig. Orbitals
We have seen that 1s atomic orbitals on two
atoms form two molecular orbitals designated
as σ1s and σ*1s. In the same manner, the 2s
and 2p atomic orbitals (eight atomic orbitals
2024-25
128
chemistry
Fig. 4.20 Contours and energies of bonding and antibonding molecular orbitals formed through
combinations of (a) 1s atomic orbitals; (b) 2pz atomic orbitals and (c) 2px atomic orbitals. on two atoms) give rise to the following eight
molecular orbitals:
Antibonding
MOs σ∗2s σ∗2pz π∗2px π∗2py
Bonding
MOs
σ2s
σ2pz
π2px
π2py
The energy levels of these molecular
orbitals have been determined experimentally
from spectroscopic data for homonuclear
diatomic molecules of second row elements
of the periodic table. The increasing order of
2024-25
129
Chemical Bonding And Molecular Structure
energies of various molecular orbitals for O2
and F2 is given below:
1s <  ∗1s <  2s <  ∗2s < 2pz < (π 2px=π 2py)
< (π ∗2px= π∗ 2py) <  ∗2pz
However, this sequence of energy levels
of molecular orbitals is not correct for the
remaining molecules Li2, Be2, B2, C2, N2. For
instance, it has been observed experimentally
that for molecules such as B2, C2, N2, etc. the increasing order of energies of various
molecular orbitals is
1s <  ∗1s < 2s <  ∗2s < (π 2 px = π 2 py)
< 2pz < (π ∗2px =π∗2py) <  ∗2pz
The important characteristic feature
of this order is that the energy of
2pz
molecular orbital is higher than that
of 2px and 2py molecular orbitals.",,True,,
176e8467-3438-41b1-950b-02c36303b978,Botany,XII-BIO-09,0.2778,"Plasmid pBR322 has PstI restriction enzyme site
within gene ampR that confers ampicillin
resistance.  If this enzyme is used for inserting a
gene for β-galactoside production and the
recombinant plasmid is inserted in an E.coli strain","A: it will be able to produce a novel protein with
dual ability. | B: it will not be able to confer ampicillin
resistance to the host cell. | C: the transformed cells will have the ability
to resist ampicillin as well as produce
β-galactoside. | D: it will lead to lysis of host cell.
Section - A (Biology : Zoology)",ef5439fb-02cb-4789-9067-b3a98a9996ed,PASSED,ncert-books-class-12-biology-chapter-9.pdf,13,"Cell/Organism
There are several methods of introducing the ligated DNA into recipient
cells. Recipient cells after making them 'competent' to receive, take up
DNA present in its surrounding. Cell/Organism
There are several methods of introducing the ligated DNA into recipient
cells. Recipient cells after making them 'competent' to receive, take up
DNA present in its surrounding. So, if a recombinant DNA bearing gene
for resistance to an antibiotic (e.g., ampicillin) is transferred into E. coli
cells, the host cells become transformed into ampicillin-resistant cells. If
we spread the transformed cells on agar plates containing ampicillin, only
transformants will grow, untransformed recipient cells will die. Since, due
to ampicillin resistance gene, one is able to select a transformed cell in the
presence of ampicillin. The ampicillin resistance gene in this case is called
a selectable marker.",,True,,
92e2ed1a-197d-40c0-9589-f6a9c6945469,Botany,XII-BIO-09,0.2778,"Plasmid pBR322 has PstI restriction enzyme site
within gene ampR that confers ampicillin
resistance.  If this enzyme is used for inserting a
gene for β-galactoside production and the
recombinant plasmid is inserted in an E.coli strain","A: it will not be able to confer ampicillin
resistance to the host cell. | B: the transformed cells will have the ability
to resist ampicillin as well as produce
β-galactoside. | C: it will lead to lysis of host cell. | D: it will be able to produce a novel protein with
dual ability.",ef5439fb-02cb-4789-9067-b3a98a9996ed,PASSED,ncert-books-class-12-biology-chapter-9.pdf,13,"Cell/Organism
There are several methods of introducing the ligated DNA into recipient
cells. Recipient cells after making them 'competent' to receive, take up
DNA present in its surrounding. Cell/Organism
There are several methods of introducing the ligated DNA into recipient
cells. Recipient cells after making them 'competent' to receive, take up
DNA present in its surrounding. So, if a recombinant DNA bearing gene
for resistance to an antibiotic (e.g., ampicillin) is transferred into E. coli
cells, the host cells become transformed into ampicillin-resistant cells. If
we spread the transformed cells on agar plates containing ampicillin, only
transformants will grow, untransformed recipient cells will die. Since, due
to ampicillin resistance gene, one is able to select a transformed cell in the
presence of ampicillin. The ampicillin resistance gene in this case is called
a selectable marker.",,True,,
7a135142-d9c4-47e7-b143-d5774d868de2,Botany,CHEMISTRY-U03,0.25,"Match Column - I with Column - II.
Column - I
      Column - II
(a)  
(i)    Brassicaceae
(b) 
(ii)    Liliaceae
(c)  
(iii)    Fabaceae
(d)  
(iv)    Solanaceae
Select the correct answer from the options given
below.
(a)
(b)
(c)
(d)","A: (iv)
(ii)
(i)
(iii) | B: (iii)
(iv)
(ii)
(i) | C: (i)
(ii)
(iii)
(iv) | D: (ii)
(iii)
(iv)
(i)",92d36751-337d-4242-ba78-5f5d1b9846bc,PASSED,ncert-books-class-11-chemistry-chapter-4.pdf,28,"Orbitals
We have seen that 1s atomic orbitals on two
atoms form two molecular orbitals designated
as σ1s and σ*1s. In the same manner, the 2s
and 2p atomic orbitals (eight atomic orbitals
2024-25
128
chemistry
Fig. Orbitals
We have seen that 1s atomic orbitals on two
atoms form two molecular orbitals designated
as σ1s and σ*1s. In the same manner, the 2s
and 2p atomic orbitals (eight atomic orbitals
2024-25
128
chemistry
Fig. 4.20 Contours and energies of bonding and antibonding molecular orbitals formed through
combinations of (a) 1s atomic orbitals; (b) 2pz atomic orbitals and (c) 2px atomic orbitals. on two atoms) give rise to the following eight
molecular orbitals:
Antibonding
MOs σ∗2s σ∗2pz π∗2px π∗2py
Bonding
MOs
σ2s
σ2pz
π2px
π2py
The energy levels of these molecular
orbitals have been determined experimentally
from spectroscopic data for homonuclear
diatomic molecules of second row elements
of the periodic table. The increasing order of
2024-25
129
Chemical Bonding And Molecular Structure
energies of various molecular orbitals for O2
and F2 is given below:
1s <  ∗1s <  2s <  ∗2s < 2pz < (π 2px=π 2py)
< (π ∗2px= π∗ 2py) <  ∗2pz
However, this sequence of energy levels
of molecular orbitals is not correct for the
remaining molecules Li2, Be2, B2, C2, N2. For
instance, it has been observed experimentally
that for molecules such as B2, C2, N2, etc. the increasing order of energies of various
molecular orbitals is
1s <  ∗1s < 2s <  ∗2s < (π 2 px = π 2 py)
< 2pz < (π ∗2px =π∗2py) <  ∗2pz
The important characteristic feature
of this order is that the energy of
2pz
molecular orbital is higher than that
of 2px and 2py molecular orbitals.",,True,,
5bf0d85d-e496-4880-837c-47430c3401b5,Botany,XII-BIO-09,0.3333,Diadelphous stamens are found in :,A: Pea | B: China rose and citrus | C: China rose | D: Citrus,be89edea-7b37-4055-9e0c-4cfa86976ac7,PASSED,ncert-books-class-12-biology-chapter-9.pdf,5,"In the year 1963, the two enzymes responsible for restricting the growth
of bacteriophage in Escherichia coli were isolated. One of these added
methyl groups to DNA, while the other cut DNA. In the year 1963, the two enzymes responsible for restricting the growth
of bacteriophage in Escherichia coli were isolated. One of these added
methyl groups to DNA, while the other cut DNA. The later was called
restriction endonuclease. The first restriction endonuclease-Hind II, whose functioning
depended on a specific DNA nucleotide sequence was isolated and
characterised five years later. It was found that Hind II always cut DNA
molecules at a particular point by recognising a specific sequence of
six base pairs. This specific base sequence is known as the
recognition sequence for Hind II. Besides Hind II, today we know more
than 900 restriction enzymes that have been isolated from over 230 strains
of bacteria each of which recognise different recognition sequences. The convention for naming these enzymes is the first letter of the name
comes from the genus and the second two letters come from the species of
the prokaryotic cell from which they were isolated, e.g., EcoRI comes from
Escherichia coli RY 13.",,True,,
2a6c349b-5df0-4de4-8794-fa763151bc40,Botany,PHYSICS-U17,0.3333,"The site of perception of light in plants during
photoperiodism is :",A: Stem | B: Axillary bud | C: Leaf | D: Shoot apex,e17a2901-8f4c-4aa9-9829-12be9ba22962,PASSED,leph203.pdf,3,"The phenomenon of photoelectric emission was discovered in 1887 by
Heinrich Hertz (1857-1894), during his electromagnetic wave experiments. In his experimental investigation on the production of electromagnetic
waves by means of a spark discharge, Hertz observed that high voltage
sparks across the detector loop were enhanced when the emitter plate
was illuminated by ultraviolet light from an arc lamp. The phenomenon of photoelectric emission was discovered in 1887 by
Heinrich Hertz (1857-1894), during his electromagnetic wave experiments. In his experimental investigation on the production of electromagnetic
waves by means of a spark discharge, Hertz observed that high voltage
sparks across the detector loop were enhanced when the emitter plate
was illuminated by ultraviolet light from an arc lamp. Light shining on the metal surface somehow facilitated the escape of
free, charged particles which we now know as electrons. When light falls
on a metal surface, some electrons near the surface absorb enough energy
from the incident radiation to overcome the attraction of the positive ions
in the material of the surface. After gaining sufficient energy from the
incident light, the electrons escape from the surface of the metal into the
surrounding space.",,True,,
4ea9b220-95b7-4093-81c8-645d5343102d,Botany,PHYSICS-U17,0.3333,"The site of perception of light in plants during
photoperiodism is :",A: Leaf | B: Shoot apex | C: Stem | D: Axillary bud,e17a2901-8f4c-4aa9-9829-12be9ba22962,PASSED,leph203.pdf,3,"The phenomenon of photoelectric emission was discovered in 1887 by
Heinrich Hertz (1857-1894), during his electromagnetic wave experiments. In his experimental investigation on the production of electromagnetic
waves by means of a spark discharge, Hertz observed that high voltage
sparks across the detector loop were enhanced when the emitter plate
was illuminated by ultraviolet light from an arc lamp. The phenomenon of photoelectric emission was discovered in 1887 by
Heinrich Hertz (1857-1894), during his electromagnetic wave experiments. In his experimental investigation on the production of electromagnetic
waves by means of a spark discharge, Hertz observed that high voltage
sparks across the detector loop were enhanced when the emitter plate
was illuminated by ultraviolet light from an arc lamp. Light shining on the metal surface somehow facilitated the escape of
free, charged particles which we now know as electrons. When light falls
on a metal surface, some electrons near the surface absorb enough energy
from the incident radiation to overcome the attraction of the positive ions
in the material of the surface. After gaining sufficient energy from the
incident light, the electrons escape from the surface of the metal into the
surrounding space.",,True,,
0598ac41-bc2a-4b2a-8819-1c9d0b509f4d,Botany,BIOLOGY-U01,0.3333,"Genera like Selaginella and Salvinia produce two
kinds of spores.  Such plants are known as :",A: Homosorus | B: Heterosorus | C: Homosporous | D: Heterosporous,a8fcedf7-11ca-44e1-9c4c-48dc07fa2528,PASSED,ncert-books-class-11-biology-chapter-1.pdf,3,"If you look around you will see a large variety of living organisms, be it
potted plants, insects, birds, your pets or other animals and plants. There
are also several organisms that you cannot see with your naked eye but
they are all around you. If you look around you will see a large variety of living organisms, be it
potted plants, insects, birds, your pets or other animals and plants. There
are also several organisms that you cannot see with your naked eye but
they are all around you. If you were to increase the area that you make
observations in, the range and variety of organisms that you see would
increase. Obviously, if you were to visit a dense forest, you would probably
see a much greater number and kinds of living organisms in it. Each
different kind of plant, animal or organism that you see, represents a
species. The number of species that are known and described range
between 1.7-1.8 million. This refers to biodiversity or the number and
THE LIVING WORLD
CHAPTER 1",,True,,
ed685a8d-4370-45fd-9529-b383a4d89c2e,Botany,XII-BIO-09,0.3333,Diadelphous stamens are found in :,A: Citrus | B: Pea | C: China rose and citrus | D: China rose,be89edea-7b37-4055-9e0c-4cfa86976ac7,PASSED,ncert-books-class-12-biology-chapter-9.pdf,5,"In the year 1963, the two enzymes responsible for restricting the growth
of bacteriophage in Escherichia coli were isolated. One of these added
methyl groups to DNA, while the other cut DNA. In the year 1963, the two enzymes responsible for restricting the growth
of bacteriophage in Escherichia coli were isolated. One of these added
methyl groups to DNA, while the other cut DNA. The later was called
restriction endonuclease. The first restriction endonuclease-Hind II, whose functioning
depended on a specific DNA nucleotide sequence was isolated and
characterised five years later. It was found that Hind II always cut DNA
molecules at a particular point by recognising a specific sequence of
six base pairs. This specific base sequence is known as the
recognition sequence for Hind II. Besides Hind II, today we know more
than 900 restriction enzymes that have been isolated from over 230 strains
of bacteria each of which recognise different recognition sequences. The convention for naming these enzymes is the first letter of the name
comes from the genus and the second two letters come from the species of
the prokaryotic cell from which they were isolated, e.g., EcoRI comes from
Escherichia coli RY 13.",,True,,
dd0cc612-5446-4e01-80ae-9fb4e153025c,Botany,BIOLOGY-U01,0.3333,"Genera like Selaginella and Salvinia produce two
kinds of spores.  Such plants are known as :",A: Heterosorus | B: Homosporous | C: Heterosporous | D: Homosorus,a8fcedf7-11ca-44e1-9c4c-48dc07fa2528,PASSED,ncert-books-class-11-biology-chapter-1.pdf,3,"If you look around you will see a large variety of living organisms, be it
potted plants, insects, birds, your pets or other animals and plants. There
are also several organisms that you cannot see with your naked eye but
they are all around you. If you look around you will see a large variety of living organisms, be it
potted plants, insects, birds, your pets or other animals and plants. There
are also several organisms that you cannot see with your naked eye but
they are all around you. If you were to increase the area that you make
observations in, the range and variety of organisms that you see would
increase. Obviously, if you were to visit a dense forest, you would probably
see a much greater number and kinds of living organisms in it. Each
different kind of plant, animal or organism that you see, represents a
species. The number of species that are known and described range
between 1.7-1.8 million. This refers to biodiversity or the number and
THE LIVING WORLD
CHAPTER 1",,True,,
27eb502b-2405-4863-9c5b-12ca0865db31,Botany,XII-BIO-09,0.3333,Diadelphous stamens are found in :,A: Pea | B: China rose and citrus | C: China rose | D: Citrus,be89edea-7b37-4055-9e0c-4cfa86976ac7,PASSED,ncert-books-class-12-biology-chapter-9.pdf,5,"In the year 1963, the two enzymes responsible for restricting the growth
of bacteriophage in Escherichia coli were isolated. One of these added
methyl groups to DNA, while the other cut DNA. In the year 1963, the two enzymes responsible for restricting the growth
of bacteriophage in Escherichia coli were isolated. One of these added
methyl groups to DNA, while the other cut DNA. The later was called
restriction endonuclease. The first restriction endonuclease-Hind II, whose functioning
depended on a specific DNA nucleotide sequence was isolated and
characterised five years later. It was found that Hind II always cut DNA
molecules at a particular point by recognising a specific sequence of
six base pairs. This specific base sequence is known as the
recognition sequence for Hind II. Besides Hind II, today we know more
than 900 restriction enzymes that have been isolated from over 230 strains
of bacteria each of which recognise different recognition sequences. The convention for naming these enzymes is the first letter of the name
comes from the genus and the second two letters come from the species of
the prokaryotic cell from which they were isolated, e.g., EcoRI comes from
Escherichia coli RY 13.",,True,,
b5944e3a-4408-4f26-8db5-7dff486f830f,Botany,CHEMISTRY-U19,0.3158,"Match List - I with List - II.
(a) Protein
(i) C=C double bonds
(b) Unsaturated 
fatty acid
(ii) Phosphodiester bonds
(c) Nucleic acid
(iii) Glycosidic bonds
(d) Polysaccharide
(iv) Peptide bonds
List - I
List - II
Choose the correct answer from the options given
below.
(a)
(b)
(c)
(d)","A: (i)
(iv)
(iii)
(ii) | B: (ii)
(i)
(iv)
(iii) | C: (iv)
(iii)
(i)
(ii) | D: (iv)
(i)
(ii)
(iii)",f583e0f5-4f9e-40c4-bdd7-018420b4928c,PASSED,ncert-books-class-12-chemistry-chapter-10.pdf,18,"10.5: Structure of (a) a nucleoside and (b) a nucleotide
Nucleotides are joined together by phosphodiester linkage between
5¢ and 3¢ carbon atoms of the pentose sugar. The formation of a typical
dinucleotide is shown in Fig. 10.5: Structure of (a) a nucleoside and (b) a nucleotide
Nucleotides are joined together by phosphodiester linkage between
5¢ and 3¢ carbon atoms of the pentose sugar. The formation of a typical
dinucleotide is shown in Fig. Reprint 2024-25
299
Biomolecules
A simplified version of nucleic acid chain is as shown below. 10.7: Double strand helix structure for DNA
Information regarding the sequence of nucleotides in the chain
of a nucleic acid is called its primary structure. Nucleic acids
have a secondary structure also. James Watson and Francis Crick
gave a double strand helix structure for DNA (Fig. Two
nucleic acid chains are wound about each other and held together
by hydrogen bonds between pairs of bases. The two strands are
complementary to each other because the hydrogen bonds are
formed between specific pairs of bases.",,True,,
485ccddc-9f8b-49cd-9fa8-d5146d138ea6,Botany,CHEMISTRY-U17,0.3636,"The amount of nutrients, such as carbon, nitrogen,
phosphorus and calcium present in the soil at any
given time, is referred as :",A: Climax community | B: Standing state | C: Standing crop | D: Climax,0e7a2c03-102c-4618-90bc-b78f1f396496,PASSED,ncert-books-class-12-chemistry-chapter-8.pdf,27,"Reduction
Carboxylic acids are reduced to primary alcohols by lithium
aluminium hydride or better with diborane. Diborane does not easily
reduce functional groups such as ester, nitro, halo, etc. Reduction
Carboxylic acids are reduced to primary alcohols by lithium
aluminium hydride or better with diborane. Diborane does not easily
reduce functional groups such as ester, nitro, halo, etc. Sodium
borohydride does not reduce the carboxyl group. Decarboxylation
Carboxylic acids lose carbon dioxide to form hydrocarbons when their
sodium salts are heated with sodalime (NaOH and CaO in the ratio of
3 : 1). The reaction is known as decarboxylation. Alkali metal salts of carboxylic acids also undergo decarboxylation
on electrolysis of their aqueous solutions and form hydrocarbons having
twice the number of carbon atoms present in the alkyl group of the acid. The reaction is known as Kolbe electrolysis (Unit 9, Class XI). Halogenation
Carboxylic acids having an a-hydrogen are halogenated at the
a-position on treatment with chlorine or bromine in the presence of
small amount of red phosphorus to give a-halocarboxylic acids.",,True,,
0540a4d3-90f1-41ef-a12e-72bdb7872634,Botany,BIOLOGY-U03,0.375,"When the centromere is situated in the middle of
two equal arms of chromosomes, the chromosome
is referred as :",A: Telocentric | B: Sub-metacentric | C: Acrocentric | D: Metacentric,207fc5c2-25b9-40e1-876e-fb04e42aa752,PASSED,ncert-books-class-11-biology-chapter-10.pdf,8,"Prophase II: Meiosis II is initiated immediately after cytokinesis, usually
before the chromosomes have fully elongated. In contrast to meiosis I,
meiosis II resembles a normal mitosis. Prophase II: Meiosis II is initiated immediately after cytokinesis, usually
before the chromosomes have fully elongated. In contrast to meiosis I,
meiosis II resembles a normal mitosis. The nuclear membrane disappears
by the end of prophase II (Figure 10.4). Metaphase II: At this stage the chromosomes align at the equator and
the microtubules from opposite poles of the spindle get attached to the
kinetochores (Figure 10.4) of sister chromatids. Anaphase II: It begins with the simultaneous splitting of the centromere
of each chromosome (which was holding the sister chromatids together),
allowing them to move toward opposite poles of the cell (Figure 10.4) by
shortening of microtubules attached to kinetochores. Figure 10.3 Stages of Meiosis I
2024-25
128
BIOLOGY
Telophase II: Meiosis ends with telophase II, in which the two
groups of chromosomes once again get enclosed by a nuclear
envelope; cytokinesis follows resulting in the formation of tetrad
of cells i.e., four haploid daughter cells (Figure 10.4).",,True,,
87b7dc69-6379-4faa-b512-94005197c222,Botany,CHEMISTRY-U17,0.3636,"The amount of nutrients, such as carbon, nitrogen,
phosphorus and calcium present in the soil at any
given time, is referred as :",A: Standing state | B: Standing crop | C: Climax | D: Climax community,0e7a2c03-102c-4618-90bc-b78f1f396496,PASSED,ncert-books-class-12-chemistry-chapter-8.pdf,27,"Reduction
Carboxylic acids are reduced to primary alcohols by lithium
aluminium hydride or better with diborane. Diborane does not easily
reduce functional groups such as ester, nitro, halo, etc. Reduction
Carboxylic acids are reduced to primary alcohols by lithium
aluminium hydride or better with diborane. Diborane does not easily
reduce functional groups such as ester, nitro, halo, etc. Sodium
borohydride does not reduce the carboxyl group. Decarboxylation
Carboxylic acids lose carbon dioxide to form hydrocarbons when their
sodium salts are heated with sodalime (NaOH and CaO in the ratio of
3 : 1). The reaction is known as decarboxylation. Alkali metal salts of carboxylic acids also undergo decarboxylation
on electrolysis of their aqueous solutions and form hydrocarbons having
twice the number of carbon atoms present in the alkyl group of the acid. The reaction is known as Kolbe electrolysis (Unit 9, Class XI). Halogenation
Carboxylic acids having an a-hydrogen are halogenated at the
a-position on treatment with chlorine or bromine in the presence of
small amount of red phosphorus to give a-halocarboxylic acids.",,True,,
460c58d9-e597-4bf4-9ff3-6ca55d19a738,Botany,BIOLOGY-U03,0.375,"When the centromere is situated in the middle of
two equal arms of chromosomes, the chromosome
is referred as :","A: Acrocentric | B: Metacentric | C: Telocentric | D: Sub-metacentric

<<<PAGE:17>>>
17
P6",207fc5c2-25b9-40e1-876e-fb04e42aa752,PASSED,ncert-books-class-11-biology-chapter-10.pdf,8,"Prophase II: Meiosis II is initiated immediately after cytokinesis, usually
before the chromosomes have fully elongated. In contrast to meiosis I,
meiosis II resembles a normal mitosis. Prophase II: Meiosis II is initiated immediately after cytokinesis, usually
before the chromosomes have fully elongated. In contrast to meiosis I,
meiosis II resembles a normal mitosis. The nuclear membrane disappears
by the end of prophase II (Figure 10.4). Metaphase II: At this stage the chromosomes align at the equator and
the microtubules from opposite poles of the spindle get attached to the
kinetochores (Figure 10.4) of sister chromatids. Anaphase II: It begins with the simultaneous splitting of the centromere
of each chromosome (which was holding the sister chromatids together),
allowing them to move toward opposite poles of the cell (Figure 10.4) by
shortening of microtubules attached to kinetochores. Figure 10.3 Stages of Meiosis I
2024-25
128
BIOLOGY
Telophase II: Meiosis ends with telophase II, in which the two
groups of chromosomes once again get enclosed by a nuclear
envelope; cytokinesis follows resulting in the formation of tetrad
of cells i.e., four haploid daughter cells (Figure 10.4).",,True,,
2d47b108-e022-462f-b0da-be5c4e827469,Botany,CHEMISTRY-U17,0.3636,"The amount of nutrients, such as carbon, nitrogen,
phosphorus and calcium present in the soil at any
given time, is referred as :",A: Climax community | B: Standing state | C: Standing crop | D: Climax,0e7a2c03-102c-4618-90bc-b78f1f396496,PASSED,ncert-books-class-12-chemistry-chapter-8.pdf,27,"Reduction
Carboxylic acids are reduced to primary alcohols by lithium
aluminium hydride or better with diborane. Diborane does not easily
reduce functional groups such as ester, nitro, halo, etc. Reduction
Carboxylic acids are reduced to primary alcohols by lithium
aluminium hydride or better with diborane. Diborane does not easily
reduce functional groups such as ester, nitro, halo, etc. Sodium
borohydride does not reduce the carboxyl group. Decarboxylation
Carboxylic acids lose carbon dioxide to form hydrocarbons when their
sodium salts are heated with sodalime (NaOH and CaO in the ratio of
3 : 1). The reaction is known as decarboxylation. Alkali metal salts of carboxylic acids also undergo decarboxylation
on electrolysis of their aqueous solutions and form hydrocarbons having
twice the number of carbon atoms present in the alkyl group of the acid. The reaction is known as Kolbe electrolysis (Unit 9, Class XI). Halogenation
Carboxylic acids having an a-hydrogen are halogenated at the
a-position on treatment with chlorine or bromine in the presence of
small amount of red phosphorus to give a-halocarboxylic acids.",,True,,
dd72da1d-d9de-41cd-a65c-18c45af0ab5e,Botany,BIOLOGY-U03,0.375,"When the centromere is situated in the middle of
two equal arms of chromosomes, the chromosome
is referred as :",A: Sub-metacentric | B: Acrocentric | C: Metacentric | D: Telocentric,207fc5c2-25b9-40e1-876e-fb04e42aa752,PASSED,ncert-books-class-11-biology-chapter-10.pdf,8,"Prophase II: Meiosis II is initiated immediately after cytokinesis, usually
before the chromosomes have fully elongated. In contrast to meiosis I,
meiosis II resembles a normal mitosis. Prophase II: Meiosis II is initiated immediately after cytokinesis, usually
before the chromosomes have fully elongated. In contrast to meiosis I,
meiosis II resembles a normal mitosis. The nuclear membrane disappears
by the end of prophase II (Figure 10.4). Metaphase II: At this stage the chromosomes align at the equator and
the microtubules from opposite poles of the spindle get attached to the
kinetochores (Figure 10.4) of sister chromatids. Anaphase II: It begins with the simultaneous splitting of the centromere
of each chromosome (which was holding the sister chromatids together),
allowing them to move toward opposite poles of the cell (Figure 10.4) by
shortening of microtubules attached to kinetochores. Figure 10.3 Stages of Meiosis I
2024-25
128
BIOLOGY
Telophase II: Meiosis ends with telophase II, in which the two
groups of chromosomes once again get enclosed by a nuclear
envelope; cytokinesis follows resulting in the formation of tetrad
of cells i.e., four haploid daughter cells (Figure 10.4).",,True,,
3a672cac-f614-4129-879e-0c920dff2124,Botany,CHEMISTRY-U17,0.3636,"The amount of nutrients, such as carbon, nitrogen,
phosphorus and calcium present in the soil at any
given time, is referred as :",A: Climax | B: Climax community | C: Standing state | D: Standing crop,0e7a2c03-102c-4618-90bc-b78f1f396496,PASSED,ncert-books-class-12-chemistry-chapter-8.pdf,27,"Reduction
Carboxylic acids are reduced to primary alcohols by lithium
aluminium hydride or better with diborane. Diborane does not easily
reduce functional groups such as ester, nitro, halo, etc. Reduction
Carboxylic acids are reduced to primary alcohols by lithium
aluminium hydride or better with diborane. Diborane does not easily
reduce functional groups such as ester, nitro, halo, etc. Sodium
borohydride does not reduce the carboxyl group. Decarboxylation
Carboxylic acids lose carbon dioxide to form hydrocarbons when their
sodium salts are heated with sodalime (NaOH and CaO in the ratio of
3 : 1). The reaction is known as decarboxylation. Alkali metal salts of carboxylic acids also undergo decarboxylation
on electrolysis of their aqueous solutions and form hydrocarbons having
twice the number of carbon atoms present in the alkyl group of the acid. The reaction is known as Kolbe electrolysis (Unit 9, Class XI). Halogenation
Carboxylic acids having an a-hydrogen are halogenated at the
a-position on treatment with chlorine or bromine in the presence of
small amount of red phosphorus to give a-halocarboxylic acids.",,True,,
7bd03eba-544d-4a8f-afbc-9e778d2178a5,Botany,CHEMISTRY-U17,0.3636,"The amount of nutrients, such as carbon, nitrogen,
phosphorus and calcium present in the soil at any
given time, is referred as :",A: Climax | B: Climax community | C: Standing state | D: Standing crop,0e7a2c03-102c-4618-90bc-b78f1f396496,PASSED,ncert-books-class-12-chemistry-chapter-8.pdf,27,"Reduction
Carboxylic acids are reduced to primary alcohols by lithium
aluminium hydride or better with diborane. Diborane does not easily
reduce functional groups such as ester, nitro, halo, etc. Reduction
Carboxylic acids are reduced to primary alcohols by lithium
aluminium hydride or better with diborane. Diborane does not easily
reduce functional groups such as ester, nitro, halo, etc. Sodium
borohydride does not reduce the carboxyl group. Decarboxylation
Carboxylic acids lose carbon dioxide to form hydrocarbons when their
sodium salts are heated with sodalime (NaOH and CaO in the ratio of
3 : 1). The reaction is known as decarboxylation. Alkali metal salts of carboxylic acids also undergo decarboxylation
on electrolysis of their aqueous solutions and form hydrocarbons having
twice the number of carbon atoms present in the alkyl group of the acid. The reaction is known as Kolbe electrolysis (Unit 9, Class XI). Halogenation
Carboxylic acids having an a-hydrogen are halogenated at the
a-position on treatment with chlorine or bromine in the presence of
small amount of red phosphorus to give a-halocarboxylic acids.",,True,,
bef6f0b5-dd1c-49fb-8316-fd61850b8b91,Botany,CHEMISTRY-U08,0.4,"The factor that leads to Founder effect in a
population is :",A: Natural selection | B: Genetic recombination | C: Mutation | D: Genetic drift,c8bfc873-26e8-4321-b6da-a0a664687d4f,PASSED,ncert-books-class-12-chemistry-chapter-3.pdf,22,"Theory of
Theory of
Theory of
Theory of
Theory of
Chemical
Chemical
Chemical
Chemical
Chemical
Reactions
Reactions
Reactions
Reactions
Reactions
Fig. 3.11: Effect of catalyst on activation
energy
log k2 =
a
1
1
2
1
1
log
2.303 E
k
T
T
R








=


1
5
1
1
1
1
209000 J mol L
log 1.60 10
600 K
700K
2.303 8.314 J mol L K














log k2 = - 4.796 + 2.599 = - 2.197
k2 = 6.36 × 10-3
s-1
Reprint 2024-25
83
Chemical Kinetics
assumed to be hard spheres and reaction is postu Theory of
Theory of
Theory of
Theory of
Theory of
Chemical
Chemical
Chemical
Chemical
Chemical
Reactions
Reactions
Reactions
Reactions
Reactions
Fig. 3.11: Effect of catalyst on activation
energy
log k2 =
a
1
1
2
1
1
log
2.303 E
k
T
T
R








=


1
5
1
1
1
1
209000 J mol L
log 1.60 10
600 K
700K
2.303 8.314 J mol L K














log k2 = - 4.796 + 2.599 = - 2.197
k2 = 6.36 × 10-3
s-1
Reprint 2024-25
83
Chemical Kinetics
assumed to be hard spheres and reaction is postulated to occur when
molecules collide with each other. The number of collisions per
second per unit volume of the reaction mixture is known as
collision frequency (Z). Another factor which affects the rate of
chemical reactions is activation energy (as we have already studied). For a bimolecular elementary reaction
A + B ® Products
rate of reaction can be expressed as
a /
AB
Rate
Z
e E
RT
−
=
(3.23)
where ZAB represents the collision frequency of reactants, A and B
and e
-Ea /RT represents the fraction of molecules with energies equal to
or greater than Ea. Comparing (3.23) with Arrhenius equation, we can
say that A is related to collision frequency. Equation (3.23) predicts the value of rate constants fairly
accurately for the reactions that involve atomic species or simple
molecules but for complex molecules significant deviations are
observed. The reason could be that all collisions do not lead to the
formation of products.",,True,,
c65736f9-c50d-43ef-89a4-7050e1ebc5a7,Botany,XII-BIO-01,0.4286,"The term used for transfer of pollen grains from
anthers of one plant to stigma of a different plant
which, during pollination, brings genetically
different types of pollen grains to stigma, is :",A: Xenogamy | B: Geitonogamy | C: Chasmogamy | D: Cleistogamy,3f0b5d88-d3ef-4e70-b228-503fb93d95ae,PASSED,ncert-books-class-12-biology-chapter-1.pdf,11,"In the preceding sections you have learnt that the male and female gametes
in flowering plants are produced in the pollen grain and embryo sac,
respectively. As both types of gametes are non-motile, they have to be
brought together for fertilisation to occur. In the preceding sections you have learnt that the male and female gametes
in flowering plants are produced in the pollen grain and embryo sac,
respectively. As both types of gametes are non-motile, they have to be
brought together for fertilisation to occur. Pollination is the mechanism to achieve this objective. Transfer
of pollen grains (shed from the anther) to the stigma of a pistil is
termed pollination. Flowering plants have evolved an amazing array
of adaptations to achieve pollination. They make use of external
agents to achieve pollination. Can you list the possible external
agents? Kinds of Pollination : Depending on the source of pollen, pollination
can be divided into three types.",,True,,
c7c739e7-2c51-47ee-b7da-c84796df5006,Botany,PHYSICS-U16,0.4,"In the exponential growth equation
Nt=Noert, e represents :",A: The base of geometric logarithms | B: The base of number logarithms | C: The base of exponential logarithms | D: The base of natural logarithms,a17c13be-eff7-402f-b783-d4727bb14cb4,PASSED,leph202.pdf,15,"Consider holding a long string that is held horizontally, the other end of
which is assumed to be fixed. If we move the end of the string up and
down in a periodic manner, we will generate a wave propagating in the
+x direction (Fig. Consider holding a long string that is held horizontally, the other end of
which is assumed to be fixed. If we move the end of the string up and
down in a periodic manner, we will generate a wave propagating in the
+x direction (Fig. Such a wave could be described by the following
equation
FIGURE 10.17 (a) The curves represent the displacement of a string at
t = 0 and at t = Dt, respectively when a sinusoidal wave is propagating
in the +x-direction. (b) The curve represents the time variation
of the displacement at x = 0 when a sinusoidal wave is propagating
in the +x-direction. At x = Dx, the time variation of the
displacement will be slightly displaced to the right. y (x,t) = a sin (kx - wt)
(10.15)
where a and w (= 2pn) represent the amplitude and the angular frequency
of the wave, respectively; further,
2
k
λ
π
=
(10.16)
represents the wavelength associated with the wave. We had discussed
propagation of such waves in Chapter 14 of Class XI textbook. Since the
displacement (which is along the y direction) is at right angles to the
direction of propagation of the wave, we have what is known as a
transverse wave.",,True,,
e3f68bb1-6d01-4f61-8449-b383eb06fb4f,Botany,CHEMISTRY-U14,0.4,Complete the flow chart on central dogma.,"A: (a)-Transduction; (b)-Translation;
(c)-Replication; (d)-Protein | B: (a)-Replication; (b)-Transcription;
(c)-Transduction; (d)-Protein | C: (a)-Translation; (b)-Replication;
(c)-Transcription; (d)-Transduction | D: (a)-Replication; (b)-Transcription;
(c)-Translation; (d)-Protein",f6d474fe-4b79-4327-b08a-e04d3124dd65,PASSED,ncert-books-class-11-chemistry-chapter-8.pdf,15,"The phenomenon of existence of two or more
compounds possessing the same molecular
formula but different properties is known
as isomerism. The following flow chart shows
different types of isomerism. The phenomenon of existence of two or more
compounds possessing the same molecular
formula but different properties is known
as isomerism. The following flow chart shows
different types of isomerism.",,True,,
4196487b-6f83-4783-96d8-86fb91eee6f2,Botany,CHEMISTRY-U08,0.4,"The factor that leads to Founder effect in a
population is :",A: Genetic recombination | B: Mutation | C: Genetic drift | D: Natural selection,c8bfc873-26e8-4321-b6da-a0a664687d4f,PASSED,ncert-books-class-12-chemistry-chapter-3.pdf,22,"Theory of
Theory of
Theory of
Theory of
Theory of
Chemical
Chemical
Chemical
Chemical
Chemical
Reactions
Reactions
Reactions
Reactions
Reactions
Fig. 3.11: Effect of catalyst on activation
energy
log k2 =
a
1
1
2
1
1
log
2.303 E
k
T
T
R








=


1
5
1
1
1
1
209000 J mol L
log 1.60 10
600 K
700K
2.303 8.314 J mol L K














log k2 = - 4.796 + 2.599 = - 2.197
k2 = 6.36 × 10-3
s-1
Reprint 2024-25
83
Chemical Kinetics
assumed to be hard spheres and reaction is postu Theory of
Theory of
Theory of
Theory of
Theory of
Chemical
Chemical
Chemical
Chemical
Chemical
Reactions
Reactions
Reactions
Reactions
Reactions
Fig. 3.11: Effect of catalyst on activation
energy
log k2 =
a
1
1
2
1
1
log
2.303 E
k
T
T
R








=


1
5
1
1
1
1
209000 J mol L
log 1.60 10
600 K
700K
2.303 8.314 J mol L K














log k2 = - 4.796 + 2.599 = - 2.197
k2 = 6.36 × 10-3
s-1
Reprint 2024-25
83
Chemical Kinetics
assumed to be hard spheres and reaction is postulated to occur when
molecules collide with each other. The number of collisions per
second per unit volume of the reaction mixture is known as
collision frequency (Z). Another factor which affects the rate of
chemical reactions is activation energy (as we have already studied). For a bimolecular elementary reaction
A + B ® Products
rate of reaction can be expressed as
a /
AB
Rate
Z
e E
RT
−
=
(3.23)
where ZAB represents the collision frequency of reactants, A and B
and e
-Ea /RT represents the fraction of molecules with energies equal to
or greater than Ea. Comparing (3.23) with Arrhenius equation, we can
say that A is related to collision frequency. Equation (3.23) predicts the value of rate constants fairly
accurately for the reactions that involve atomic species or simple
molecules but for complex molecules significant deviations are
observed. The reason could be that all collisions do not lead to the
formation of products.",,True,,
a3816718-9d12-4dfe-ac84-b9c0e827ec3f,Botany,CHEMISTRY-U14,0.4,Complete the flow chart on central dogma.,"A: (a)-Replication; (b)-Transcription;
(c)-Transduction; (d)-Protein | B: (a)-Translation; (b)-Replication;
(c)-Transcription; (d)-Transduction | C: (a)-Replication; (b)-Transcription;
(c)-Translation; (d)-Protein | D: (a)-Transduction; (b)-Translation;
(c)-Replication; (d)-Protein",f6d474fe-4b79-4327-b08a-e04d3124dd65,PASSED,ncert-books-class-11-chemistry-chapter-8.pdf,15,"The phenomenon of existence of two or more
compounds possessing the same molecular
formula but different properties is known
as isomerism. The following flow chart shows
different types of isomerism. The phenomenon of existence of two or more
compounds possessing the same molecular
formula but different properties is known
as isomerism. The following flow chart shows
different types of isomerism.",,True,,
6b77014d-a667-4c62-8d9f-aa37921f12df,Botany,XII-BIO-10,0.4,"When gene targetting involving gene amplification
is attempted in an individual’s tissue to treat
disease, it is known as :",A: Molecular diagnosis | B: Safety testing | C: Biopiracy | D: Gene therapy,74306d6e-244a-4a9a-9410-abdcc29ad6d2,PASSED,ncert-books-class-12-biology-chapter-10.pdf,6,"If a person is born with a hereditary disease, can a corrective therapy
be taken for such a disease? Gene therapy is a collection of methods that allows correction of a
gene defect that has been diagnosed in a child/embryo. If a person is born with a hereditary disease, can a corrective therapy
be taken for such a disease? Gene therapy is a collection of methods that allows correction of a
gene defect that has been diagnosed in a child/embryo. Here genes
are inserted into a person's cells and tissues to treat a disease. Correction of a genetic defect involves delivery of a normal gene into
the individual or embryo to take over the function of and compensate
for the non-functional gene. The first clinical gene therapy was given in 1990 to a 4-year old girl
with adenosine deaminase (ADA) deficiency. This enzyme is crucial for
the immune system to function. The disorder is caused due to the deletion
of the gene for adenosine deaminase. In some children ADA deficiency
can be cured by bone marrow transplantation; in others it can be treated
by enzyme replacement therapy, in which functional ADA is given to the
patient by injection.",,True,,
90ec9103-965d-4ffe-b3ac-1fc7b266fb13,Botany,PHYSICS-U16,0.4,"In the exponential growth equation
Nt=Noert, e represents :",A: The base of number logarithms | B: The base of exponential logarithms | C: The base of natural logarithms | D: The base of geometric logarithms,a17c13be-eff7-402f-b783-d4727bb14cb4,PASSED,leph202.pdf,15,"Consider holding a long string that is held horizontally, the other end of
which is assumed to be fixed. If we move the end of the string up and
down in a periodic manner, we will generate a wave propagating in the
+x direction (Fig. Consider holding a long string that is held horizontally, the other end of
which is assumed to be fixed. If we move the end of the string up and
down in a periodic manner, we will generate a wave propagating in the
+x direction (Fig. Such a wave could be described by the following
equation
FIGURE 10.17 (a) The curves represent the displacement of a string at
t = 0 and at t = Dt, respectively when a sinusoidal wave is propagating
in the +x-direction. (b) The curve represents the time variation
of the displacement at x = 0 when a sinusoidal wave is propagating
in the +x-direction. At x = Dx, the time variation of the
displacement will be slightly displaced to the right. y (x,t) = a sin (kx - wt)
(10.15)
where a and w (= 2pn) represent the amplitude and the angular frequency
of the wave, respectively; further,
2
k
λ
π
=
(10.16)
represents the wavelength associated with the wave. We had discussed
propagation of such waves in Chapter 14 of Class XI textbook. Since the
displacement (which is along the y direction) is at right angles to the
direction of propagation of the wave, we have what is known as a
transverse wave.",,True,,
e1a94640-0031-4d0f-a986-98e7f7bf05a8,Chemistry,BIOLOGY-U03,0.3,"Right option for the number of tetrahedral and
octahedral voids in hexagonal primitive unit cell
are :","A: 12, 6 | B: 8, 4 | C: 6, 12 | D: 2, 1",0e66e471-094d-4422-8ea1-d40315e1eddb,PASSED,ncert-books-class-11-biology-chapter-8.pdf,3,"In 1838, Matthias Schleiden, a German botanist, examined a large number
of plants and observed that all plants are composed of different kinds of
cells which form the tissues of the plant. At about the same time, Theodore
CELL: THE UNIT OF LIFE
CHAPTER 8
8.1 What is a Cell? In 1838, Matthias Schleiden, a German botanist, examined a large number
of plants and observed that all plants are composed of different kinds of
cells which form the tissues of the plant. At about the same time, Theodore
CELL: THE UNIT OF LIFE
CHAPTER 8
8.1 What is a Cell?",,True,,
e277101f-9223-418e-97e7-bc1f694f2526,Chemistry,BIOLOGY-U03,0.3,"Right option for the number of tetrahedral and
octahedral voids in hexagonal primitive unit cell
are :","A: 12, 6 | B: 8, 4 | C: 6, 12 | D: 2, 1",0e66e471-094d-4422-8ea1-d40315e1eddb,PASSED,ncert-books-class-11-biology-chapter-8.pdf,3,"In 1838, Matthias Schleiden, a German botanist, examined a large number
of plants and observed that all plants are composed of different kinds of
cells which form the tissues of the plant. At about the same time, Theodore
CELL: THE UNIT OF LIFE
CHAPTER 8
8.1 What is a Cell? In 1838, Matthias Schleiden, a German botanist, examined a large number
of plants and observed that all plants are composed of different kinds of
cells which form the tissues of the plant. At about the same time, Theodore
CELL: THE UNIT OF LIFE
CHAPTER 8
8.1 What is a Cell?",,True,,
ad9a86f4-8c16-4759-b07a-11db4b5ed50e,Chemistry,CHEMISTRY-U03,0.3333,"In which one of the following arrangements the
given sequence is not strictly according to the
properties indicated against it ?","A: CO2 < SiO2
:
Increasing
< SnO2 < PbO2
oxidizing power | B: HF < HCl
:
Increasing acidic
< HBr < HI
strength | C: H2O < H2S
:
Increasing pKa
 < H2Se < H2Te
values | D: NH3 < PH3
:
Increasing
< AsH3 < SbH3
acidic character
Section - A (Biology : Botany)",92d36751-337d-4242-ba78-5f5d1b9846bc,PASSED,ncert-books-class-11-chemistry-chapter-4.pdf,28,"Orbitals
We have seen that 1s atomic orbitals on two
atoms form two molecular orbitals designated
as σ1s and σ*1s. In the same manner, the 2s
and 2p atomic orbitals (eight atomic orbitals
2024-25
128
chemistry
Fig. Orbitals
We have seen that 1s atomic orbitals on two
atoms form two molecular orbitals designated
as σ1s and σ*1s. In the same manner, the 2s
and 2p atomic orbitals (eight atomic orbitals
2024-25
128
chemistry
Fig. 4.20 Contours and energies of bonding and antibonding molecular orbitals formed through
combinations of (a) 1s atomic orbitals; (b) 2pz atomic orbitals and (c) 2px atomic orbitals. on two atoms) give rise to the following eight
molecular orbitals:
Antibonding
MOs σ∗2s σ∗2pz π∗2px π∗2py
Bonding
MOs
σ2s
σ2pz
π2px
π2py
The energy levels of these molecular
orbitals have been determined experimentally
from spectroscopic data for homonuclear
diatomic molecules of second row elements
of the periodic table. The increasing order of
2024-25
129
Chemical Bonding And Molecular Structure
energies of various molecular orbitals for O2
and F2 is given below:
1s <  ∗1s <  2s <  ∗2s < 2pz < (π 2px=π 2py)
< (π ∗2px= π∗ 2py) <  ∗2pz
However, this sequence of energy levels
of molecular orbitals is not correct for the
remaining molecules Li2, Be2, B2, C2, N2. For
instance, it has been observed experimentally
that for molecules such as B2, C2, N2, etc. the increasing order of energies of various
molecular orbitals is
1s <  ∗1s < 2s <  ∗2s < (π 2 px = π 2 py)
< 2pz < (π ∗2px =π∗2py) <  ∗2pz
The important characteristic feature
of this order is that the energy of
2pz
molecular orbital is higher than that
of 2px and 2py molecular orbitals.",,True,,
44375edc-f099-4037-a673-f933283ec85c,Chemistry,BIOLOGY-U05,0.3,"The correct option for the number of body centred
unit cells in all 14 types of Bravais lattice unit
cells is :",A: 3 | B: 7 | C: 5 | D: 2,b6b2b5f2-8373-4ddf-bb53-4e7de719066d,PASSED,ncert-books-class-11-biology-chapter-18.pdf,2,"NEURAL SYSTEM
A neuron is a microscopic structure composed of three major parts, namely,
cell body, dendrites and axon (Figure 18.1). The cell body contains cytoplasm
with typical cell organelles and certain granular bodies called Nissl's granules. NEURAL SYSTEM
A neuron is a microscopic structure composed of three major parts, namely,
cell body, dendrites and axon (Figure 18.1). The cell body contains cytoplasm
with typical cell organelles and certain granular bodies called Nissl's granules. Short fibres which branch repeatedly and project out of the cell body also
2024-25
232
BIOLOGY
contain Nissl's granules and are called dendrites. These
fibres transmit impulses towards the cell body. The
axon is a long fibre, the distal end of which is branched. Each branch terminates as a bulb-like structure called
synaptic knob which possess synaptic vesicles
containing chemicals called neurotransmitters. The
axons transmit nerve impulses away from the cell body
to a synapse or to a neuro-muscular junction. Based
on the number of axon and dendrites, the neurons are
divided into three types, i.e., multipolar (with one axon
and two or more dendrites; found in the cerebral cortex),
bipolar (with one axon and one dendrite, found in the
retina of eye) and unipolar (cell body with one axon
only; found usually in the embryonic stage).",,True,,
ccaf8e2c-9895-4815-ba7d-524c9ef20b5d,Chemistry,CHEMISTRY-U17,0.3333,"Identify the compound that will react with Hinsberg’s
reagent to give a solid which dissolves in alkali.",A:  | B:  | C:  | D: ,75a729e4-9c28-45b2-8c1f-db4043ffd36b,PASSED,ncert-books-class-12-chemistry-chapter-8.pdf,7,"of Ketones
Reprint 2024-25
234
Chemistry
2. From nitriles
Treating a nitrile with Grignard reagent followed by hydrolysis yields
a ketone. of Ketones
Reprint 2024-25
234
Chemistry
2. From nitriles
Treating a nitrile with Grignard reagent followed by hydrolysis yields
a ketone. Give names of the reagents to bring about the following
transformations:
(i) Hexan-1-ol to hexanal
(ii)
Cyclohexanol to cyclohexanone
(iii) p-Fluorotoluene to
(iv)
Ethanenitrile to ethanal
p-fluorobenzaldehyde
(v) Allyl alcohol to propenal
(vi)
But-2-ene to ethanal
(i) C5H5NH+CrO3Cl-(PCC)
(ii)
Anhydrous CrO3
(iii) CrO3 in the presence
(iv)
(Diisobutyl)aluminium
of acetic anhydride/
hydride (DIBAL-H)
1. HOH
(v) PCC
(vi)
O3/H2O-Zn dust
Example 8.1
Example 8.1
Example 8.1
Example 8.1
Example 8.1
Solution
Solution
Solution
Solution
Solution
(C6H CH ) Cd + 2 CH
5
2 2
3 COCl
CH3
NO2
1.CrO Cl
2
2
2.H3O+
(iii)
C
C
H
Hg
2+, H SO
2
4
H C
3
(iv)
Intext Question
Intext Question
Intext Question
Intext Question
Intext Question
8.2 Write the structures of products of the following reactions;
(i)
(ii)
3. From benzene or substituted benzenes
When benzene or substituted benzene is treated with acid chloride in
the presence of anhydrous aluminium chloride, it affords the
corresponding ketone. This reaction is known as Friedel-Crafts
acylation reaction. Reprint 2024-25
235
Aldehydes, Ketones and Carboxylic Acids
The physical properties of aldehydes and ketones are described as
follows. Other aldehydes and ketones are liquid or solid at room temperature.",,True,,
0d6d20e4-c2a7-4c24-ad7f-ecf41529be7f,Chemistry,PHYSICS-U07,0.3333,"The right option for the statement “Tyndall effect
is exhibited by”, is :",A: NaCl solution | B: Glucose solution | C: Starch solution | D: Urea solution,fa3016dd-e461-443c-86bf-a043e9182649,PASSED,ncert-books-class-11-physics-chapter-9.pdf,3,"The French scientist Blaise Pascal observed that
the pressure in a fluid at rest is the same at all
points if they are at the same height. This fact
may be demonstrated in a simple way. The French scientist Blaise Pascal observed that
the pressure in a fluid at rest is the same at all
points if they are at the same height. This fact
may be demonstrated in a simple way. 9.2 shows an element in the interior of a
fluid at rest. This element ABC-DEF is in the
form of a right-angled prism. In principle, this
prismatic element is very small so that every
part of it can be considered at the same depth
from the liquid surface and therefore, the effect
of the gravity is the same at all these points. But for clarity we have enlarged this element. The forces on this element are those exerted by
the rest of the fluid and they must be normal to
the surfaces of the element as discussed above. Thus, the fluid exerts pressures Pa, Pb and Pc on
this element of area corresponding to the normal
forces Fa, Fb and Fc as shown in Fig.",,True,,
514b8cc5-8f55-44c9-8247-0fb047f77c86,Chemistry,CHEMISTRY-U15,0.3333,Ethylene diaminetetraacetate (EDTA) ion is :,"A: Bidentate ligand with two “N” donor atoms | B: Tridentate ligand with three “N” donor
atoms | C: Hexadentate ligand with four “O” and two
“N” donor atoms | D: Unidentate ligand",2d18505d-a7eb-46ec-8e2d-ea2bb8b7dda5,PASSED,ncert-books-class-11-chemistry-chapter-9.pdf,12,"For nomenclature of alkenes in IUPAC system,
the longest chain of carbon atoms containing
the double bond is selected. Numbering of the
chain is done from the end which is nearer to
2024-25
307
Hydrocarbons
the double bond. For nomenclature of alkenes in IUPAC system,
the longest chain of carbon atoms containing
the double bond is selected. Numbering of the
chain is done from the end which is nearer to
2024-25
307
Hydrocarbons
the double bond. The suffix 'ene' replaces 'ane'
of alkanes. It may be remembered that first
member of alkene series is: CH2 (replacing
n by 1 in CnH2n) known as methene but has
a very short life. As already mentioned, first
stable member of alkene series is C2H4 known
as ethylene (common) or ethene (IUPAC). IUPAC names of a few members of alkenes
are given below :
Structure
IUPAC name
CH3 - CH = CH2
Propene
CH3 - CH2 - CH = CH2 But - l - ene
CH3 - CH = CH-CH3
But-2-ene
CH2 = CH - CH = CH2 Buta - 1,3 - diene
CH2 = C - CH3
2-Methylprop-1-ene
|
CH3
CH2 = CH - CH - CH3 3-Methylbut-1-ene

|

CH3
Problem 9.7
Write IUPAC names of the following
compounds:
(i) (CH3)2CH - CH = CH - CH2 - CH







CH3 - CH - CH



|



C2H5
(ii)
(iii) CH2 = C (CH2CH2CH3)2
(iv) CH3 CH2 CH2 CH2
CH2CH3

|
|

CH3 - CHCH = C - CH2 - CHCH3

|

CH3
Solution
(i) 2,8-Dimethyl-3, 6-decadiene;
(ii) 1,3,5,7 Octatetraene;
(iii) 2-n-Propylpent-1-ene;
(iv) 4-Ethyl-2,6-dimethyl-dec-4-ene;
Problem 9.8
Calculate number of sigma (σ) and pi (π)
bonds in the above structures (i-iv). Solution
σ bonds : 33, π bonds : 2
σ bonds : 17, π bonds : 4
σ bonds : 23, π bond : 1
σ bonds : 41, π bond : 1",,True,,
d0cea1be-7055-499d-b064-b83fd7de1240,Chemistry,BIOLOGY-U05,0.3,"The correct option for the number of body centred
unit cells in all 14 types of Bravais lattice unit
cells is :",A: 7 | B: 5 | C: 2 | D: 3,b6b2b5f2-8373-4ddf-bb53-4e7de719066d,PASSED,ncert-books-class-11-biology-chapter-18.pdf,2,"NEURAL SYSTEM
A neuron is a microscopic structure composed of three major parts, namely,
cell body, dendrites and axon (Figure 18.1). The cell body contains cytoplasm
with typical cell organelles and certain granular bodies called Nissl's granules. NEURAL SYSTEM
A neuron is a microscopic structure composed of three major parts, namely,
cell body, dendrites and axon (Figure 18.1). The cell body contains cytoplasm
with typical cell organelles and certain granular bodies called Nissl's granules. Short fibres which branch repeatedly and project out of the cell body also
2024-25
232
BIOLOGY
contain Nissl's granules and are called dendrites. These
fibres transmit impulses towards the cell body. The
axon is a long fibre, the distal end of which is branched. Each branch terminates as a bulb-like structure called
synaptic knob which possess synaptic vesicles
containing chemicals called neurotransmitters. The
axons transmit nerve impulses away from the cell body
to a synapse or to a neuro-muscular junction. Based
on the number of axon and dendrites, the neurons are
divided into three types, i.e., multipolar (with one axon
and two or more dendrites; found in the cerebral cortex),
bipolar (with one axon and one dendrite, found in the
retina of eye) and unipolar (cell body with one axon
only; found usually in the embryonic stage).",,True,,
aa7d461e-3261-48a0-a1db-96d8ee835efb,Chemistry,BIOLOGY-U03,0.3846,"What is the IUPAC name of the organic compound
formed in the following chemical reaction ?
Acetone 
2
5
2
(i) C H MgBr  dry Ether
(ii) H O  H
,
,
→
+
 Product",A: 2-methyl butan-2-ol | B: 2-methyl propan-2-ol | C: pentan-2-ol | D: pentan-3-ol,d3ca01bf-0df4-4520-851d-85359143e1c0,PASSED,ncert-books-class-11-biology-chapter-9.pdf,10,"Let us first understand a chemical
reaction. Chemical compounds undergo two types of changes. Let us first understand a chemical
reaction. Chemical compounds undergo two types of changes. A physical
change simply refers to a change in shape without breaking of bonds. Another physical process is a change in state
of matter: when ice melts into water, or when water becomes a vapour. However, when bonds are broken and
new bonds are formed during transformation, this will be called a chemical
reaction. For example:
Ba(OH)2 + H2SO4 → BaSO4 + 2H2O
is an inorganic chemical reaction. Similarly, hydrolysis of starch into
glucose is an organic chemical reaction. Rate of a physical or chemical
process refers to the amount of product formed per unit time.",,True,,
7e84d8fd-cc27-446f-8934-4387c899ea87,Chemistry,CHEMISTRY-U03,0.375,"Match List - I with List - II.
List - I
List - II
(a)
[Fe(CN)6]3−
(i)
5.92 BM
(b)
[Fe(H2O)6]3+
(ii)
0 BM
(c)
[Fe(CN)6]4−
(iii)
4.90 BM
(d)
[Fe(H2O)6]2+
(iv)
1.73 BM
Choose the correct answer from the  options given
below.","A: (a)-(ii), (b)-(iv), (c)-(iii), (d)-(i) | B: (a)-(i), (b)-(iii), (c)-(iv), (d)-(ii) | C: (a)-(iv), (b)-(i), (c)-(ii), (d)-(iii) | D: (a)-(iv), (b)-(ii), (c)-(i), (d)-(iii)",92d36751-337d-4242-ba78-5f5d1b9846bc,PASSED,ncert-books-class-11-chemistry-chapter-4.pdf,28,"Orbitals
We have seen that 1s atomic orbitals on two
atoms form two molecular orbitals designated
as σ1s and σ*1s. In the same manner, the 2s
and 2p atomic orbitals (eight atomic orbitals
2024-25
128
chemistry
Fig. Orbitals
We have seen that 1s atomic orbitals on two
atoms form two molecular orbitals designated
as σ1s and σ*1s. In the same manner, the 2s
and 2p atomic orbitals (eight atomic orbitals
2024-25
128
chemistry
Fig. 4.20 Contours and energies of bonding and antibonding molecular orbitals formed through
combinations of (a) 1s atomic orbitals; (b) 2pz atomic orbitals and (c) 2px atomic orbitals. on two atoms) give rise to the following eight
molecular orbitals:
Antibonding
MOs σ∗2s σ∗2pz π∗2px π∗2py
Bonding
MOs
σ2s
σ2pz
π2px
π2py
The energy levels of these molecular
orbitals have been determined experimentally
from spectroscopic data for homonuclear
diatomic molecules of second row elements
of the periodic table. The increasing order of
2024-25
129
Chemical Bonding And Molecular Structure
energies of various molecular orbitals for O2
and F2 is given below:
1s <  ∗1s <  2s <  ∗2s < 2pz < (π 2px=π 2py)
< (π ∗2px= π∗ 2py) <  ∗2pz
However, this sequence of energy levels
of molecular orbitals is not correct for the
remaining molecules Li2, Be2, B2, C2, N2. For
instance, it has been observed experimentally
that for molecules such as B2, C2, N2, etc. the increasing order of energies of various
molecular orbitals is
1s <  ∗1s < 2s <  ∗2s < (π 2 px = π 2 py)
< 2pz < (π ∗2px =π∗2py) <  ∗2pz
The important characteristic feature
of this order is that the energy of
2pz
molecular orbital is higher than that
of 2px and 2py molecular orbitals.",,True,,
c6ded8d0-6721-4e86-bc9e-52effaf7c7ad,Chemistry,CHEMISTRY-U03,0.375,"Match List - I with List - II.
List - I
List - II
(a)
[Fe(CN)6]3−
(i)
5.92 BM
(b)
[Fe(H2O)6]3+
(ii)
0 BM
(c)
[Fe(CN)6]4−
(iii)
4.90 BM
(d)
[Fe(H2O)6]2+
(iv)
1.73 BM
Choose the correct answer from the  options given
below.","A: (a)-(ii), (b)-(iv), (c)-(iii), (d)-(i) | B: (a)-(i), (b)-(iii), (c)-(iv), (d)-(ii) | C: (a)-(iv), (b)-(i), (c)-(ii), (d)-(iii) | D: (a)-(iv), (b)-(ii), (c)-(i), (d)-(iii)",92d36751-337d-4242-ba78-5f5d1b9846bc,PASSED,ncert-books-class-11-chemistry-chapter-4.pdf,28,"Orbitals
We have seen that 1s atomic orbitals on two
atoms form two molecular orbitals designated
as σ1s and σ*1s. In the same manner, the 2s
and 2p atomic orbitals (eight atomic orbitals
2024-25
128
chemistry
Fig. Orbitals
We have seen that 1s atomic orbitals on two
atoms form two molecular orbitals designated
as σ1s and σ*1s. In the same manner, the 2s
and 2p atomic orbitals (eight atomic orbitals
2024-25
128
chemistry
Fig. 4.20 Contours and energies of bonding and antibonding molecular orbitals formed through
combinations of (a) 1s atomic orbitals; (b) 2pz atomic orbitals and (c) 2px atomic orbitals. on two atoms) give rise to the following eight
molecular orbitals:
Antibonding
MOs σ∗2s σ∗2pz π∗2px π∗2py
Bonding
MOs
σ2s
σ2pz
π2px
π2py
The energy levels of these molecular
orbitals have been determined experimentally
from spectroscopic data for homonuclear
diatomic molecules of second row elements
of the periodic table. The increasing order of
2024-25
129
Chemical Bonding And Molecular Structure
energies of various molecular orbitals for O2
and F2 is given below:
1s <  ∗1s <  2s <  ∗2s < 2pz < (π 2px=π 2py)
< (π ∗2px= π∗ 2py) <  ∗2pz
However, this sequence of energy levels
of molecular orbitals is not correct for the
remaining molecules Li2, Be2, B2, C2, N2. For
instance, it has been observed experimentally
that for molecules such as B2, C2, N2, etc. the increasing order of energies of various
molecular orbitals is
1s <  ∗1s < 2s <  ∗2s < (π 2 px = π 2 py)
< 2pz < (π ∗2px =π∗2py) <  ∗2pz
The important characteristic feature
of this order is that the energy of
2pz
molecular orbital is higher than that
of 2px and 2py molecular orbitals.",,True,,
daaf4d83-9fa0-43b2-bd32-afab94e172ef,Chemistry,CHEMISTRY-U08,0.3846,"The slope of Arrhenius Plot 
1
ln k v/s T






 of first
order reaction is −5×103 K.  The value of Ea of
the reaction is.  Choose the correct option for your
answer.
[Given R=8.314 JK−1mol−1]",A: 166 kJ mol−1 | B: −83 kJ mol−1 | C: 41.5 kJ mol−1 | D: 83.0 kJ mol−1,54c4e22e-e43a-4c6a-810c-7f204a8a450e,PASSED,ncert-books-class-12-chemistry-chapter-3.pdf,12,"Reactions
Reprint 2024-25
73
Chemical Kinetics
Rearranging this equation
[
]
[
]0
R
ln
R
kt
= −
or


0
R
1 ln
R

k
t
(3.10)
At time t1 from equation (3.8)
*ln[R]1 = - kt1 + *ln[R]0
(3.11)
At time t2
ln[R]2 = - kt2 + ln[R]0
(3.12)
where, [R]1 and [R]2 are the concentrations of the reactants at time
t1 and t2 respectively. Subtracting (3.12) from (3.11)
ln[R]1- ln[R]2 = - kt1 - (-kt2)
[
]
[ ]
(
)
−
=
1
2
1
2
R
ln
R
t
t
k
(
)
[
]
[
]
1
2
1
2
1
R
ln
R
k
t
t
=
−
(3.13)
Equation (3.9) can also be Reactions
Reprint 2024-25
73
Chemical Kinetics
Rearranging this equation
[
]
[
]0
R
ln
R
kt
= −
or


0
R
1 ln
R

k
t
(3.10)
At time t1 from equation (3.8)
*ln[R]1 = - kt1 + *ln[R]0
(3.11)
At time t2
ln[R]2 = - kt2 + ln[R]0
(3.12)
where, [R]1 and [R]2 are the concentrations of the reactants at time
t1 and t2 respectively. Subtracting (3.12) from (3.11)
ln[R]1- ln[R]2 = - kt1 - (-kt2)
[
]
[ ]
(
)
−
=
1
2
1
2
R
ln
R
t
t
k
(
)
[
]
[
]
1
2
1
2
1
R
ln
R
k
t
t
=
−
(3.13)
Equation (3.9) can also be written as
[ ]
[
]
= −
0
R
ln
R
kt
Taking antilog of both sides
[R] = [R]0 e-kt
(3.14)
Comparing equation (3.9) with y = mx + c, if we plot ln [R] against
t (Fig. 3.4) we get a straight line with slope = -k and intercept equal to
ln [R]0
The first order rate equation (3.10) can also be written in the form
[ ]
[ ]
0
R
2.303 log
R
k
t
=
(3.15)
*
[
]
[
]
0
R
log
2.303 R
kt
=
If we plot a graph between log [R]0/[R] vs t, (Fig. 3.5),
the slope = k/2.303
Hydrogenation of ethene is an example of first order reaction. C2H4(g) + H2 (g) ® C2H6(g)
Rate = k [C2H4]
All natural and artificial radioactive decay of unstable nuclei take
place by first order kinetics. * Refer to Appendix-IV for ln and log (logarithms). 3.4: A plot between ln[R] and t
for a first order reaction
Fig. 3.5: Plot of log [R]0/[R] vs time for a
first order reaction
Slope =
/2.303
k
log ([R /[R])
0]
Time
0
226
4
222
88
2
86
Ra
He
Rn


Rate = k [Ra]
Decomposition of N2O5 and N2O are some more examples of first
order reactions.",,True,,
f6361d72-d72e-4303-88f5-6b0e5720121a,Chemistry,CHEMISTRY-U05,0.3571,"The following solutions were prepared by dissolving
10 g of glucose (C6H12O6) in 250 ml of water (P1),
10 g of urea (CH4N2O) in 250 ml of water (P2) and
10 g of sucrose (C12H22O11) in 250 ml of
water (P3).  The right option for the decreasing
order of osmotic pressure of these solutions is :",A: P3 > P1 > P2 | B: P2 > P1 > P3 | C: P1 > P2 > P3 | D: P2 > P3 > P1,e8be1ff0-0428-475e-937b-58ff9810147e,PASSED,ncert-books-class-12-chemistry-chapter-1.pdf,16,"Boiling Point
Solution
Solution
Solution
Solution
Solution
Reprint 2024-25
17
Solutions
always higher than that of the boiling point of
the pure solvent in which the solution is prepared
as shown in Fig. Similar to lowering of vapour
pressure, the elevation of boiling point also
depends on the number of solute molecules
rather than their nature. Boiling Point
Solution
Solution
Solution
Solution
Solution
Reprint 2024-25
17
Solutions
always higher than that of the boiling point of
the pure solvent in which the solution is prepared
as shown in Fig. Similar to lowering of vapour
pressure, the elevation of boiling point also
depends on the number of solute molecules
rather than their nature. A solution of 1 mol of
sucrose in 1000 g of water boils at 373.52 K at
one atmospheric pressure. Let
0
b
T be the boiling point of pure solvent and
b
T be the boiling point of solution. The increase in
the boiling point
0
b
b
b



T
T
T is known as
elevation of boiling point. Experiments have shown that for dilute
solutions the elevation of boiling point (DTb) is
directly proportional to the molal concentration of
the solute in a solution. Thus
DTb µ m
(1.29)
or
DTb = Kb m
(1.30)
Here m (molality) is the number of moles of solute dissolved in 1 kg
of solvent and the constant of proportionality, Kb is called Boiling Point
Elevation Constant or Molal Elevation Constant (Ebullioscopic
Constant). Values of Kb for some common
solvents are given in Table 1.3.",,True,,
3b3665f1-235c-4b06-9d1e-4c01835de100,Chemistry,CHEMISTRY-U06,0.375,"Which one among the following is the correct option
for right relationship between CP and CV for one
mole of ideal gas ?",A: CP−CV=R | B: CP=RCV | C: CV=RCP | D: CP+CV=R,737768e3-2d0b-470f-966f-2423bb946a9c,PASSED,ncert-books-class-11-chemistry-chapter-6.pdf,7,"AND EQUILIBRIUM CONSTANT
A mixture of reactants and products in the
equilibrium state is called an equilibrium
mixture. In this section we shall address a
number of important questions about the
composition of equilibrium mixtures: What is
the relationship between the concentrations
of reactants and products in an equilibrium
mixture? AND EQUILIBRIUM CONSTANT
A mixture of reactants and products in the
equilibrium state is called an equilibrium
mixture. In this section we shall address a
number of important questions about the
composition of equilibrium mixtures: What is
the relationship between the concentrations
of reactants and products in an equilibrium
mixture? How can we determine equilibrium
concentrations from initial concentrations? What factors can be exploited to alter the
N
g
H
g
NH
g
2
2
3
3
2



2024-25
175
EQUILIBRIUM
composition of an equilibrium mixture? The
last question in particular is important when
choosing conditions for synthesis of industrial
chemicals such as H2, NH3, CaO etc. To answer these questions, let us consider
a general reversible reaction:
A + B
C + D
where A and B are the reactants, C and D
are the products in the balanced chemical
equation. On the basis of experimental studies
of many reversible reactions, the Norwegian
chemists Cato Maximillian Guldberg and
Peter Waage proposed in 1864 that the
concentrations in an equilibrium mixture
are related by the following equilibrium
equation,

Kc 

C D
A
B
(6.1)


(6.1) where Kc is the equilibrium constant and
the expression on the right side is called the
equilibrium constant expression. The equilibrium equation is also known as
the law of mass action because in the early
days of chemistry, concentration was called
""active mass"".",,True,,
a9c0e25d-8736-4a85-839f-f8d02dd8617b,Chemistry,BIOLOGY-U03,0.3846,"What is the IUPAC name of the organic compound
formed in the following chemical reaction ?
Acetone 
2
5
2
(i) C H MgBr  dry Ether
(ii) H O  H
,
,
→
+
 Product",A: pentan-3-ol | B: 2-methyl butan-2-ol | C: 2-methyl propan-2-ol | D: pentan-2-ol,d3ca01bf-0df4-4520-851d-85359143e1c0,PASSED,ncert-books-class-11-biology-chapter-9.pdf,10,"Let us first understand a chemical
reaction. Chemical compounds undergo two types of changes. Let us first understand a chemical
reaction. Chemical compounds undergo two types of changes. A physical
change simply refers to a change in shape without breaking of bonds. Another physical process is a change in state
of matter: when ice melts into water, or when water becomes a vapour. However, when bonds are broken and
new bonds are formed during transformation, this will be called a chemical
reaction. For example:
Ba(OH)2 + H2SO4 → BaSO4 + 2H2O
is an inorganic chemical reaction. Similarly, hydrolysis of starch into
glucose is an organic chemical reaction. Rate of a physical or chemical
process refers to the amount of product formed per unit time.",,True,,
781ea9f5-4ba2-4bc8-8c5d-fb2e040132c6,Chemistry,CHEMISTRY-U03,0.375,"Match List - I with List - II.
List - I
List - II
(a)
[Fe(CN)6]3−
(i)
5.92 BM
(b)
[Fe(H2O)6]3+
(ii)
0 BM
(c)
[Fe(CN)6]4−
(iii)
4.90 BM
(d)
[Fe(H2O)6]2+
(iv)
1.73 BM
Choose the correct answer from the  options given
below.","A: (a)-(i), (b)-(iii), (c)-(iv), (d)-(ii) | B: (a)-(iv), (b)-(i), (c)-(ii), (d)-(iii) | C: (a)-(iv), (b)-(ii), (c)-(i), (d)-(iii) | D: (a)-(ii), (b)-(iv), (c)-(iii), (d)-(i)",92d36751-337d-4242-ba78-5f5d1b9846bc,PASSED,ncert-books-class-11-chemistry-chapter-4.pdf,28,"Orbitals
We have seen that 1s atomic orbitals on two
atoms form two molecular orbitals designated
as σ1s and σ*1s. In the same manner, the 2s
and 2p atomic orbitals (eight atomic orbitals
2024-25
128
chemistry
Fig. Orbitals
We have seen that 1s atomic orbitals on two
atoms form two molecular orbitals designated
as σ1s and σ*1s. In the same manner, the 2s
and 2p atomic orbitals (eight atomic orbitals
2024-25
128
chemistry
Fig. 4.20 Contours and energies of bonding and antibonding molecular orbitals formed through
combinations of (a) 1s atomic orbitals; (b) 2pz atomic orbitals and (c) 2px atomic orbitals. on two atoms) give rise to the following eight
molecular orbitals:
Antibonding
MOs σ∗2s σ∗2pz π∗2px π∗2py
Bonding
MOs
σ2s
σ2pz
π2px
π2py
The energy levels of these molecular
orbitals have been determined experimentally
from spectroscopic data for homonuclear
diatomic molecules of second row elements
of the periodic table. The increasing order of
2024-25
129
Chemical Bonding And Molecular Structure
energies of various molecular orbitals for O2
and F2 is given below:
1s <  ∗1s <  2s <  ∗2s < 2pz < (π 2px=π 2py)
< (π ∗2px= π∗ 2py) <  ∗2pz
However, this sequence of energy levels
of molecular orbitals is not correct for the
remaining molecules Li2, Be2, B2, C2, N2. For
instance, it has been observed experimentally
that for molecules such as B2, C2, N2, etc. the increasing order of energies of various
molecular orbitals is
1s <  ∗1s < 2s <  ∗2s < (π 2 px = π 2 py)
< 2pz < (π ∗2px =π∗2py) <  ∗2pz
The important characteristic feature
of this order is that the energy of
2pz
molecular orbital is higher than that
of 2px and 2py molecular orbitals.",,True,,
7eefa61e-deb0-4e0e-a35c-bf2abdcc972f,Chemistry,CHEMISTRY-U03,0.4286,"The structures of beryllium chloride in solid state
and vapour phase, are :","A: Chain in both | B: Chain and dimer, respectively | C: Linear in both | D: Dimer and Linear, respectively",b41bd14d-b12a-4955-b0b9-1e9d9acdadf4,PASSED,ncert-books-class-11-chemistry-chapter-4.pdf,7,"From the Kössel and Lewis treatment of the
formation of an ionic bond, it follows that the
formation of ionic compounds would primarily
depend upon:
•
The ease of formation of the positive and
negative ions from the respective neutral
atoms;
•
The arrangement of the positive and
negative ions in the solid, that is, the
lattice of the crystalline compound. The formation of a positive ion involves
ionization, i.e., removal of electron(s) from
the neutral atom and that of the negative
ion involves  From the Kössel and Lewis treatment of the
formation of an ionic bond, it follows that the
formation of ionic compounds would primarily
depend upon:
•
The ease of formation of the positive and
negative ions from the respective neutral
atoms;
•
The arrangement of the positive and
negative ions in the solid, that is, the
lattice of the crystalline compound. The formation of a positive ion involves
ionization, i.e., removal of electron(s) from
the neutral atom and that of the negative
ion involves the addition of electron(s) to the
neutral atom. M(g) → M+(g) + e- ;

Ionization enthalpy
X(g) + e- → X - (g) ;
Electron gain enthalpy
M+(g) + X -(g) → MX(s)
The electron gain enthalpy, ∆egH, is the
enthalpy change (Unit 3), when a gas phase
atom in its ground state gains an electron. The electron gain process may be exothermic
or endothermic. The ionization, on the other
hand, is always endothermic. Electron
affinity, is the negative of the energy change
accompanying electron gain. Obviously ionic bonds will be formed
more easily between elements with
comparatively low ionization enthalpies
and elements with comparatively high
negative value of electron gain enthalpy. Most ionic compounds have cations
derived from metallic elements and anions
from non-metallic elements.",,True,,
60339daa-7baa-4dcc-bdcf-9613a4c4ec3e,Chemistry,CHEMISTRY-U05,0.4167,"The correct option for the value of vapour pressure
of a solution at 458C with benzene to octane in
molar ratio 3 : 2 is :
[At 458C vapour pressure of benzene is
280 mm Hg and that of octane is 420 mm Hg.
Assume Ideal gas]",A: 168 mm of Hg | B: 336 mm of Hg | C: 350 mm of Hg | D: 160 mm of Hg,ca250205-134f-4401-8843-1ced632068a9,PASSED,ncert-books-class-12-chemistry-chapter-1.pdf,15,"Lowering of
Vapour
Pressure
Reprint 2024-25
16
Chemistry
The expression on the left hand side of the equation as mentioned
earlier is called relative lowering of vapour pressure and is equal to
the mole fraction of the solute. The above equation can be written as:
0
1
1
0
1

p - p
p
=
2
1
2



n
n
n

2
2
1
2
since








n
x
n
n
(1.26)
Here n1 and n2 are the number of moles of solvent and solute
respectively present in the solution. Lowering of
Vapour
Pressure
Reprint 2024-25
16
Chemistry
The expression on the left hand side of the equation as mentioned
earlier is called relative lowering of vapour pressure and is equal to
the mole fraction of the solute. The above equation can be written as:
0
1
1
0
1

p - p
p
=
2
1
2



n
n
n

2
2
1
2
since








n
x
n
n
(1.26)
Here n1 and n2 are the number of moles of solvent and solute
respectively present in the solution. For dilute solutions n2 < < n1,
hence neglecting n2 in the denominator we have
0
1
1
0
1
p
p
p

=
2
1
n
n
(1.27)
or
0
1
1
0
1
-

p
p
p
=
2
1
2
1
w ×
× w
M
M
(1.28)
Here w1 and w2 are the masses and M1 and M2 are the molar masses
of the solvent and solute respectively. From this equation (1.28), knowing all other quantities, the molar
mass of solute (M2) can be calculated. Example 1.6
Example 1.6
Example 1.6
Example 1.6
Example 1.6
The vapour pressure of pure benzene at a certain temperature is 0.850
bar. A non-volatile, non-electrolyte solid weighing 0.5 g when added to
39.0 g of benzene (molar mass 78 g mol-1). Vapour pressure of the solution,
then, is 0.845 bar. What is the molar mass of the solid substance?",,True,,
55afbe06-3679-41ed-81f6-01dc78ebd03a,Chemistry,CHEMISTRY-U05,0.4167,"The correct option for the value of vapour pressure
of a solution at 458C with benzene to octane in
molar ratio 3 : 2 is :
[At 458C vapour pressure of benzene is
280 mm Hg and that of octane is 420 mm Hg.
Assume Ideal gas]",A: 336 mm of Hg | B: 350 mm of Hg | C: 160 mm of Hg | D: 168 mm of Hg,ca250205-134f-4401-8843-1ced632068a9,PASSED,ncert-books-class-12-chemistry-chapter-1.pdf,15,"Lowering of
Vapour
Pressure
Reprint 2024-25
16
Chemistry
The expression on the left hand side of the equation as mentioned
earlier is called relative lowering of vapour pressure and is equal to
the mole fraction of the solute. The above equation can be written as:
0
1
1
0
1

p - p
p
=
2
1
2



n
n
n

2
2
1
2
since








n
x
n
n
(1.26)
Here n1 and n2 are the number of moles of solvent and solute
respectively present in the solution. Lowering of
Vapour
Pressure
Reprint 2024-25
16
Chemistry
The expression on the left hand side of the equation as mentioned
earlier is called relative lowering of vapour pressure and is equal to
the mole fraction of the solute. The above equation can be written as:
0
1
1
0
1

p - p
p
=
2
1
2



n
n
n

2
2
1
2
since








n
x
n
n
(1.26)
Here n1 and n2 are the number of moles of solvent and solute
respectively present in the solution. For dilute solutions n2 < < n1,
hence neglecting n2 in the denominator we have
0
1
1
0
1
p
p
p

=
2
1
n
n
(1.27)
or
0
1
1
0
1
-

p
p
p
=
2
1
2
1
w ×
× w
M
M
(1.28)
Here w1 and w2 are the masses and M1 and M2 are the molar masses
of the solvent and solute respectively. From this equation (1.28), knowing all other quantities, the molar
mass of solute (M2) can be calculated. Example 1.6
Example 1.6
Example 1.6
Example 1.6
Example 1.6
The vapour pressure of pure benzene at a certain temperature is 0.850
bar. A non-volatile, non-electrolyte solid weighing 0.5 g when added to
39.0 g of benzene (molar mass 78 g mol-1). Vapour pressure of the solution,
then, is 0.845 bar. What is the molar mass of the solid substance?",,True,,
5f1d7574-b973-4653-9f96-cc04a03c2f27,Chemistry,BIOLOGY-U03,0.4444,"For a reaction A→B, enthalpy of reaction is
−4.2 kJ mol−1 and enthalpy of activation is
9.6 kJ mol−1.  The correct potential energy profile
for the reaction is shown in option.",A:  | B:  | C:  | D: ,28523909-c2e4-4c66-8c58-a031605f8a64,PASSED,ncert-books-class-11-biology-chapter-9.pdf,12,"Each enzyme (E) has a substrate (S) binding site in its molecule so that a
highly reactive enzyme-substrate complex (ES) is produced. This
complex is short-lived and dissociates into its product(s) P and the
unchanged enzyme with an intermediate formation of the enzyme-product
complex (EP). Each enzyme (E) has a substrate (S) binding site in its molecule so that a
highly reactive enzyme-substrate complex (ES) is produced. This
complex is short-lived and dissociates into its product(s) P and the
unchanged enzyme with an intermediate formation of the enzyme-product
complex (EP). The formation of the ES complex is essential for catalysis. E + S
ES 
→

EP 
→

E + P
The catalytic cycle of an enzyme action can be described in the following
steps:
1. First, the substrate binds to the active site of the enzyme, fitting
into the active site. The binding of the substrate induces the enzyme to alter its shape,
fitting more tightly around the substrate. The active site of the enzyme, now in close proximity of the
substrate breaks the chemical bonds of the substrate and the
new enzyme- product complex is formed. Activation energy
without enzyme
Potential Energy
Activation
energy with enzyme
Substrate (s)
Product (P)
Progress of reaction
Transition state
Figure 9.4 Concept of activation energy
2024-25
116
BIOLOGY
4.",,True,,
883268bf-331a-4318-a4cc-10ebbd6d1029,Chemistry,CHEMISTRY-U03,0.4286,"The structures of beryllium chloride in solid state
and vapour phase, are :","A: Chain and dimer, respectively | B: Linear in both | C: Dimer and Linear, respectively | D: Chain in both",b41bd14d-b12a-4955-b0b9-1e9d9acdadf4,PASSED,ncert-books-class-11-chemistry-chapter-4.pdf,7,"From the Kössel and Lewis treatment of the
formation of an ionic bond, it follows that the
formation of ionic compounds would primarily
depend upon:
•
The ease of formation of the positive and
negative ions from the respective neutral
atoms;
•
The arrangement of the positive and
negative ions in the solid, that is, the
lattice of the crystalline compound. The formation of a positive ion involves
ionization, i.e., removal of electron(s) from
the neutral atom and that of the negative
ion involves  From the Kössel and Lewis treatment of the
formation of an ionic bond, it follows that the
formation of ionic compounds would primarily
depend upon:
•
The ease of formation of the positive and
negative ions from the respective neutral
atoms;
•
The arrangement of the positive and
negative ions in the solid, that is, the
lattice of the crystalline compound. The formation of a positive ion involves
ionization, i.e., removal of electron(s) from
the neutral atom and that of the negative
ion involves the addition of electron(s) to the
neutral atom. M(g) → M+(g) + e- ;

Ionization enthalpy
X(g) + e- → X - (g) ;
Electron gain enthalpy
M+(g) + X -(g) → MX(s)
The electron gain enthalpy, ∆egH, is the
enthalpy change (Unit 3), when a gas phase
atom in its ground state gains an electron. The electron gain process may be exothermic
or endothermic. The ionization, on the other
hand, is always endothermic. Electron
affinity, is the negative of the energy change
accompanying electron gain. Obviously ionic bonds will be formed
more easily between elements with
comparatively low ionization enthalpies
and elements with comparatively high
negative value of electron gain enthalpy. Most ionic compounds have cations
derived from metallic elements and anions
from non-metallic elements.",,True,,
a7e68b89-b3aa-4aba-8710-bd28377ba3a4,Chemistry,CHEMISTRY-U06,0.4,"Choose the correct option for the total pressure
(in atm.) in a mixture of 4 g O2 and 2 g H2 confined
in a total volume of one litre at 08C is :
[Given R=0.082 L atm mol−1K−1, T=273 K]",A: 2.518 | B: 2.602 | C: 25.18 | D: 26.02,ac632402-a72e-44a1-ad79-0c81b1ad4cf4,PASSED,ncert-books-class-11-chemistry-chapter-6.pdf,19,"A pressure change obtained by changing the
volume can affect the yield of products in
case of a gaseous reaction where the total
number of moles of gaseous reactants and
total number of moles of gaseous products are
different. In applying Le Chatelier's principle
to a heterogeneous equilibrium the effect
of pressure changes on solids and liquids
can be ignored because the volume (and
concentration) of a solution/liquid is nearly
independent of pressure. A pressure change obtained by changing the
volume can affect the yield of products in
case of a gaseous reaction where the total
number of moles of gaseous reactants and
total number of moles of gaseous products are
different. In applying Le Chatelier's principle
to a heterogeneous equilibrium the effect
of pressure changes on solids and liquids
can be ignored because the volume (and
concentration) of a solution/liquid is nearly
independent of pressure. Consider the reaction,
CO(g) + 3H2(g)
CH4(g) + H2O(g)
Here, 4 mol of gaseous reactants (CO + 3H2)
become 2 mol of gaseous products (CH4 +
H2O). Suppose equilibrium mixture (for above
reaction) kept in a cylinder fitted with a piston
at constant temperature is compressed to
one half of its original volume. Then, total
pressure will be doubled (according to
pV = constant). The partial pressure and
therefore, concentration of reactants and
products have changed and the mixture is no
longer at equilibrium. The direction in which
the reaction goes to re-establish equilibrium
can be predicted by applying the Le Chatelier's
principle. Since pressure has doubled,
the equilibrium now shifts in the forward
direction, a direction in which the number
of moles of the gas or pressure decreases (we
know pressure is proportional to moles of the
gas).",,True,,
947c31b3-1823-4d6b-b1f2-ace4ea44bd39,Chemistry,CHEMISTRY-U03,0.4286,"The structures of beryllium chloride in solid state
and vapour phase, are :","A: Linear in both | B: Dimer and Linear, respectively | C: Chain in both | D: Chain and dimer, respectively",b41bd14d-b12a-4955-b0b9-1e9d9acdadf4,PASSED,ncert-books-class-11-chemistry-chapter-4.pdf,7,"From the Kössel and Lewis treatment of the
formation of an ionic bond, it follows that the
formation of ionic compounds would primarily
depend upon:
•
The ease of formation of the positive and
negative ions from the respective neutral
atoms;
•
The arrangement of the positive and
negative ions in the solid, that is, the
lattice of the crystalline compound. The formation of a positive ion involves
ionization, i.e., removal of electron(s) from
the neutral atom and that of the negative
ion involves  From the Kössel and Lewis treatment of the
formation of an ionic bond, it follows that the
formation of ionic compounds would primarily
depend upon:
•
The ease of formation of the positive and
negative ions from the respective neutral
atoms;
•
The arrangement of the positive and
negative ions in the solid, that is, the
lattice of the crystalline compound. The formation of a positive ion involves
ionization, i.e., removal of electron(s) from
the neutral atom and that of the negative
ion involves the addition of electron(s) to the
neutral atom. M(g) → M+(g) + e- ;

Ionization enthalpy
X(g) + e- → X - (g) ;
Electron gain enthalpy
M+(g) + X -(g) → MX(s)
The electron gain enthalpy, ∆egH, is the
enthalpy change (Unit 3), when a gas phase
atom in its ground state gains an electron. The electron gain process may be exothermic
or endothermic. The ionization, on the other
hand, is always endothermic. Electron
affinity, is the negative of the energy change
accompanying electron gain. Obviously ionic bonds will be formed
more easily between elements with
comparatively low ionization enthalpies
and elements with comparatively high
negative value of electron gain enthalpy. Most ionic compounds have cations
derived from metallic elements and anions
from non-metallic elements.",,True,,
e6b6bc2f-30ba-4db6-a2c3-509897e442b4,Chemistry,CHEMISTRY-U06,0.4,"Choose the correct option for the total pressure
(in atm.) in a mixture of 4 g O2 and 2 g H2 confined
in a total volume of one litre at 08C is :
[Given R=0.082 L atm mol−1K−1, T=273 K]",A: 2.518 | B: 2.602 | C: 25.18 | D: 26.02,ac632402-a72e-44a1-ad79-0c81b1ad4cf4,PASSED,ncert-books-class-11-chemistry-chapter-6.pdf,19,"A pressure change obtained by changing the
volume can affect the yield of products in
case of a gaseous reaction where the total
number of moles of gaseous reactants and
total number of moles of gaseous products are
different. In applying Le Chatelier's principle
to a heterogeneous equilibrium the effect
of pressure changes on solids and liquids
can be ignored because the volume (and
concentration) of a solution/liquid is nearly
independent of pressure. A pressure change obtained by changing the
volume can affect the yield of products in
case of a gaseous reaction where the total
number of moles of gaseous reactants and
total number of moles of gaseous products are
different. In applying Le Chatelier's principle
to a heterogeneous equilibrium the effect
of pressure changes on solids and liquids
can be ignored because the volume (and
concentration) of a solution/liquid is nearly
independent of pressure. Consider the reaction,
CO(g) + 3H2(g)
CH4(g) + H2O(g)
Here, 4 mol of gaseous reactants (CO + 3H2)
become 2 mol of gaseous products (CH4 +
H2O). Suppose equilibrium mixture (for above
reaction) kept in a cylinder fitted with a piston
at constant temperature is compressed to
one half of its original volume. Then, total
pressure will be doubled (according to
pV = constant). The partial pressure and
therefore, concentration of reactants and
products have changed and the mixture is no
longer at equilibrium. The direction in which
the reaction goes to re-establish equilibrium
can be predicted by applying the Le Chatelier's
principle. Since pressure has doubled,
the equilibrium now shifts in the forward
direction, a direction in which the number
of moles of the gas or pressure decreases (we
know pressure is proportional to moles of the
gas).",,True,,
2a4a4e74-b6f8-4c06-9730-f13fe9328955,Chemistry,PHYSICS-U15,0.4667,"A particular station of All India Radio, New Delhi,
broadcasts on a frequency of 1,368 kHz (kilohertz).
The wavelength of the electromagnetic radiation
emitted by the transmitter is : [speed of light,
c=3.0×108 ms−1]","A: 219.3 m | B: 219.2 m | C: 2192 m | D: 21.92 cm

<<<PAGE:14>>>
14
M6",fe48a7cc-2fa6-4d2f-83cc-1ea4ceb486a3,PASSED,ncert-book-class-12-physics-part-1-chapter-8.pdf,11,"They lie in the upper frequency range of the electromagnetic spectrum
and have wavelengths of from about 10-10m to less than 10-14m. This
high frequency radiation is produced in nuclear reactions and
also emitted by radioactive nuclei. They lie in the upper frequency range of the electromagnetic spectrum
and have wavelengths of from about 10-10m to less than 10-14m. This
high frequency radiation is produced in nuclear reactions and
also emitted by radioactive nuclei. They are used in medicine to destroy
cancer cells. Table 8.1 summarises different types of electromagnetic waves, their
production and detections. As mentioned earlier, the demarcation between
different regions is not sharp and there are overlaps. TABLE 8.1 DIFFERENT TYPES OF ELECTROMAGNETIC WAVES
Type
Wavelength range
Production
Detection
Radio
> 0.1 m
Rapid acceleration and
Receiver's aerials
decelerations of electrons
in aerials
Microwave
0.1m to 1 mm
Klystron valve or
Point contact diodes
magnetron valve
Infra-red
1mm to 700 nm
Vibration of atoms
Thermopiles
and molecules
Bolometer, Infrared
photographic film
Light
700 nm to 400 nm
Electrons in atoms emit
The eye
light when they move from
Photocells
one energy level to a
Photographic film
lower energy level
Ultraviolet
400 nm to 1nm
Inner shell electrons in
Photocells
atoms moving from one
Photographic film
energy level to a lower level
X-rays
1nm to 10-3 nm
X-ray tubes or inner shell
Photographic film
electrons
Geiger tubes
Ionisation chamber
Gamma rays
<10-3 nm
Radioactive decay of the
-do-
nucleus
2024-25
Physics
212
SUMMARY
1. Maxwell found an inconsistency in the Ampere's law and suggested the
existence of an additional current, called displacement current, to remove
this inconsistency. This displacement current is due to time-varying electric
field and is given by
0
d
d
di
t
Φ
ε
Ε
=
and acts as a source of magnetic field in exactly the same way as conduction
current.",,True,,
69b65f21-e7fd-4fdb-bf3a-da413ff5a692,Chemistry,PHYSICS-U15,0.4667,"A particular station of All India Radio, New Delhi,
broadcasts on a frequency of 1,368 kHz (kilohertz).
The wavelength of the electromagnetic radiation
emitted by the transmitter is : [speed of light,
c=3.0×108 ms−1]",A: 219.2 m | B: 2192 m | C: 21.92 cm | D: 219.3 m,fe48a7cc-2fa6-4d2f-83cc-1ea4ceb486a3,PASSED,ncert-book-class-12-physics-part-1-chapter-8.pdf,11,"They lie in the upper frequency range of the electromagnetic spectrum
and have wavelengths of from about 10-10m to less than 10-14m. This
high frequency radiation is produced in nuclear reactions and
also emitted by radioactive nuclei. They lie in the upper frequency range of the electromagnetic spectrum
and have wavelengths of from about 10-10m to less than 10-14m. This
high frequency radiation is produced in nuclear reactions and
also emitted by radioactive nuclei. They are used in medicine to destroy
cancer cells. Table 8.1 summarises different types of electromagnetic waves, their
production and detections. As mentioned earlier, the demarcation between
different regions is not sharp and there are overlaps. TABLE 8.1 DIFFERENT TYPES OF ELECTROMAGNETIC WAVES
Type
Wavelength range
Production
Detection
Radio
> 0.1 m
Rapid acceleration and
Receiver's aerials
decelerations of electrons
in aerials
Microwave
0.1m to 1 mm
Klystron valve or
Point contact diodes
magnetron valve
Infra-red
1mm to 700 nm
Vibration of atoms
Thermopiles
and molecules
Bolometer, Infrared
photographic film
Light
700 nm to 400 nm
Electrons in atoms emit
The eye
light when they move from
Photocells
one energy level to a
Photographic film
lower energy level
Ultraviolet
400 nm to 1nm
Inner shell electrons in
Photocells
atoms moving from one
Photographic film
energy level to a lower level
X-rays
1nm to 10-3 nm
X-ray tubes or inner shell
Photographic film
electrons
Geiger tubes
Ionisation chamber
Gamma rays
<10-3 nm
Radioactive decay of the
-do-
nucleus
2024-25
Physics
212
SUMMARY
1. Maxwell found an inconsistency in the Ampere's law and suggested the
existence of an additional current, called displacement current, to remove
this inconsistency. This displacement current is due to time-varying electric
field and is given by
0
d
d
di
t
Φ
ε
Ε
=
and acts as a source of magnetic field in exactly the same way as conduction
current.",,True,,
09f8ac96-85ea-4f01-9ab4-b62b9e2aa2a5,Chemistry,CHEMISTRY-U06,0.45,"Statement I :
Acid strength increases in the order given as
HF << HCl << HBr << HI.
Statement II :
As the size of the elements F, Cl, Br, I increases
down the group, the bond strength of HF, HCl,
HBr and HI decreases and so the acid strength
increases.
In the light of the above statements, choose the
correct answer from the options given below.","A: Statement I is correct but Statement II
is false. | B: Statement 
I 
is 
incorrect 
but
Statement II is true. | C: Both Statement I and Statement II are
true. | D: Both Statement I and Statement II are
false.",e85b8a08-6f6d-4d17-8bce-f97965bff532,PASSED,ncert-books-class-11-chemistry-chapter-6.pdf,32,"and Polyacidic Bases
Some of the acids like oxalic acid, sulphuric
acid and phosphoric acids have more than
one ionizable proton per molecule of the
acid. Such acids are known as polybasic or
polyprotic acids. and Polyacidic Bases
Some of the acids like oxalic acid, sulphuric
acid and phosphoric acids have more than
one ionizable proton per molecule of the
acid. Such acids are known as polybasic or
polyprotic acids. The ionization reactions for example for
a dibasic acid H2X are represented by the
equations:
H2X(aq)
H+(aq) + HX-(aq)
HX-(aq)
H+(aq) + X2-(aq)
And the corresponding equilibrium
constants are given below:
Ka1= {[H+][HX-]} / [H2X] and
2024-25
200
chemistry
Ka2 = {[H+][X2-]} / [HX-]
Here, Ka1and Ka2are called the first and second
ionization constants respectively of the acid H2
X. Similarly, for tribasic acids like H3PO4 we
have three ionization constants. The values
of the ionization constants for some common
polyprotic acids are given in Table 6.8. In general, when strength of H-A bond
decreases, that is, the energy required to break
the bond decreases, HA becomes a stronger
acid. Also, when the H-A bond becomes more
polar i.e., the electronegativity difference
between the atoms H and A increases and
there is marked charge separation, cleavage
of the bond becomes easier thereby increasing
the acidity. But it should be noted that while comparing
elements in the same group of the periodic
table, H-A bond strength is a more important
factor in determining acidity than its polar
nature.",,True,,
17181ac1-fb7b-4ed7-888c-157fe072f5ce,Chemistry,CHEMISTRY-U06,0.45,"Statement I :
Acid strength increases in the order given as
HF << HCl << HBr << HI.
Statement II :
As the size of the elements F, Cl, Br, I increases
down the group, the bond strength of HF, HCl,
HBr and HI decreases and so the acid strength
increases.
In the light of the above statements, choose the
correct answer from the options given below.","A: Statement 
I 
is 
incorrect 
but
Statement II is true. | B: Both Statement I and Statement II are
true. | C: Both Statement I and Statement II are
false. | D: Statement I is correct but Statement II
is false.",e85b8a08-6f6d-4d17-8bce-f97965bff532,PASSED,ncert-books-class-11-chemistry-chapter-6.pdf,32,"and Polyacidic Bases
Some of the acids like oxalic acid, sulphuric
acid and phosphoric acids have more than
one ionizable proton per molecule of the
acid. Such acids are known as polybasic or
polyprotic acids. and Polyacidic Bases
Some of the acids like oxalic acid, sulphuric
acid and phosphoric acids have more than
one ionizable proton per molecule of the
acid. Such acids are known as polybasic or
polyprotic acids. The ionization reactions for example for
a dibasic acid H2X are represented by the
equations:
H2X(aq)
H+(aq) + HX-(aq)
HX-(aq)
H+(aq) + X2-(aq)
And the corresponding equilibrium
constants are given below:
Ka1= {[H+][HX-]} / [H2X] and
2024-25
200
chemistry
Ka2 = {[H+][X2-]} / [HX-]
Here, Ka1and Ka2are called the first and second
ionization constants respectively of the acid H2
X. Similarly, for tribasic acids like H3PO4 we
have three ionization constants. The values
of the ionization constants for some common
polyprotic acids are given in Table 6.8. In general, when strength of H-A bond
decreases, that is, the energy required to break
the bond decreases, HA becomes a stronger
acid. Also, when the H-A bond becomes more
polar i.e., the electronegativity difference
between the atoms H and A increases and
there is marked charge separation, cleavage
of the bond becomes easier thereby increasing
the acidity. But it should be noted that while comparing
elements in the same group of the periodic
table, H-A bond strength is a more important
factor in determining acidity than its polar
nature.",,True,,
3e8ac98d-a2d0-45ae-b5b4-27f2b47aa760,Chemistry,CHEMISTRY-U06,0.45,"Statement I :
Acid strength increases in the order given as
HF << HCl << HBr << HI.
Statement II :
As the size of the elements F, Cl, Br, I increases
down the group, the bond strength of HF, HCl,
HBr and HI decreases and so the acid strength
increases.
In the light of the above statements, choose the
correct answer from the options given below.","A: Both Statement I and Statement II are
true. | B: Both Statement I and Statement II are
false. | C: Statement I is correct but Statement II
is false. | D: Statement 
I 
is 
incorrect 
but
Statement II is true.",e85b8a08-6f6d-4d17-8bce-f97965bff532,PASSED,ncert-books-class-11-chemistry-chapter-6.pdf,32,"and Polyacidic Bases
Some of the acids like oxalic acid, sulphuric
acid and phosphoric acids have more than
one ionizable proton per molecule of the
acid. Such acids are known as polybasic or
polyprotic acids. and Polyacidic Bases
Some of the acids like oxalic acid, sulphuric
acid and phosphoric acids have more than
one ionizable proton per molecule of the
acid. Such acids are known as polybasic or
polyprotic acids. The ionization reactions for example for
a dibasic acid H2X are represented by the
equations:
H2X(aq)
H+(aq) + HX-(aq)
HX-(aq)
H+(aq) + X2-(aq)
And the corresponding equilibrium
constants are given below:
Ka1= {[H+][HX-]} / [H2X] and
2024-25
200
chemistry
Ka2 = {[H+][X2-]} / [HX-]
Here, Ka1and Ka2are called the first and second
ionization constants respectively of the acid H2
X. Similarly, for tribasic acids like H3PO4 we
have three ionization constants. The values
of the ionization constants for some common
polyprotic acids are given in Table 6.8. In general, when strength of H-A bond
decreases, that is, the energy required to break
the bond decreases, HA becomes a stronger
acid. Also, when the H-A bond becomes more
polar i.e., the electronegativity difference
between the atoms H and A increases and
there is marked charge separation, cleavage
of the bond becomes easier thereby increasing
the acidity. But it should be noted that while comparing
elements in the same group of the periodic
table, H-A bond strength is a more important
factor in determining acidity than its polar
nature.",,True,,
f9b46b11-426b-4184-bfd0-aa4260bdbd7e,Chemistry,PHYSICS-U15,0.4667,"A particular station of All India Radio, New Delhi,
broadcasts on a frequency of 1,368 kHz (kilohertz).
The wavelength of the electromagnetic radiation
emitted by the transmitter is : [speed of light,
c=3.0×108 ms−1]",A: 219.3 m | B: 219.2 m | C: 2192 m | D: 21.92 cm,fe48a7cc-2fa6-4d2f-83cc-1ea4ceb486a3,PASSED,ncert-book-class-12-physics-part-1-chapter-8.pdf,11,"They lie in the upper frequency range of the electromagnetic spectrum
and have wavelengths of from about 10-10m to less than 10-14m. This
high frequency radiation is produced in nuclear reactions and
also emitted by radioactive nuclei. They lie in the upper frequency range of the electromagnetic spectrum
and have wavelengths of from about 10-10m to less than 10-14m. This
high frequency radiation is produced in nuclear reactions and
also emitted by radioactive nuclei. They are used in medicine to destroy
cancer cells. Table 8.1 summarises different types of electromagnetic waves, their
production and detections. As mentioned earlier, the demarcation between
different regions is not sharp and there are overlaps. TABLE 8.1 DIFFERENT TYPES OF ELECTROMAGNETIC WAVES
Type
Wavelength range
Production
Detection
Radio
> 0.1 m
Rapid acceleration and
Receiver's aerials
decelerations of electrons
in aerials
Microwave
0.1m to 1 mm
Klystron valve or
Point contact diodes
magnetron valve
Infra-red
1mm to 700 nm
Vibration of atoms
Thermopiles
and molecules
Bolometer, Infrared
photographic film
Light
700 nm to 400 nm
Electrons in atoms emit
The eye
light when they move from
Photocells
one energy level to a
Photographic film
lower energy level
Ultraviolet
400 nm to 1nm
Inner shell electrons in
Photocells
atoms moving from one
Photographic film
energy level to a lower level
X-rays
1nm to 10-3 nm
X-ray tubes or inner shell
Photographic film
electrons
Geiger tubes
Ionisation chamber
Gamma rays
<10-3 nm
Radioactive decay of the
-do-
nucleus
2024-25
Physics
212
SUMMARY
1. Maxwell found an inconsistency in the Ampere's law and suggested the
existence of an additional current, called displacement current, to remove
this inconsistency. This displacement current is due to time-varying electric
field and is given by
0
d
d
di
t
Φ
ε
Ε
=
and acts as a source of magnetic field in exactly the same way as conduction
current.",,True,,
12f82043-b0c0-46ce-b62d-a1229c455289,Chemistry,PHYSICS-U15,0.4667,"A particular station of All India Radio, New Delhi,
broadcasts on a frequency of 1,368 kHz (kilohertz).
The wavelength of the electromagnetic radiation
emitted by the transmitter is : [speed of light,
c=3.0×108 ms−1]",A: 21.92 cm | B: 219.3 m | C: 219.2 m | D: 2192 m,fe48a7cc-2fa6-4d2f-83cc-1ea4ceb486a3,PASSED,ncert-book-class-12-physics-part-1-chapter-8.pdf,11,"They lie in the upper frequency range of the electromagnetic spectrum
and have wavelengths of from about 10-10m to less than 10-14m. This
high frequency radiation is produced in nuclear reactions and
also emitted by radioactive nuclei. They lie in the upper frequency range of the electromagnetic spectrum
and have wavelengths of from about 10-10m to less than 10-14m. This
high frequency radiation is produced in nuclear reactions and
also emitted by radioactive nuclei. They are used in medicine to destroy
cancer cells. Table 8.1 summarises different types of electromagnetic waves, their
production and detections. As mentioned earlier, the demarcation between
different regions is not sharp and there are overlaps. TABLE 8.1 DIFFERENT TYPES OF ELECTROMAGNETIC WAVES
Type
Wavelength range
Production
Detection
Radio
> 0.1 m
Rapid acceleration and
Receiver's aerials
decelerations of electrons
in aerials
Microwave
0.1m to 1 mm
Klystron valve or
Point contact diodes
magnetron valve
Infra-red
1mm to 700 nm
Vibration of atoms
Thermopiles
and molecules
Bolometer, Infrared
photographic film
Light
700 nm to 400 nm
Electrons in atoms emit
The eye
light when they move from
Photocells
one energy level to a
Photographic film
lower energy level
Ultraviolet
400 nm to 1nm
Inner shell electrons in
Photocells
atoms moving from one
Photographic film
energy level to a lower level
X-rays
1nm to 10-3 nm
X-ray tubes or inner shell
Photographic film
electrons
Geiger tubes
Ionisation chamber
Gamma rays
<10-3 nm
Radioactive decay of the
-do-
nucleus
2024-25
Physics
212
SUMMARY
1. Maxwell found an inconsistency in the Ampere's law and suggested the
existence of an additional current, called displacement current, to remove
this inconsistency. This displacement current is due to time-varying electric
field and is given by
0
d
d
di
t
Φ
ε
Ε
=
and acts as a source of magnetic field in exactly the same way as conduction
current.",,True,,
32603ac8-91b8-4b3c-9879-aef1f199d194,Chemistry,CHEMISTRY-U06,0.45,"Statement I :
Acid strength increases in the order given as
HF << HCl << HBr << HI.
Statement II :
As the size of the elements F, Cl, Br, I increases
down the group, the bond strength of HF, HCl,
HBr and HI decreases and so the acid strength
increases.
In the light of the above statements, choose the
correct answer from the options given below.","A: Statement I is correct but Statement II
is false. | B: Statement 
I 
is 
incorrect 
but
Statement II is true. | C: Both Statement I and Statement II are
true. | D: Both Statement I and Statement II are
false.",e85b8a08-6f6d-4d17-8bce-f97965bff532,PASSED,ncert-books-class-11-chemistry-chapter-6.pdf,32,"and Polyacidic Bases
Some of the acids like oxalic acid, sulphuric
acid and phosphoric acids have more than
one ionizable proton per molecule of the
acid. Such acids are known as polybasic or
polyprotic acids. and Polyacidic Bases
Some of the acids like oxalic acid, sulphuric
acid and phosphoric acids have more than
one ionizable proton per molecule of the
acid. Such acids are known as polybasic or
polyprotic acids. The ionization reactions for example for
a dibasic acid H2X are represented by the
equations:
H2X(aq)
H+(aq) + HX-(aq)
HX-(aq)
H+(aq) + X2-(aq)
And the corresponding equilibrium
constants are given below:
Ka1= {[H+][HX-]} / [H2X] and
2024-25
200
chemistry
Ka2 = {[H+][X2-]} / [HX-]
Here, Ka1and Ka2are called the first and second
ionization constants respectively of the acid H2
X. Similarly, for tribasic acids like H3PO4 we
have three ionization constants. The values
of the ionization constants for some common
polyprotic acids are given in Table 6.8. In general, when strength of H-A bond
decreases, that is, the energy required to break
the bond decreases, HA becomes a stronger
acid. Also, when the H-A bond becomes more
polar i.e., the electronegativity difference
between the atoms H and A increases and
there is marked charge separation, cleavage
of the bond becomes easier thereby increasing
the acidity. But it should be noted that while comparing
elements in the same group of the periodic
table, H-A bond strength is a more important
factor in determining acidity than its polar
nature.",,True,,
6971e2c4-ef43-4027-a51a-2ffc35b445ee,Physics,PHYSICS-U01,0.25,"Column - I gives certain physical terms associated
with flow of current through a metallic conductor.
Column - II gives some mathematical relations
involving electrical quantities.  Match
Column - I and Column - II with appropriate
relations.
Column - I
Column - II
(A)
Drift Velocity
(P)
2
m
ne ρ
(B)
Electrical Resistivity
(Q)
nevd
(C)
Relaxation Period
(R)
eE
m τ
(D)
Current Density
(S)
E
J","A: (A)-(R), (B)-(S), (C)-(P), (D)-(Q) | B: (A)-(R), (B)-(S), (C)-(Q), (D)-(P) | C: (A)-(R), (B)-(P), (C)-(S), (D)-(Q) | D: (A)-(R), (B)-(Q), (C)-(S), (D)-(P)",f50452f2-63c3-41ae-a2a7-bb1b3445f58e,PASSED,ncert-books-class-11-physics-chapter-1.pdf,7,"FORMULAE
AND
DIMENSIONAL EQUATIONS
The expression which shows how and which of
the base quantities represent the dimensions
of a physical quantity is called the dimensional
formula of the given physical quantity. For
example, the dimensional formula of the volume
is [M° L3 T°], and that of speed or velocity is
[M° L T-1]. FORMULAE
AND
DIMENSIONAL EQUATIONS
The expression which shows how and which of
the base quantities represent the dimensions
of a physical quantity is called the dimensional
formula of the given physical quantity. For
example, the dimensional formula of the volume
is [M° L3 T°], and that of speed or velocity is
[M° L T-1]. Similarly, [M° L T-2] is the dimensional
formula of acceleration and [M L-3 T°] that of
mass density. An equation obtained by equating a physical
quantity with its dimensional formula is called
the dimensional equation of the physical
quantity. Thus, the dimensional equations are
the equations, which represent the dimensions
of a physical quantity in terms of the base
quantities. For example, the dimensional
equations of volume [V], speed [v], force [F ] and
mass density [ρ] may be expressed as
[V] = [M0 L3 T0]
[v] = [M0 L T-1]
[F] = [M L T-2]
[ρ] = [M L-3 T0]
The dimensional equation can be obtained
from the equation representing the relations
between the physical quantities. The
dimensional formulae of a large number and
wide variety of physical quantities, derived from
the equations representing the relationships
among other physical quantities and expressed
in terms of base quantities are given in
Appendix 9 for your guidance and ready
reference.",,True,,
5b68bfee-253f-4961-bf5f-dd21b089eb1b,Physics,CHEMISTRY-U02,0.2727,"Twenty seven drops of same size are charged at
220 V each.  They combine to form a bigger drop.
Calculate the potential of the bigger drop.",A: 1520 V | B: 1980 V | C: 660 V | D: 1320 V,b34d018a-6282-4663-9b8e-8e821c042130,PASSED,ncert-books-class-11-chemistry-chapter-2.pdf,4,"Observations obtained from the experiments
mentioned in the previous sections have
suggested that Dalton's indivisible atom is
composed of sub-atomic particles carrying
positive and negative charges. The major
problems before the scientists after the
discovery of sub-atomic particles were:
•
to account for the stability of atom,
•
to compare the behaviour of elements
in terms of both physical and chemical
properties,
Millikan's Oil Drop Method
In this method, oil droplets in the form of
mist, pr Observations obtained from the experiments
mentioned in the previous sections have
suggested that Dalton's indivisible atom is
composed of sub-atomic particles carrying
positive and negative charges. The major
problems before the scientists after the
discovery of sub-atomic particles were:
•
to account for the stability of atom,
•
to compare the behaviour of elements
in terms of both physical and chemical
properties,
Millikan's Oil Drop Method
In this method, oil droplets in the form of
mist, produced by the atomiser, were allowed
to enter through a tiny hole in the upper
plate of electrical condenser. The downward
motion of these droplets was viewed through
the telescope, equipped with a micrometer
eye piece. By measuring the rate of fall of
these droplets, Millikan was able to measure
the mass of oil droplets. The air inside the
chamber was ionized by passing a beam of
X-rays through it. The electrical charge on
these oil droplets was acquired by collisions
with gaseous ions. The fall of these charged
oil droplets can be retarded, accelerated or
made stationary depending upon the charge
on the droplets and the polarity and strength
of the voltage applied to the plate. By
carefully measuring the effects of electrical
field strength on the motion of oil droplets,
Millikan concluded that the magnitude of
electrical charge, q, on the droplets is always
an integral multiple of the electrical charge,
e, that is, q = n e, where n = 1, 2, 3...",,True,,
596e186a-45f5-42af-a869-6907c9bd9179,Physics,CHEMISTRY-U02,0.2727,"Twenty seven drops of same size are charged at
220 V each.  They combine to form a bigger drop.
Calculate the potential of the bigger drop.","A: 660 V | B: 1320 V | C: 1520 V | D: 1980 V

<<<PAGE:9>>>
9
M1",b34d018a-6282-4663-9b8e-8e821c042130,PASSED,ncert-books-class-11-chemistry-chapter-2.pdf,4,"Observations obtained from the experiments
mentioned in the previous sections have
suggested that Dalton's indivisible atom is
composed of sub-atomic particles carrying
positive and negative charges. The major
problems before the scientists after the
discovery of sub-atomic particles were:
•
to account for the stability of atom,
•
to compare the behaviour of elements
in terms of both physical and chemical
properties,
Millikan's Oil Drop Method
In this method, oil droplets in the form of
mist, pr Observations obtained from the experiments
mentioned in the previous sections have
suggested that Dalton's indivisible atom is
composed of sub-atomic particles carrying
positive and negative charges. The major
problems before the scientists after the
discovery of sub-atomic particles were:
•
to account for the stability of atom,
•
to compare the behaviour of elements
in terms of both physical and chemical
properties,
Millikan's Oil Drop Method
In this method, oil droplets in the form of
mist, produced by the atomiser, were allowed
to enter through a tiny hole in the upper
plate of electrical condenser. The downward
motion of these droplets was viewed through
the telescope, equipped with a micrometer
eye piece. By measuring the rate of fall of
these droplets, Millikan was able to measure
the mass of oil droplets. The air inside the
chamber was ionized by passing a beam of
X-rays through it. The electrical charge on
these oil droplets was acquired by collisions
with gaseous ions. The fall of these charged
oil droplets can be retarded, accelerated or
made stationary depending upon the charge
on the droplets and the polarity and strength
of the voltage applied to the plate. By
carefully measuring the effects of electrical
field strength on the motion of oil droplets,
Millikan concluded that the magnitude of
electrical charge, q, on the droplets is always
an integral multiple of the electrical charge,
e, that is, q = n e, where n = 1, 2, 3...",,True,,
03c64463-ced8-4f26-a06a-06c9541c06c4,Physics,PHYSICS-U01,0.25,"Column - I gives certain physical terms associated
with flow of current through a metallic conductor.
Column - II gives some mathematical relations
involving electrical quantities.  Match
Column - I and Column - II with appropriate
relations.
Column - I
Column - II
(A)
Drift Velocity
(P)
2
m
ne ρ
(B)
Electrical Resistivity
(Q)
nevd
(C)
Relaxation Period
(R)
eE
m τ
(D)
Current Density
(S)
E
J","A: (A)-(R), (B)-(S), (C)-(Q), (D)-(P) | B: (A)-(R), (B)-(P), (C)-(S), (D)-(Q) | C: (A)-(R), (B)-(Q), (C)-(S), (D)-(P) | D: (A)-(R), (B)-(S), (C)-(P), (D)-(Q)",f50452f2-63c3-41ae-a2a7-bb1b3445f58e,PASSED,ncert-books-class-11-physics-chapter-1.pdf,7,"FORMULAE
AND
DIMENSIONAL EQUATIONS
The expression which shows how and which of
the base quantities represent the dimensions
of a physical quantity is called the dimensional
formula of the given physical quantity. For
example, the dimensional formula of the volume
is [M° L3 T°], and that of speed or velocity is
[M° L T-1]. FORMULAE
AND
DIMENSIONAL EQUATIONS
The expression which shows how and which of
the base quantities represent the dimensions
of a physical quantity is called the dimensional
formula of the given physical quantity. For
example, the dimensional formula of the volume
is [M° L3 T°], and that of speed or velocity is
[M° L T-1]. Similarly, [M° L T-2] is the dimensional
formula of acceleration and [M L-3 T°] that of
mass density. An equation obtained by equating a physical
quantity with its dimensional formula is called
the dimensional equation of the physical
quantity. Thus, the dimensional equations are
the equations, which represent the dimensions
of a physical quantity in terms of the base
quantities. For example, the dimensional
equations of volume [V], speed [v], force [F ] and
mass density [ρ] may be expressed as
[V] = [M0 L3 T0]
[v] = [M0 L T-1]
[F] = [M L T-2]
[ρ] = [M L-3 T0]
The dimensional equation can be obtained
from the equation representing the relations
between the physical quantities. The
dimensional formulae of a large number and
wide variety of physical quantities, derived from
the equations representing the relationships
among other physical quantities and expressed
in terms of base quantities are given in
Appendix 9 for your guidance and ready
reference.",,True,,
dfaab284-ed52-4c96-940f-3c467792c9c7,Physics,PHYSICS-U04,0.2857,"Water falls from a height of 60 m at the rate of
15 kg/s to operate a turbine.  The losses due to
frictional force are 10% of the input energy.  How
much power is generated by the turbine ?
(g=10 m/s2)","A: 10.2 kW | B: 8.1 kW | C: 12.3 kW | D: 7.0 kW

<<<PAGE:4>>>
4
M1",dca4aebd-90e3-4543-b676-a90e91a5edad,PASSED,ncert-books-class-11-physics-chapter-5.pdf,13,"Often it is interesting to know not only the work
done on an object, but also the rate at which
this work is done. We say a person is physically
fit if he not only climbs four floors of a building
but climbs them fast. Often it is interesting to know not only the work
done on an object, but also the rate at which
this work is done. We say a person is physically
fit if he not only climbs four floors of a building
but climbs them fast. Power is defined as the
time rate at which work is done or energy is
transferred. The average power of a force is defined as the
ratio of the work, W, to the total time t taken
P
W
t
av =
The instantaneous power is defined as the
limiting value of the average power as time
interval approaches zero,
d
d
W
P
t
=
(5.20)
The work dW done by a force F for a displacement
dr is dW = F.dr. The instantaneous power can
also be expressed as
d
d
P
t
= F. r
= F.v
(5.21)
where v is the instantaneous velocity when the
force is F. Power, like work and energy, is a scalar
quantity. In the SI,
its unit is called a watt (W).",,True,,
425ec846-c294-438b-bfcb-18c2e6895fae,Physics,PHYSICS-U04,0.2857,"Water falls from a height of 60 m at the rate of
15 kg/s to operate a turbine.  The losses due to
frictional force are 10% of the input energy.  How
much power is generated by the turbine ?
(g=10 m/s2)",A: 8.1 kW | B: 12.3 kW | C: 7.0 kW | D: 10.2 kW,dca4aebd-90e3-4543-b676-a90e91a5edad,PASSED,ncert-books-class-11-physics-chapter-5.pdf,13,"Often it is interesting to know not only the work
done on an object, but also the rate at which
this work is done. We say a person is physically
fit if he not only climbs four floors of a building
but climbs them fast. Often it is interesting to know not only the work
done on an object, but also the rate at which
this work is done. We say a person is physically
fit if he not only climbs four floors of a building
but climbs them fast. Power is defined as the
time rate at which work is done or energy is
transferred. The average power of a force is defined as the
ratio of the work, W, to the total time t taken
P
W
t
av =
The instantaneous power is defined as the
limiting value of the average power as time
interval approaches zero,
d
d
W
P
t
=
(5.20)
The work dW done by a force F for a displacement
dr is dW = F.dr. The instantaneous power can
also be expressed as
d
d
P
t
= F. r
= F.v
(5.21)
where v is the instantaneous velocity when the
force is F. Power, like work and energy, is a scalar
quantity. In the SI,
its unit is called a watt (W).",,True,,
d2311a1f-44de-4ce6-9a74-10ec097638ca,Physics,CHEMISTRY-U02,0.2727,"Twenty seven drops of same size are charged at
220 V each.  They combine to form a bigger drop.
Calculate the potential of the bigger drop.",A: 1320 V | B: 1520 V | C: 1980 V | D: 660 V,b34d018a-6282-4663-9b8e-8e821c042130,PASSED,ncert-books-class-11-chemistry-chapter-2.pdf,4,"Observations obtained from the experiments
mentioned in the previous sections have
suggested that Dalton's indivisible atom is
composed of sub-atomic particles carrying
positive and negative charges. The major
problems before the scientists after the
discovery of sub-atomic particles were:
•
to account for the stability of atom,
•
to compare the behaviour of elements
in terms of both physical and chemical
properties,
Millikan's Oil Drop Method
In this method, oil droplets in the form of
mist, pr Observations obtained from the experiments
mentioned in the previous sections have
suggested that Dalton's indivisible atom is
composed of sub-atomic particles carrying
positive and negative charges. The major
problems before the scientists after the
discovery of sub-atomic particles were:
•
to account for the stability of atom,
•
to compare the behaviour of elements
in terms of both physical and chemical
properties,
Millikan's Oil Drop Method
In this method, oil droplets in the form of
mist, produced by the atomiser, were allowed
to enter through a tiny hole in the upper
plate of electrical condenser. The downward
motion of these droplets was viewed through
the telescope, equipped with a micrometer
eye piece. By measuring the rate of fall of
these droplets, Millikan was able to measure
the mass of oil droplets. The air inside the
chamber was ionized by passing a beam of
X-rays through it. The electrical charge on
these oil droplets was acquired by collisions
with gaseous ions. The fall of these charged
oil droplets can be retarded, accelerated or
made stationary depending upon the charge
on the droplets and the polarity and strength
of the voltage applied to the plate. By
carefully measuring the effects of electrical
field strength on the motion of oil droplets,
Millikan concluded that the magnitude of
electrical charge, q, on the droplets is always
an integral multiple of the electrical charge,
e, that is, q = n e, where n = 1, 2, 3...",,True,,
f59b06e8-1a22-4b42-98b3-243d464b744a,Physics,CHEMISTRY-U02,0.2727,"Twenty seven drops of same size are charged at
220 V each.  They combine to form a bigger drop.
Calculate the potential of the bigger drop.",A: 660 V | B: 1320 V | C: 1520 V | D: 1980 V,b34d018a-6282-4663-9b8e-8e821c042130,PASSED,ncert-books-class-11-chemistry-chapter-2.pdf,4,"Observations obtained from the experiments
mentioned in the previous sections have
suggested that Dalton's indivisible atom is
composed of sub-atomic particles carrying
positive and negative charges. The major
problems before the scientists after the
discovery of sub-atomic particles were:
•
to account for the stability of atom,
•
to compare the behaviour of elements
in terms of both physical and chemical
properties,
Millikan's Oil Drop Method
In this method, oil droplets in the form of
mist, pr Observations obtained from the experiments
mentioned in the previous sections have
suggested that Dalton's indivisible atom is
composed of sub-atomic particles carrying
positive and negative charges. The major
problems before the scientists after the
discovery of sub-atomic particles were:
•
to account for the stability of atom,
•
to compare the behaviour of elements
in terms of both physical and chemical
properties,
Millikan's Oil Drop Method
In this method, oil droplets in the form of
mist, produced by the atomiser, were allowed
to enter through a tiny hole in the upper
plate of electrical condenser. The downward
motion of these droplets was viewed through
the telescope, equipped with a micrometer
eye piece. By measuring the rate of fall of
these droplets, Millikan was able to measure
the mass of oil droplets. The air inside the
chamber was ionized by passing a beam of
X-rays through it. The electrical charge on
these oil droplets was acquired by collisions
with gaseous ions. The fall of these charged
oil droplets can be retarded, accelerated or
made stationary depending upon the charge
on the droplets and the polarity and strength
of the voltage applied to the plate. By
carefully measuring the effects of electrical
field strength on the motion of oil droplets,
Millikan concluded that the magnitude of
electrical charge, q, on the droplets is always
an integral multiple of the electrical charge,
e, that is, q = n e, where n = 1, 2, 3...",,True,,
6a241638-d650-4ec3-b6dc-abdffd5217e1,Physics,PHYSICS-U13,0.3333,"A uniform rod of length 200 cm and mass 500 g is
balanced on a wedge placed at 40 cm mark.  A
mass of 2 kg is suspended from the rod at 20 cm
and another unknown mass ‘m’ is suspended from
the rod at 160 cm mark as shown in the figure.
Find the value of ‘m’ such that the rod is in
equilibrium.  (g=10 m/s2)","A: 1 kg
6 | B: 1 kg
12 | C: 1 kg
2 | D: 1 kg
3",88217084-b7a6-47af-915a-9fcd3cef0b48,PASSED,ncert-book-class-12-physics-part-1-chapter-5.pdf,5,"(5.1), (5.2) and (5.3) with the corresponding equations
for electric dipole (Chapter 1), suggests that magnetic field at large
distances due to a bar magnet of magnetic moment m can be obtained
from the equation for electric field due to an electric dipole of dipole moment
p, by making the following replacements:
→
E
B ,
→
p
m ,
0
0
1
4
4
µ
ε
→
π
π
In particular, we can write down the equatorial field (BE) of a bar magnet
at a distance r, for r >> l, where l is the size of the magnet:
0
3
4
E
r
 (5.1), (5.2) and (5.3) with the corresponding equations
for electric dipole (Chapter 1), suggests that magnetic field at large
distances due to a bar magnet of magnetic moment m can be obtained
from the equation for electric field due to an electric dipole of dipole moment
p, by making the following replacements:
→
E
B ,
→
p
m ,
0
0
1
4
4
µ
ε
→
π
π
In particular, we can write down the equatorial field (BE) of a bar magnet
at a distance r, for r >> l, where l is the size of the magnet:
0
3
4
E
r
µ
= −
π
m
B
(5.4)
Likewise, the axial field (BA) of a bar magnet for r >> l is:
0
3
2
4
A
r
µ
=
π
m
B
(5.5)
2024-25
141
Magnetism and
Matter
Equation (5.5) is just Eq. Table 5.1 summarises
the analogy between electric and magnetic dipoles. Electrostatics
Magnetism
1/ε0
µ0
Dipole moment
p
m
Equatorial Field for a short dipole
-p/4πε0r 3
- µ0 m / 4π r 3
Axial Field for a short dipole
2p/4πε0r 3
µ0 2m / 4π r 3
External Field: torque
p × E
m × B
External Field: Energy
-p.E
-m.B
TABLE 5.1 THE DIPOLE ANALOGY
EXAMPLE 5.2
Example 5.2 Figure 5.4 shows a small magnetised needle P placed
at a point O. The arrow shows the direction of its magnetic moment. The other arrows show different positions (and orientations of the
magnetic moment) of another identical magnetised needle Q. (a) In which configuration the system is not in equilibrium? (b) In which configuration is the system in (i) stable, and (ii) unstable
equilibrium? (c) Which configuration corresponds to the lowest potential energy
among all the configurations shown?",,True,,
c49ba5cb-6115-45eb-8376-35821244aaf0,Physics,PHYSICS-U13,0.3158,"A uniform conducting wire of length 12a and
resistance ‘R’ is wound up as a current carrying
coil in the shape of,
(i)
an equilateral triangle of side ‘a’.
(ii)
a square of side ‘a’.
The magnetic dipole moments of the coil in each
case respectively are :",A: 3 Ia2 and 3 Ia2 | B: 3 Ia2 and Ia2 | C: 3 Ia2 and 4 Ia2 | D: 4 Ia2 and 3 Ia2,b708f117-77cc-4d71-943a-50e57b6715bd,PASSED,ncert-book-class-12-physics-part-1-chapter-4.pdf,4,"We can extend the analysis for force due to magnetic field on a single
moving charge to a straight rod carrying current. Consider a rod of a
uniform cross-sectional area A and length l. We can extend the analysis for force due to magnetic field on a single
moving charge to a straight rod carrying current. Consider a rod of a
uniform cross-sectional area A and length l. We shall assume one kind
of mobile carriers as in a conductor (here electrons). Let the number
density of these mobile charge carriers in it be n. Then the total number
of mobile charge carriers in it is nlA. For a steady current I in this
conducting rod, we may assume that each mobile carrier has an average
drift velocity vd (see Chapter 3). In the presence of an external magnetic
field B, the force on these carriers is:
F = (nlA)q vd ´´´´´ B
where q is the value of the charge on a carrier. Now nq vd is the current
density j and |(nq vd)|A is the current I (see Chapter 3 for the discussion
of current and current density).",,True,,
f6e456c5-6aa1-401b-930b-fb0ff3f4bd7a,Physics,PHYSICS-U13,0.3333,"A uniform rod of length 200 cm and mass 500 g is
balanced on a wedge placed at 40 cm mark.  A
mass of 2 kg is suspended from the rod at 20 cm
and another unknown mass ‘m’ is suspended from
the rod at 160 cm mark as shown in the figure.
Find the value of ‘m’ such that the rod is in
equilibrium.  (g=10 m/s2)","A: 1 kg
3 | B: 1 kg
6 | C: 1 kg
12 | D: 1 kg
2",88217084-b7a6-47af-915a-9fcd3cef0b48,PASSED,ncert-book-class-12-physics-part-1-chapter-5.pdf,5,"(5.1), (5.2) and (5.3) with the corresponding equations
for electric dipole (Chapter 1), suggests that magnetic field at large
distances due to a bar magnet of magnetic moment m can be obtained
from the equation for electric field due to an electric dipole of dipole moment
p, by making the following replacements:
→
E
B ,
→
p
m ,
0
0
1
4
4
µ
ε
→
π
π
In particular, we can write down the equatorial field (BE) of a bar magnet
at a distance r, for r >> l, where l is the size of the magnet:
0
3
4
E
r
 (5.1), (5.2) and (5.3) with the corresponding equations
for electric dipole (Chapter 1), suggests that magnetic field at large
distances due to a bar magnet of magnetic moment m can be obtained
from the equation for electric field due to an electric dipole of dipole moment
p, by making the following replacements:
→
E
B ,
→
p
m ,
0
0
1
4
4
µ
ε
→
π
π
In particular, we can write down the equatorial field (BE) of a bar magnet
at a distance r, for r >> l, where l is the size of the magnet:
0
3
4
E
r
µ
= −
π
m
B
(5.4)
Likewise, the axial field (BA) of a bar magnet for r >> l is:
0
3
2
4
A
r
µ
=
π
m
B
(5.5)
2024-25
141
Magnetism and
Matter
Equation (5.5) is just Eq. Table 5.1 summarises
the analogy between electric and magnetic dipoles. Electrostatics
Magnetism
1/ε0
µ0
Dipole moment
p
m
Equatorial Field for a short dipole
-p/4πε0r 3
- µ0 m / 4π r 3
Axial Field for a short dipole
2p/4πε0r 3
µ0 2m / 4π r 3
External Field: torque
p × E
m × B
External Field: Energy
-p.E
-m.B
TABLE 5.1 THE DIPOLE ANALOGY
EXAMPLE 5.2
Example 5.2 Figure 5.4 shows a small magnetised needle P placed
at a point O. The arrow shows the direction of its magnetic moment. The other arrows show different positions (and orientations of the
magnetic moment) of another identical magnetised needle Q. (a) In which configuration the system is not in equilibrium? (b) In which configuration is the system in (i) stable, and (ii) unstable
equilibrium? (c) Which configuration corresponds to the lowest potential energy
among all the configurations shown?",,True,,
3b87773e-0216-4461-ae9b-913532648a41,Physics,CHEMISTRY-U08,0.3,"The half-life of a radioactive nuclide is 100 hours.
The fraction of original activity that will remain
after 150 hours would be :","A: 2
3 | B: 2
3 2 | C: 1/2 | D: 1
2 2",ab48ffc8-9421-4aee-98f5-8950b0263d76,PASSED,ncert-books-class-12-chemistry-chapter-3.pdf,26,"Fill in the blanks in the following table:
Experiment
[A]/ mol L-1
[B]/ mol L-1
Initial rate/
mol L-1 min-1
I
0.1
0.1
2.0 × 10-2
II
-
0.2
4.0 × 10-2
III
0.4
0.4
-
IV
-
0.2
2.0 × 10-2
3.13 Calculate the half-life of a first order reaction from their rate constants given
below:
(i) 200 s-1
(ii) 2 min-1
(iii) 4 years-1
3.14 The half-life for radioactive decay of 14C is 5730 years. An archaeological
artifact containing wood had only 80% of the 14C found in a living tree. Fill in the blanks in the following table:
Experiment
[A]/ mol L-1
[B]/ mol L-1
Initial rate/
mol L-1 min-1
I
0.1
0.1
2.0 × 10-2
II
-
0.2
4.0 × 10-2
III
0.4
0.4
-
IV
-
0.2
2.0 × 10-2
3.13 Calculate the half-life of a first order reaction from their rate constants given
below:
(i) 200 s-1
(ii) 2 min-1
(iii) 4 years-1
3.14 The half-life for radioactive decay of 14C is 5730 years. An archaeological
artifact containing wood had only 80% of the 14C found in a living tree.",,True,,
7313f149-7bdb-4e17-aa12-c8174c2d2613,Physics,CHEMISTRY-U08,0.3,"The half-life of a radioactive nuclide is 100 hours.
The fraction of original activity that will remain
after 150 hours would be :","A: 2
3 | B: 2
3 2 | C: 1/2 | D: 1
2 2",ab48ffc8-9421-4aee-98f5-8950b0263d76,PASSED,ncert-books-class-12-chemistry-chapter-3.pdf,26,"Fill in the blanks in the following table:
Experiment
[A]/ mol L-1
[B]/ mol L-1
Initial rate/
mol L-1 min-1
I
0.1
0.1
2.0 × 10-2
II
-
0.2
4.0 × 10-2
III
0.4
0.4
-
IV
-
0.2
2.0 × 10-2
3.13 Calculate the half-life of a first order reaction from their rate constants given
below:
(i) 200 s-1
(ii) 2 min-1
(iii) 4 years-1
3.14 The half-life for radioactive decay of 14C is 5730 years. An archaeological
artifact containing wood had only 80% of the 14C found in a living tree. Fill in the blanks in the following table:
Experiment
[A]/ mol L-1
[B]/ mol L-1
Initial rate/
mol L-1 min-1
I
0.1
0.1
2.0 × 10-2
II
-
0.2
4.0 × 10-2
III
0.4
0.4
-
IV
-
0.2
2.0 × 10-2
3.13 Calculate the half-life of a first order reaction from their rate constants given
below:
(i) 200 s-1
(ii) 2 min-1
(iii) 4 years-1
3.14 The half-life for radioactive decay of 14C is 5730 years. An archaeological
artifact containing wood had only 80% of the 14C found in a living tree.",,True,,
66d073d2-1c92-4e40-a3c9-38df8d321d49,Physics,PHYSICS-U13,0.3333,"A uniform rod of length 200 cm and mass 500 g is
balanced on a wedge placed at 40 cm mark.  A
mass of 2 kg is suspended from the rod at 20 cm
and another unknown mass ‘m’ is suspended from
the rod at 160 cm mark as shown in the figure.
Find the value of ‘m’ such that the rod is in
equilibrium.  (g=10 m/s2)","A: 1  kg
6 | B: 1  kg
12 | C: 1 kg
2 | D: 1 kg
3",88217084-b7a6-47af-915a-9fcd3cef0b48,PASSED,ncert-book-class-12-physics-part-1-chapter-5.pdf,5,"(5.1), (5.2) and (5.3) with the corresponding equations
for electric dipole (Chapter 1), suggests that magnetic field at large
distances due to a bar magnet of magnetic moment m can be obtained
from the equation for electric field due to an electric dipole of dipole moment
p, by making the following replacements:
→
E
B ,
→
p
m ,
0
0
1
4
4
µ
ε
→
π
π
In particular, we can write down the equatorial field (BE) of a bar magnet
at a distance r, for r >> l, where l is the size of the magnet:
0
3
4
E
r
 (5.1), (5.2) and (5.3) with the corresponding equations
for electric dipole (Chapter 1), suggests that magnetic field at large
distances due to a bar magnet of magnetic moment m can be obtained
from the equation for electric field due to an electric dipole of dipole moment
p, by making the following replacements:
→
E
B ,
→
p
m ,
0
0
1
4
4
µ
ε
→
π
π
In particular, we can write down the equatorial field (BE) of a bar magnet
at a distance r, for r >> l, where l is the size of the magnet:
0
3
4
E
r
µ
= −
π
m
B
(5.4)
Likewise, the axial field (BA) of a bar magnet for r >> l is:
0
3
2
4
A
r
µ
=
π
m
B
(5.5)
2024-25
141
Magnetism and
Matter
Equation (5.5) is just Eq. Table 5.1 summarises
the analogy between electric and magnetic dipoles. Electrostatics
Magnetism
1/ε0
µ0
Dipole moment
p
m
Equatorial Field for a short dipole
-p/4πε0r 3
- µ0 m / 4π r 3
Axial Field for a short dipole
2p/4πε0r 3
µ0 2m / 4π r 3
External Field: torque
p × E
m × B
External Field: Energy
-p.E
-m.B
TABLE 5.1 THE DIPOLE ANALOGY
EXAMPLE 5.2
Example 5.2 Figure 5.4 shows a small magnetised needle P placed
at a point O. The arrow shows the direction of its magnetic moment. The other arrows show different positions (and orientations of the
magnetic moment) of another identical magnetised needle Q. (a) In which configuration the system is not in equilibrium? (b) In which configuration is the system in (i) stable, and (ii) unstable
equilibrium? (c) Which configuration corresponds to the lowest potential energy
among all the configurations shown?",,True,,
f55e44b4-952d-4630-928d-2d7ccce8d81f,Physics,PHYSICS-U15,0.3077,"In a potentiometer circuit a cell of EMF 1.5 V gives
balance point at 36 cm length of wire.  If another
cell of EMF 2.5 V replaces the first cell, then at
what length of the wire, the balance point occurs ?",A: 62 cm | B: 60 cm | C: 21.6 cm | D: 64 cm,92022549-f89b-44ea-b6c9-ade866dc7fc6,PASSED,ncert-book-class-12-physics-part-1-chapter-8.pdf,2,"We have seen in Chapter 4 that an electrical current
produces a magnetic field around it. Maxwell showed
that for logical consistency, a changing electric field must
also produce a magnetic field. We have seen in Chapter 4 that an electrical current
produces a magnetic field around it. Maxwell showed
that for logical consistency, a changing electric field must
also produce a magnetic field. This effect is of great
importance because it explains the existence of radio
waves, gamma rays and visible light, as well as all other
forms of electromagnetic waves. To see how a changing electric field gives rise to
a magnetic field, let us consider the process of
charging of a capacitor and apply Ampere's circuital
law given by (Chapter 4)
""B.dl = m0 i (t)
(8.1)
to find magnetic field at a point outside the capacitor. Figure 8.1(a) shows a parallel plate capacitor C which
is a part of circuit through which a time-dependent
current i (t) flows . Let us find the magnetic field at a
point such as P, in a region outside the parallel plate
capacitor. For this, we consider a plane circular loop of
radius r whose plane is perpendicular to the direction
of the current-carrying wire, and which is centred
symmetrically with respect to the wire [Fig. From
symmetry, the magnetic field is directed along the
circumference of the circular loop and is the same in
magnitude at all points on the loop so that if B is the
magnitude of the field, the left side of Eq.",,True,,
9c19cb5e-70d2-4c14-9d64-f16433f89b17,Physics,PHYSICS-U13,0.3333,"A uniform rod of length 200 cm and mass 500 g is
balanced on a wedge placed at 40 cm mark.  A
mass of 2 kg is suspended from the rod at 20 cm
and another unknown mass ‘m’ is suspended from
the rod at 160 cm mark as shown in the figure.
Find the value of ‘m’ such that the rod is in
equilibrium.  (g=10 m/s2)","A: 1 kg
3 | B: 1 kg
6 | C: 1 kg
12 | D: 1 kg
2",88217084-b7a6-47af-915a-9fcd3cef0b48,PASSED,ncert-book-class-12-physics-part-1-chapter-5.pdf,5,"(5.1), (5.2) and (5.3) with the corresponding equations
for electric dipole (Chapter 1), suggests that magnetic field at large
distances due to a bar magnet of magnetic moment m can be obtained
from the equation for electric field due to an electric dipole of dipole moment
p, by making the following replacements:
→
E
B ,
→
p
m ,
0
0
1
4
4
µ
ε
→
π
π
In particular, we can write down the equatorial field (BE) of a bar magnet
at a distance r, for r >> l, where l is the size of the magnet:
0
3
4
E
r
 (5.1), (5.2) and (5.3) with the corresponding equations
for electric dipole (Chapter 1), suggests that magnetic field at large
distances due to a bar magnet of magnetic moment m can be obtained
from the equation for electric field due to an electric dipole of dipole moment
p, by making the following replacements:
→
E
B ,
→
p
m ,
0
0
1
4
4
µ
ε
→
π
π
In particular, we can write down the equatorial field (BE) of a bar magnet
at a distance r, for r >> l, where l is the size of the magnet:
0
3
4
E
r
µ
= −
π
m
B
(5.4)
Likewise, the axial field (BA) of a bar magnet for r >> l is:
0
3
2
4
A
r
µ
=
π
m
B
(5.5)
2024-25
141
Magnetism and
Matter
Equation (5.5) is just Eq. Table 5.1 summarises
the analogy between electric and magnetic dipoles. Electrostatics
Magnetism
1/ε0
µ0
Dipole moment
p
m
Equatorial Field for a short dipole
-p/4πε0r 3
- µ0 m / 4π r 3
Axial Field for a short dipole
2p/4πε0r 3
µ0 2m / 4π r 3
External Field: torque
p × E
m × B
External Field: Energy
-p.E
-m.B
TABLE 5.1 THE DIPOLE ANALOGY
EXAMPLE 5.2
Example 5.2 Figure 5.4 shows a small magnetised needle P placed
at a point O. The arrow shows the direction of its magnetic moment. The other arrows show different positions (and orientations of the
magnetic moment) of another identical magnetised needle Q. (a) In which configuration the system is not in equilibrium? (b) In which configuration is the system in (i) stable, and (ii) unstable
equilibrium? (c) Which configuration corresponds to the lowest potential energy
among all the configurations shown?",,True,,
626bf32c-ab21-4dd4-8b26-3771e013afbc,Physics,PHYSICS-U11,0.3636,"The electron concentration in an n-type
semiconductor is the same as hole concentration
in a p-type semiconductor.  An external field
(electric) is applied across each of them.  Compare
the currents in them.","A: current in n-type=current in p-type. | B: current in p-type > current in n-type. | C: current in n-type > current in p-type. | D: No current will flow in p-type, current will
only flow in n-type.

<<<PAGE:6>>>
6
M4",0c54147b-1e2a-47c6-ba14-2cbc923c35d2,PASSED,ncert-book-class-12-physics-part-1-chapter-1.pdf,25,"In most molecules, the centres of positive charges and of negative charges*
lie at the same place. CO2 and
CH4 are of this type of molecules. In most molecules, the centres of positive charges and of negative charges*
lie at the same place. CO2 and
CH4 are of this type of molecules. However, they develop a dipole moment
when an electric field is applied. But in some molecules, the centres of
negative charges and of positive charges do not coincide. Therefore they
have a permanent electric dipole moment, even in the absence of an electric
field. Such molecules are called polar molecules. Water molecules, H2O,
is an example of this type. Various materials give rise to interesting
properties and important applications in the presence or absence of
electric field.",,True,,
9a6547ae-07ef-46b9-9c74-1c95e0a83f12,Physics,PHYSICS-U03,0.3636,"A ball of mass 0.15 kg is dropped from a height
10 m, strikes the ground and rebounds to the same
height.  The magnitude of impulse imparted to
the ball is (g=10 m/s2) nearly :",A: 0 kg m/s | B: 4.2 kg m/s | C: 2.1 kg m/s | D: 1.4 kg m/s,e9522782-9268-4959-9300-51711921519c,PASSED,ncert-books-class-11-physics-chapter-4.pdf,22,"string that goes over a frictionless pulley. Find the acceleration of the masses, and
the tension in the string when the masses are released. string that goes over a frictionless pulley. Find the acceleration of the masses, and
the tension in the string when the masses are released. 4.17 A nucleus is at rest in the laboratory frame of reference. Show that if it disintegrates
into two smaller nuclei the products must move in opposite directions. 4.18 Two billiard balls each of mass 0.05 kg moving in opposite directions with speed 6 m s-1
collide and rebound with the same speed. What is the impulse imparted to each ball due
to the other ? 4.19 A shell of mass 0.020 kg is fired by a gun of mass 100 kg. If the muzzle speed of the
shell is 80 m s-1, what is the recoil speed of the gun ?",,True,,
3a624f3b-fb26-48f6-8133-8bd1f4636825,Physics,PHYSICS-U10,0.3636,"A particle of mass ‘m’ is projected with a velocity
v=kVe(k < 1) from the surface of the earth.
(Ve=escape velocity)
The maximum height above the surface reached
by the particle is :","A: 2
R k
1
k
+ | B: 2
2
Rk
1
k
− | C: 2
k
R 1
k






− | D: 2
k
R 1
k






+

<<<PAGE:8>>>
8
O3",06d27155-3a6e-4cbe-97a8-d04dfd580366,PASSED,ncert-books-class-11-physics-chapter-13.pdf,17,"displacement function,
x(t) = A cos (ωt + φ ). If the initial (t = 0) position of the particle is 1 cm and its initial velocity is ω cm/s,
what are its amplitude and initial phase angle ? displacement function,
x(t) = A cos (ωt + φ ). If the initial (t = 0) position of the particle is 1 cm and its initial velocity is ω cm/s,
what are its amplitude and initial phase angle ? The angular frequency of the particle
is π s-1. If instead of the cosine function, we choose the sine function to describe the
SHM : x = B sin (ωt + α), what are the amplitude and initial phase of the particle
with the above initial conditions. 13.8 A spring balance has a scale that reads from 0 to 50 kg. A body suspended from this balance, when displaced and released, oscillates
with a period of 0.6 s. 13.9 A spring having with a spring constant 1200 N m-1 is mounted on a horizontal table
as shown in Fig. A mass of 3 kg is attached to the free end of the spring.",,True,,
e824ffb0-95e6-498c-8f1d-9f877446983b,Physics,CHEMISTRY-U07,0.375,"The effective resistance of a parallel connection that
consists of four wires of equal length, equal area of
cross-section and same material is 0.25 Ω.  What
will be the effective resistance if they are connected
in series ?",A: 1 Ω | B: 4 Ω | C: 0.25 Ω | D: 0.5 Ω,f8ba0ac6-ab64-49c5-ad68-0d5bfe4e33ef,PASSED,ncert-books-class-12-chemistry-chapter-2.pdf,10,"chemical
Cell and
Gibbs
Energy of
the Reaction
Calculate the equilibrium constant of the reaction:
Cu(s) + 2Ag+(aq) ® Cu2+(aq) + 2Ag(s)
(
)
o
cell
E
= 0.46 V
(
)
o
cell
E
= 0 059
2
. V log KC = 0.46 V or
log
KC =
0 46
2
0 059
. chemical
Cell and
Gibbs
Energy of
the Reaction
Calculate the equilibrium constant of the reaction:
Cu(s) + 2Ag+(aq) ® Cu2+(aq) + 2Ag(s)
(
)
o
cell
E
= 0.46 V
(
)
o
cell
E
= 0 059
2
. V log KC = 0.46 V or
log
KC =
0 46
2
0 059
. V
V
×
= 15.6
KC = 3.92 × 1015
Example 2.2
Example 2.2
Example 2.2
Example 2.2
Example 2.2
Solution
Solution
Solution
Solution
Solution
Reprint 2024-25
41
Electrochemistry
It is necessary to define a few terms before we consider the subject of
conductance of electricity through electrolytic solutions. The electrical
resistance is represented by the symbol 'R' and it is measured in ohm (W)
which in terms of SI base units is equal to (kg m2)/(S3 A2). It can be
measured with the help of a Wheatstone bridge with which you are
familiar from your study of physics. The electrical resistance of any object
is directly proportional to its length, l, and inversely proportional to its
area of cross section, A. That is,
R µ l
A or R = r l
A
(2.17)
The constant of proportionality, r (Greek, rho), is called resistivity
(specific resistance). Its SI units are ohm metre (W m) and quite often
its submultiple, ohm centimetre (W cm) is also used.",,True,,
2f874da6-2383-4ba3-91ec-13d4d23327af,Physics,PHYSICS-U03,0.3636,"A ball of mass 0.15 kg is dropped from a height
10 m, strikes the ground and rebounds to the same
height.  The magnitude of impulse imparted to
the ball is (g=10 m/s2) nearly :",A: 0 kg m/s | B: 4.2 kg m/s | C: 2.1 kg m/s | D: 1.4 kg m/s,e9522782-9268-4959-9300-51711921519c,PASSED,ncert-books-class-11-physics-chapter-4.pdf,22,"string that goes over a frictionless pulley. Find the acceleration of the masses, and
the tension in the string when the masses are released. string that goes over a frictionless pulley. Find the acceleration of the masses, and
the tension in the string when the masses are released. 4.17 A nucleus is at rest in the laboratory frame of reference. Show that if it disintegrates
into two smaller nuclei the products must move in opposite directions. 4.18 Two billiard balls each of mass 0.05 kg moving in opposite directions with speed 6 m s-1
collide and rebound with the same speed. What is the impulse imparted to each ball due
to the other ? 4.19 A shell of mass 0.020 kg is fired by a gun of mass 100 kg. If the muzzle speed of the
shell is 80 m s-1, what is the recoil speed of the gun ?",,True,,
26a0a78e-b12c-4c27-be12-8c29bc4d8fa2,Physics,PHYSICS-U03,0.3636,"A ball of mass 0.15 kg is dropped from a height
10 m, strikes the ground and rebounds to the same
height.  The magnitude of impulse imparted to
the ball is (g=10 m/s2) nearly :",A: 1.4 kg m/s | B: 0 kg m/s | C: 4.2 kg m/s | D: 2.1 kg m/s,e9522782-9268-4959-9300-51711921519c,PASSED,ncert-books-class-11-physics-chapter-4.pdf,22,"string that goes over a frictionless pulley. Find the acceleration of the masses, and
the tension in the string when the masses are released. string that goes over a frictionless pulley. Find the acceleration of the masses, and
the tension in the string when the masses are released. 4.17 A nucleus is at rest in the laboratory frame of reference. Show that if it disintegrates
into two smaller nuclei the products must move in opposite directions. 4.18 Two billiard balls each of mass 0.05 kg moving in opposite directions with speed 6 m s-1
collide and rebound with the same speed. What is the impulse imparted to each ball due
to the other ? 4.19 A shell of mass 0.020 kg is fired by a gun of mass 100 kg. If the muzzle speed of the
shell is 80 m s-1, what is the recoil speed of the gun ?",,True,,
9eb00bb2-5856-4539-ae7c-db3d74816e3f,Physics,CHEMISTRY-U09,0.3636,"A radioactive nucleus A
ZX  undergoes spontaneous
decay in the sequence
A
Z 1
Z 3
Z 2
ZX
B
C
D
−
−
−
→
→
→
, where Z is the
atomic number of element X.  The possible decay
particles in the sequence are :","A: β+, α, β− | B: β−, α, β+ | C: α, β−, β+ | D: α, β+, β−",b792a45f-1481-4040-a141-17a347a18200,PASSED,ncert-books-class-11-chemistry-chapter-3.pdf,5,"PRESENT FORM OF THE PERIODIC
TABLE
We must bear in mind that when Mendeleev
developed his Periodic Table, chemists
knew nothing about the internal structure
of atom. However, the beginning of the 20th
century witnessed profound developments
in theories about sub-atomic particles. PRESENT FORM OF THE PERIODIC
TABLE
We must bear in mind that when Mendeleev
developed his Periodic Table, chemists
knew nothing about the internal structure
of atom. However, the beginning of the 20th
century witnessed profound developments
in theories about sub-atomic particles. In
1913, the English physicist, Henry Moseley
observed regularities in the characteristic
X-ray spectra of the elements. A plot of

(where
is frequency of X-rays emitted)
against atomic number (Z) gave a straight
line and not the plot of
vs atomic mass. He thereby showed that the atomic number
is a more fundamental property of an element
than its atomic mass. Mendeleev's Periodic
Law was, therefore, accordingly modified. This
is known as the Modern Periodic Law and
can be stated as :
The physical and chemical properties
of the elements are periodic functions
of their atomic numbers. The Periodic Law revealed important
analogies among the 94 naturally occurring
elements (neptunium and plutonium like
actinium and protoactinium are also found
in pitch blende - an ore of uranium).",,True,,
ab7c1bb5-f234-47da-9570-4ca7a840eaf2,Physics,CHEMISTRY-U07,0.375,"The effective resistance of a parallel connection that
consists of four wires of equal length, equal area of
cross-section and same material is 0.25 Ω.  What
will be the effective resistance if they are connected
in series ?",A: 4 Ω | B: 0.25 Ω | C: 0.5 Ω | D: 1 Ω,f8ba0ac6-ab64-49c5-ad68-0d5bfe4e33ef,PASSED,ncert-books-class-12-chemistry-chapter-2.pdf,10,"chemical
Cell and
Gibbs
Energy of
the Reaction
Calculate the equilibrium constant of the reaction:
Cu(s) + 2Ag+(aq) ® Cu2+(aq) + 2Ag(s)
(
)
o
cell
E
= 0.46 V
(
)
o
cell
E
= 0 059
2
. V log KC = 0.46 V or
log
KC =
0 46
2
0 059
. chemical
Cell and
Gibbs
Energy of
the Reaction
Calculate the equilibrium constant of the reaction:
Cu(s) + 2Ag+(aq) ® Cu2+(aq) + 2Ag(s)
(
)
o
cell
E
= 0.46 V
(
)
o
cell
E
= 0 059
2
. V log KC = 0.46 V or
log
KC =
0 46
2
0 059
. V
V
×
= 15.6
KC = 3.92 × 1015
Example 2.2
Example 2.2
Example 2.2
Example 2.2
Example 2.2
Solution
Solution
Solution
Solution
Solution
Reprint 2024-25
41
Electrochemistry
It is necessary to define a few terms before we consider the subject of
conductance of electricity through electrolytic solutions. The electrical
resistance is represented by the symbol 'R' and it is measured in ohm (W)
which in terms of SI base units is equal to (kg m2)/(S3 A2). It can be
measured with the help of a Wheatstone bridge with which you are
familiar from your study of physics. The electrical resistance of any object
is directly proportional to its length, l, and inversely proportional to its
area of cross section, A. That is,
R µ l
A or R = r l
A
(2.17)
The constant of proportionality, r (Greek, rho), is called resistivity
(specific resistance). Its SI units are ohm metre (W m) and quite often
its submultiple, ohm centimetre (W cm) is also used.",,True,,
244c3b28-8246-4c93-ab04-6722e92cfcd4,Physics,PHYSICS-U10,0.4211,"A particle moving in a circle of radius R with a
uniform speed takes a time T to complete one
revolution.
If this particle were projected with the same speed
at an angle ‘θ’ to the horizontal, the maximum
height attained by it equals 4R.  The angle of
projection, θ, is then given by :","A: 1
2
2
1
2
R
cos
gT








−
π
θ= | B: 1
2
2
1
2
R
sin
gT








−
π
θ= | C: 1
2
2
1
2
2gT
sin
R








−
θ=
π | D: 1
2
2
1
2
gT
cos
R








−
θ=
π",60572d77-f15a-4702-b469-73845702a65d,PASSED,ncert-books-class-11-physics-chapter-13.pdf,8,"SIMPLE HARMONIC MOTION
The speed of a particle v in uniform circular
motion is its angular speed ω times the radius
of the circle A. v = ω A
(13.8)
The direction of velocity v at a time t is along
the tangent to the circle at the point where the
particle is located at that instant. SIMPLE HARMONIC MOTION
The speed of a particle v in uniform circular
motion is its angular speed ω times the radius
of the circle A. v = ω A
(13.8)
The direction of velocity v at a time t is along
the tangent to the circle at the point where the
particle is located at that instant. 13.11, it is clear that the velocity
of the projection particle P′ at time t is
v(t) = -ωA sin (ωt + φ ) (13.9)
where the negative sign shows that v (t) has a
direction opposite to the positive direction of
x-axis. (13.9) gives the instantaneous
velocity of a particle executing SHM, where
displacement is given by Eq. We can, of
course, obtain this equation without using
geometrical argument, directly by differentiating
(Eq. 13.4) with respect of t:
d
( )
d
v(t) =
x t
t
(13.10)
The method of reference circle can be similarly
used for obtaining instantaneous acceleration
of a particle undergoing SHM. We know that the
centripetal acceleration of a particle P in uniform
circular motion has a magnitude v2/A or ω2A,
and it is directed towards the centre i.e., the
direction is along PO. The instantaneous
acceleration of the projection particle P′ is then
(See Fig.",,True,,
a6f23f74-6292-4980-9147-fa2b4b68b89b,Physics,PHYSICS-U01,0.4444,"A screw gauge gives the following readings when
used to measure the diameter of a wire
Main scale reading : 0 mm
Circular scale reading : 52 divisions
Given that 1 mm on main scale corresponds to
100 divisions on the circular scale.  The diameter
of the wire from the above data is :",A: 0.26 cm | B: 0.052 cm | C: 0.52 cm | D: 0.026 cm,da5a988c-f410-47dd-b5c8-f0dd5989de83,PASSED,ncert-books-class-11-physics-chapter-1.pdf,11,"He makes 20 observations and finds that the average
width of the hair in the field of view of the microscope is 3.5 mm. What is the
estimate on the thickness of hair ? He makes 20 observations and finds that the average
width of the hair in the field of view of the microscope is 3.5 mm. What is the
estimate on the thickness of hair ? 1.8 Answer the following :
(a)You are given a thread and a metre scale. How will you estimate the diameter of
the thread ? (b)A screw gauge has a pitch of 1.0 mm and 200 divisions on the circular scale. Do
you think it is possible to increase the accuracy of the screw gauge arbitrarily by
increasing the number of divisions on the circular scale ? (c) The mean diameter of a thin brass rod is to be measured by vernier callipers. Why
is a
set of 100 measurements of the diameter expected to yield a more reliable
estimate than a set of 5 measurements only ?",,True,,
6274b455-8f1d-4c08-95fa-a986390d9d52,Physics,PHYSICS-U05,0.4444,"From a circular ring of mass ‘M’ and radius ‘R’ an
arc corresponding to a 908 sector is removed.  The
moment of inertia of the remaining part of the ring
about an axis passing through the centre of the
ring and perpendicular to the plane of the ring is
‘K’ times ‘MR2’.  Then the value of ‘K’ is :","A: 7
8 | B: 1
4 | C: 1
8 | D: 3
4",2a498b57-540a-453b-b56a-408c4045cdfc,PASSED,ncert-books-class-11-physics-chapter-6.pdf,25,"ABOUT A FIXED AXIS
We have already indicated the analogy between
rotational motion and translational motion. For
example, the angular velocity ωωωωω plays the same
role in rotation as the linear velocity v in
translation. ABOUT A FIXED AXIS
We have already indicated the analogy between
rotational motion and translational motion. For
example, the angular velocity ωωωωω plays the same
role in rotation as the linear velocity v in
translation. In doing so we shall restrict the discussion only
to rotation about fixed axis. This case of motion
involves only one degree of freedom, i.e., needs
only one independent variable to describe the
motion. This in translation corresponds to linear
Table 6.1 Moments of inertia of some regular shaped bodies about specific axes
Z
Body
Axis
Figure
I
(1)
Thin circular
Perpendicular to
M R 2
ring, radius R
plane, at centre
(2)
Thin circular
Diameter
M R2/2
ring, radius R
(3)
Thin rod,
Perpendicular to
M L2/12
length L
rod, at mid point
(4)
Circular disc,
Perpendicular to
M R2/2
radius R
disc at centre
(5)
Circular disc,
Diameter
M R2/4
radius R
(6)
Hollow cylinder,
Axis of cylinder
M R2
radius R
(7)
Solid cylinder,
Axis of cylinder
M R2/2
radius R
(8)
Solid sphere,
Diameter
2 M R2/5
radius R
2024-25
SYSTEMS OF PARTICLES AND ROTATIONAL MOTION
117
u
u
motion. This section is limited only to kinematics. We shall turn to dynamics in later sections. We recall that for specifying the angular
displacement of the rotating body we take any
particle like P (Fig.6.29) of the body.",,True,,
3c7828d5-3167-42bd-9ae4-ecb4323c87a0,Physics,PHYSICS-U01,0.4444,"A screw gauge gives the following readings when
used to measure the diameter of a wire
Main scale reading : 0 mm
Circular scale reading : 52 divisions
Given that 1 mm on main scale corresponds to
100 divisions on the circular scale.  The diameter
of the wire from the above data is :",A: 0.026 cm | B: 0.26 cm | C: 0.052 cm | D: 0.52 cm,da5a988c-f410-47dd-b5c8-f0dd5989de83,PASSED,ncert-books-class-11-physics-chapter-1.pdf,11,"He makes 20 observations and finds that the average
width of the hair in the field of view of the microscope is 3.5 mm. What is the
estimate on the thickness of hair ? He makes 20 observations and finds that the average
width of the hair in the field of view of the microscope is 3.5 mm. What is the
estimate on the thickness of hair ? 1.8 Answer the following :
(a)You are given a thread and a metre scale. How will you estimate the diameter of
the thread ? (b)A screw gauge has a pitch of 1.0 mm and 200 divisions on the circular scale. Do
you think it is possible to increase the accuracy of the screw gauge arbitrarily by
increasing the number of divisions on the circular scale ? (c) The mean diameter of a thin brass rod is to be measured by vernier callipers. Why
is a
set of 100 measurements of the diameter expected to yield a more reliable
estimate than a set of 5 measurements only ?",,True,,
fd4f80fc-5f50-43c2-a641-ee2707225d2c,Physics,PHYSICS-U04,0.4286,"A particle is released from height S from the
surface of the Earth.  At a certain height its kinetic
energy is three times its potential energy.  The
height from the surface of earth and the speed of
the particle at that instant are respectively :","A: S
3gS
 
4
2
, | B: S
3gS
 
4
2
, | C: 3gS
S  
4
2
, | D: 3gS
S  
2
2
,",b4a3d192-b472-4a9a-a094-437340945b90,PASSED,ncert-books-class-11-physics-chapter-5.pdf,3,"ENERGY: THE WORK-ENERGY THEOREM
The following relation for rectilinear motion under
constant acceleration a has been encountered
in Chapter 3,
v2 − u2 = 2 as
(5.2)
where u and v are the initial and final speeds
and s the distance traversed. Multiplying both
sides by m/2, we have
2
2
1
1
2
2
mv
mu
mas
Fs
−
=
=
(5.2a)
where the last step follows from Newton's Second
Law. ENERGY: THE WORK-ENERGY THEOREM
The following relation for rectilinear motion under
constant acceleration a has been encountered
in Chapter 3,
v2 − u2 = 2 as
(5.2)
where u and v are the initial and final speeds
and s the distance traversed. Multiplying both
sides by m/2, we have
2
2
1
1
2
2
mv
mu
mas
Fs
−
=
=
(5.2a)
where the last step follows from Newton's Second
Law. (5.2) to three
dimensions by employing vectors
v2 − u2 = 2 a.d
Here a and d are acceleration and displacement
vectors of the object respectively. Once again multiplying both sides by m/2 , we obtain
2
2
1
1
2
2
mv
mu
m
−
=
=
a.d
F.d
(5.2b)
The above equation provides a motivation for
the definitions of work and kinetic energy. The
left side of the equation is the difference in the
quantity 'half the mass times the square of the
speed' from its initial value to its final value. We
call each of these quantities the 'kinetic energy',
denoted by K. The right side is a product of the
displacement and the component of the force
along the displacement. This quantity is called
'work' and is denoted by W.",,True,,
c0ab870e-de04-448e-a114-e40aaee5ed58,Physics,PHYSICS-U10,0.4211,"A particle moving in a circle of radius R with a
uniform speed takes a time T to complete one
revolution.
If this particle were projected with the same speed
at an angle ‘θ’ to the horizontal, the maximum
height attained by it equals 4R.  The angle of
projection, θ, is then given by :","A: 1
2
2
1
2
gT
cos
R








−
θ=
π | B: 1
2
2
1
2
R
cos
gT








−
π
θ= | C: 1
2
2
1
2
R
sin
gT








−
π
θ= | D: 1
2
2
1
2
2gT
sin
R








−
θ=
π",60572d77-f15a-4702-b469-73845702a65d,PASSED,ncert-books-class-11-physics-chapter-13.pdf,8,"SIMPLE HARMONIC MOTION
The speed of a particle v in uniform circular
motion is its angular speed ω times the radius
of the circle A. v = ω A
(13.8)
The direction of velocity v at a time t is along
the tangent to the circle at the point where the
particle is located at that instant. SIMPLE HARMONIC MOTION
The speed of a particle v in uniform circular
motion is its angular speed ω times the radius
of the circle A. v = ω A
(13.8)
The direction of velocity v at a time t is along
the tangent to the circle at the point where the
particle is located at that instant. 13.11, it is clear that the velocity
of the projection particle P′ at time t is
v(t) = -ωA sin (ωt + φ ) (13.9)
where the negative sign shows that v (t) has a
direction opposite to the positive direction of
x-axis. (13.9) gives the instantaneous
velocity of a particle executing SHM, where
displacement is given by Eq. We can, of
course, obtain this equation without using
geometrical argument, directly by differentiating
(Eq. 13.4) with respect of t:
d
( )
d
v(t) =
x t
t
(13.10)
The method of reference circle can be similarly
used for obtaining instantaneous acceleration
of a particle undergoing SHM. We know that the
centripetal acceleration of a particle P in uniform
circular motion has a magnitude v2/A or ω2A,
and it is directed towards the centre i.e., the
direction is along PO. The instantaneous
acceleration of the projection particle P′ is then
(See Fig.",,True,,
f185365c-1eb9-457f-b0a5-2f60e3fd7a00,Physics,PHYSICS-U05,0.4444,"From a circular ring of mass ‘M’ and radius ‘R’ an
arc corresponding to a 908 sector is removed.  The
moment of inertia of the remaining part of the ring
about an axis passing through the centre of the
ring and perpendicular to the plane of the ring is
‘K’ times ‘MR2’.  Then the value of ‘K’ is :","A: 1
8 | B: 3
4 | C: 7
8 | D: 1
4",2a498b57-540a-453b-b56a-408c4045cdfc,PASSED,ncert-books-class-11-physics-chapter-6.pdf,25,"ABOUT A FIXED AXIS
We have already indicated the analogy between
rotational motion and translational motion. For
example, the angular velocity ωωωωω plays the same
role in rotation as the linear velocity v in
translation. ABOUT A FIXED AXIS
We have already indicated the analogy between
rotational motion and translational motion. For
example, the angular velocity ωωωωω plays the same
role in rotation as the linear velocity v in
translation. In doing so we shall restrict the discussion only
to rotation about fixed axis. This case of motion
involves only one degree of freedom, i.e., needs
only one independent variable to describe the
motion. This in translation corresponds to linear
Table 6.1 Moments of inertia of some regular shaped bodies about specific axes
Z
Body
Axis
Figure
I
(1)
Thin circular
Perpendicular to
M R 2
ring, radius R
plane, at centre
(2)
Thin circular
Diameter
M R2/2
ring, radius R
(3)
Thin rod,
Perpendicular to
M L2/12
length L
rod, at mid point
(4)
Circular disc,
Perpendicular to
M R2/2
radius R
disc at centre
(5)
Circular disc,
Diameter
M R2/4
radius R
(6)
Hollow cylinder,
Axis of cylinder
M R2
radius R
(7)
Solid cylinder,
Axis of cylinder
M R2/2
radius R
(8)
Solid sphere,
Diameter
2 M R2/5
radius R
2024-25
SYSTEMS OF PARTICLES AND ROTATIONAL MOTION
117
u
u
motion. This section is limited only to kinematics. We shall turn to dynamics in later sections. We recall that for specifying the angular
displacement of the rotating body we take any
particle like P (Fig.6.29) of the body.",,True,,
19f97d4f-a852-42dc-936a-658ea7ebe994,Physics,PHYSICS-U14,0.4118,"A series LCR circuit containing 5.0 H inductor,
80 µF capacitor and 40 Ω resistor is connected to
230 V variable frequency ac source.  The angular
frequencies of the source at which power
transferred to the circuit is half the power at the
resonant angular frequency are likely to be :","A: 42 rad/s and 58 rad/s | B: 25 rad/s and 75 rad/s | C: 50 rad/s and 25 rad/s | D: 46 rad/s and 54 rad/s

<<<PAGE:8>>>
8
P2",c8bea58d-56fb-48c5-9ed0-ec842e4bb0f9,PASSED,ncert-book-class-12-physics-part-1-chapter-7.pdf,5,"BY ROTATING VECTORS - PHASORS
In the previous section, we learnt that the current through a resistor is
in phase with the ac voltage. But this is not so in the case of an inductor,
a capacitor or a combination of these circuit elements. BY ROTATING VECTORS - PHASORS
In the previous section, we learnt that the current through a resistor is
in phase with the ac voltage. But this is not so in the case of an inductor,
a capacitor or a combination of these circuit elements. In order to show
phase relationship between voltage and current
in an ac circuit, we use the notion of phasors. The analysis of an ac circuit is facilitated by the
use of a phasor diagram. A phasor* is a vector
which rotates about the origin with angular
speed w, as shown in Fig. The vertical
components of phasors V and I represent the
sinusoidally varying quantities v and i. The
magnitudes of phasors V and I represent the
amplitudes or the peak values vm and im of these
oscillating quantities. Figure 7.4(a) shows the
voltage and current phasors and their
relationship at time t1 for the case of an ac source
connected to a resistor i.e., corresponding to the
circuit shown in Fig.",,True,,
08e4376c-3dbe-4ac7-8c85-9a1db320082c,Physics,CHEMISTRY-U02,0.4615,"An electromagnetic wave of wavelength ‘λ’ is
incident on a photosensitive surface of negligible
work function.  If ‘m’ mass is of photoelectron
emitted from the surface has de-Broglie wavelength
λd, then :","A: 2
d
2mc
h






λ=
λ | B: 2
d
2h
mc






λ=
λ | C: 2
d
2m
hc






λ=
λ | D: 2
d
2mc
h






λ =
λ",94c7fee0-99b2-441e-9f37-93f3e6c244f6,PASSED,ncert-books-class-11-chemistry-chapter-2.pdf,41,"(i) correspond to light of frequency 3×1015 Hz. 2.7 Calculate the wavelength, frequency and wavenumber of a light wave whose period
is 2.0 × 10-10 s. (i) correspond to light of frequency 3×1015 Hz. 2.7 Calculate the wavelength, frequency and wavenumber of a light wave whose period
is 2.0 × 10-10 s. 2.8 What is the number of photons of light with a wavelength of 4000 pm that provide
1J of energy? 2.9 A photon of wavelength 4 × 10-7 m strikes on metal surface, the work function
of the metal being 2.13 eV. Calculate (i) the energy of the photon (eV),
(ii) the kinetic energy of the emission, and (iii) the velocity of the photoelectron
(1 eV= 1.6020 × 10-19 J).",,True,,
4bde2147-8156-497c-8a54-3f84016d2939,Physics,PHYSICS-U11,0.4545,"Two charged spherical conductors of radius R1 and
R2 are connected by a wire.  Then the ratio of
surface charge densities of the spheres (σ1/σ2) is :","A: 2
1
R
R | B: 1
2
R
R





 | C: 2
2
1
2
R
R | D: 1
2
R
R",12ec20b9-524b-4642-8e8a-b4abc5e8e356,PASSED,ncert-book-class-12-physics-part-1-chapter-1.pdf,35,"Let s be the uniform surface charge density of a thin spherical shell of
radius R (Fig. The situation has obvious spherical symmetry. Let s be the uniform surface charge density of a thin spherical shell of
radius R (Fig. The situation has obvious spherical symmetry. The
field at any point P, outside or inside, can depend only on r (the radial
distance from the centre of the shell to the point) and must be radial (i.e.,
along the radius vector). (i) Field outside the shell: Consider a point P outside the
shell with radius vector r. To calculate E at P, we take the
Gaussian surface to be a sphere of radius r and with centre
O, passing through P. All points on this sphere are equivalent
relative to the given charged configuration. (That is what we
mean by spherical symmetry.) The electric field at each point
of the Gaussian surface, therefore, has the same magnitude
E and is along the radius vector at each point. Thus, E and
DS at every point are parallel and the flux through each
element is E DS.",,True,,
4c0f5fa0-1fb4-4f79-bce8-540827fa88c5,Physics,CHEMISTRY-U02,0.4615,"An electromagnetic wave of wavelength ‘λ’ is
incident on a photosensitive surface of negligible
work function.  If ‘m’ mass is of photoelectron
emitted from the surface has de-Broglie wavelength
λd, then :","A: 2
d
2mc
h






λ =
λ | B: 2
d
2mc
h






λ=
λ | C: 2
d
2h
mc






λ=
λ | D: 2
d
2m
hc






λ=
λ",94c7fee0-99b2-441e-9f37-93f3e6c244f6,PASSED,ncert-books-class-11-chemistry-chapter-2.pdf,41,"(i) correspond to light of frequency 3×1015 Hz. 2.7 Calculate the wavelength, frequency and wavenumber of a light wave whose period
is 2.0 × 10-10 s. (i) correspond to light of frequency 3×1015 Hz. 2.7 Calculate the wavelength, frequency and wavenumber of a light wave whose period
is 2.0 × 10-10 s. 2.8 What is the number of photons of light with a wavelength of 4000 pm that provide
1J of energy? 2.9 A photon of wavelength 4 × 10-7 m strikes on metal surface, the work function
of the metal being 2.13 eV. Calculate (i) the energy of the photon (eV),
(ii) the kinetic energy of the emission, and (iii) the velocity of the photoelectron
(1 eV= 1.6020 × 10-19 J).",,True,,
c0410faa-ad06-4d6e-adb0-115a8a87d375,Physics,CHEMISTRY-U02,0.4615,"An electromagnetic wave of wavelength ‘λ’ is
incident on a photosensitive surface of negligible
work function.  If ‘m’ mass is of photoelectron
emitted from the surface has de-Broglie wavelength
λd, then :","A: 2
d
2mc
h






λ=
λ | B: 2
d
2h
mc






λ=
λ | C: 2
d
2m
hc






λ=
λ | D: 2
d
2mc
h






λ =
λ

<<<PAGE:3>>>
3
O4",94c7fee0-99b2-441e-9f37-93f3e6c244f6,PASSED,ncert-books-class-11-chemistry-chapter-2.pdf,41,"(i) correspond to light of frequency 3×1015 Hz. 2.7 Calculate the wavelength, frequency and wavenumber of a light wave whose period
is 2.0 × 10-10 s. (i) correspond to light of frequency 3×1015 Hz. 2.7 Calculate the wavelength, frequency and wavenumber of a light wave whose period
is 2.0 × 10-10 s. 2.8 What is the number of photons of light with a wavelength of 4000 pm that provide
1J of energy? 2.9 A photon of wavelength 4 × 10-7 m strikes on metal surface, the work function
of the metal being 2.13 eV. Calculate (i) the energy of the photon (eV),
(ii) the kinetic energy of the emission, and (iii) the velocity of the photoelectron
(1 eV= 1.6020 × 10-19 J).",,True,,
14124287-38db-45f4-9334-c7162be48dd8,Physics,CHEMISTRY-U02,0.4615,"An electromagnetic wave of wavelength ‘λ’ is
incident on a photosensitive surface of negligible
work function.  If ‘m’ mass is of photoelectron
emitted from the surface has de-Broglie wavelength
λd, then :","A: 2
d
2m
hc






λ=
λ | B: 2
d
2mc
h






λ =
λ | C: 2
d
2mc
h






λ=
λ | D: 2
d
2h
mc






λ=
λ",94c7fee0-99b2-441e-9f37-93f3e6c244f6,PASSED,ncert-books-class-11-chemistry-chapter-2.pdf,41,"(i) correspond to light of frequency 3×1015 Hz. 2.7 Calculate the wavelength, frequency and wavenumber of a light wave whose period
is 2.0 × 10-10 s. (i) correspond to light of frequency 3×1015 Hz. 2.7 Calculate the wavelength, frequency and wavenumber of a light wave whose period
is 2.0 × 10-10 s. 2.8 What is the number of photons of light with a wavelength of 4000 pm that provide
1J of energy? 2.9 A photon of wavelength 4 × 10-7 m strikes on metal surface, the work function
of the metal being 2.13 eV. Calculate (i) the energy of the photon (eV),
(ii) the kinetic energy of the emission, and (iii) the velocity of the photoelectron
(1 eV= 1.6020 × 10-19 J).",,True,,
e7344aad-88a4-4dd2-89f3-0559dc822876,Physics,CHEMISTRY-U02,0.4615,"An electromagnetic wave of wavelength ‘λ’ is
incident on a photosensitive surface of negligible
work function.  If ‘m’ mass is of photoelectron
emitted from the surface has de-Broglie wavelength
λd, then :","A: 2
d
2mc
h






λ =
λ | B: 2
d
2mc
h






λ=
λ | C: 2
d
2h
mc






λ=
λ | D: 2
d
2m
hc






λ=
λ",94c7fee0-99b2-441e-9f37-93f3e6c244f6,PASSED,ncert-books-class-11-chemistry-chapter-2.pdf,41,"(i) correspond to light of frequency 3×1015 Hz. 2.7 Calculate the wavelength, frequency and wavenumber of a light wave whose period
is 2.0 × 10-10 s. (i) correspond to light of frequency 3×1015 Hz. 2.7 Calculate the wavelength, frequency and wavenumber of a light wave whose period
is 2.0 × 10-10 s. 2.8 What is the number of photons of light with a wavelength of 4000 pm that provide
1J of energy? 2.9 A photon of wavelength 4 × 10-7 m strikes on metal surface, the work function
of the metal being 2.13 eV. Calculate (i) the energy of the photon (eV),
(ii) the kinetic energy of the emission, and (iii) the velocity of the photoelectron
(1 eV= 1.6020 × 10-19 J).",,True,,
0ed0cdec-f926-49e4-9e42-e0171d3c91ae,Physics,PHYSICS-U11,0.4545,"Two charged spherical conductors of radius R1 and
R2 are connected by a wire.  Then the ratio of
surface charge densities of the spheres (σ1/σ2) is :","A: 2
2
1
2
R
R | B: 1
2
R
R | C: 2
1
R
R | D: 1
2
R
R







<<<PAGE:3>>>
3
P1",12ec20b9-524b-4642-8e8a-b4abc5e8e356,PASSED,ncert-book-class-12-physics-part-1-chapter-1.pdf,35,"Let s be the uniform surface charge density of a thin spherical shell of
radius R (Fig. The situation has obvious spherical symmetry. Let s be the uniform surface charge density of a thin spherical shell of
radius R (Fig. The situation has obvious spherical symmetry. The
field at any point P, outside or inside, can depend only on r (the radial
distance from the centre of the shell to the point) and must be radial (i.e.,
along the radius vector). (i) Field outside the shell: Consider a point P outside the
shell with radius vector r. To calculate E at P, we take the
Gaussian surface to be a sphere of radius r and with centre
O, passing through P. All points on this sphere are equivalent
relative to the given charged configuration. (That is what we
mean by spherical symmetry.) The electric field at each point
of the Gaussian surface, therefore, has the same magnitude
E and is along the radius vector at each point. Thus, E and
DS at every point are parallel and the flux through each
element is E DS.",,True,,
ba56d9f2-5f8c-4a2f-80b3-335982a1520f,Physics,CHEMISTRY-U02,0.4615,"An electromagnetic wave of wavelength ‘λ’ is
incident on a photosensitive surface of negligible
work function.  If ‘m’ mass is of photoelectron
emitted from the surface has de-Broglie wavelength
λd, then :","A: 2
d
2h
mc






λ=
λ | B: 2
d
2m
hc






λ=
λ | C: 2
d
2mc
h






λ =
λ | D: 2
d
2mc
h






λ=
λ",94c7fee0-99b2-441e-9f37-93f3e6c244f6,PASSED,ncert-books-class-11-chemistry-chapter-2.pdf,41,"(i) correspond to light of frequency 3×1015 Hz. 2.7 Calculate the wavelength, frequency and wavenumber of a light wave whose period
is 2.0 × 10-10 s. (i) correspond to light of frequency 3×1015 Hz. 2.7 Calculate the wavelength, frequency and wavenumber of a light wave whose period
is 2.0 × 10-10 s. 2.8 What is the number of photons of light with a wavelength of 4000 pm that provide
1J of energy? 2.9 A photon of wavelength 4 × 10-7 m strikes on metal surface, the work function
of the metal being 2.13 eV. Calculate (i) the energy of the photon (eV),
(ii) the kinetic energy of the emission, and (iii) the velocity of the photoelectron
(1 eV= 1.6020 × 10-19 J).",,True,,
e6a5c49a-0c84-4aa9-aacc-58f1b548a2a5,Zoology,CHEMISTRY-U15,0.2857,"Which of the following statements wrongly
represents the nature of smooth muscle ?","A: These muscle have no striations | B: They are involuntary muscles | C: Communication among the cells is
performed by intercalated discs | D: These muscles are present in the wall of
blood vessels",2b57c0ef-6c12-4281-961f-00bc1237c70b,PASSED,ncert-books-class-11-chemistry-chapter-9.pdf,30,"group in monosubstituted benzene
When monosubstituted benzene is subjected
to further substitution, three possible
disubstituted products are not formed in
equal amounts. Either ortho and para products or
meta product is predominantly formed. group in monosubstituted benzene
When monosubstituted benzene is subjected
to further substitution, three possible
disubstituted products are not formed in
equal amounts. Either ortho and para products or
meta product is predominantly formed. It
has also been observed that this behaviour
depends on the nature of the substituent
already present in the benzene ring and not
on the nature of the entering group. This is
known as directive influence of substituents. Reasons for ortho/para or meta directive
nature of groups are discussed below:
Ortho and para directing groups: The
groups which direct the incoming group to
ortho and para positions are called ortho and
para directing groups. As an example, let us
discuss the directive influence of phenolic
(-OH) group. Phenol is resonance hybrid of
following structures:
It is clear from the above resonating
structures that the electron density is more on
o - and p - positions. Hence, the substitution
takes place mainly at these positions.",,True,,
23965a19-121c-4017-9ae9-b8c162a2304a,Zoology,CHEMISTRY-U15,0.2857,"Which of the following statements wrongly
represents the nature of smooth muscle ?","A: These muscles are present in the wall of
blood vessels | B: These muscle have no striations | C: They are involuntary muscles | D: Communication among the cells is
performed by intercalated discs",2b57c0ef-6c12-4281-961f-00bc1237c70b,PASSED,ncert-books-class-11-chemistry-chapter-9.pdf,30,"group in monosubstituted benzene
When monosubstituted benzene is subjected
to further substitution, three possible
disubstituted products are not formed in
equal amounts. Either ortho and para products or
meta product is predominantly formed. group in monosubstituted benzene
When monosubstituted benzene is subjected
to further substitution, three possible
disubstituted products are not formed in
equal amounts. Either ortho and para products or
meta product is predominantly formed. It
has also been observed that this behaviour
depends on the nature of the substituent
already present in the benzene ring and not
on the nature of the entering group. This is
known as directive influence of substituents. Reasons for ortho/para or meta directive
nature of groups are discussed below:
Ortho and para directing groups: The
groups which direct the incoming group to
ortho and para positions are called ortho and
para directing groups. As an example, let us
discuss the directive influence of phenolic
(-OH) group. Phenol is resonance hybrid of
following structures:
It is clear from the above resonating
structures that the electron density is more on
o - and p - positions. Hence, the substitution
takes place mainly at these positions.",,True,,
39b7db93-0f21-4b17-baad-fbffec623c99,Zoology,CHEMISTRY-U08,0.25,"Which of the following is not a step in Multiple
Ovulation Embryo Transfer Technology
(MOET) ?","A: Fertilized eggs are transferred to surrogate
mothers at 8-32 cell stage | B: Cow is administered hormone having LH
like activity for super ovulation | C: Cow yields about 6-8 eggs at a time | D: Cow is fertilized by artificial insemination",8fb89203-4d6a-456b-a40c-e6e9c8d89e00,PASSED,ncert-books-class-12-chemistry-chapter-3.pdf,8,"Reaction
Calculate the overall order of a reaction which
has the rate expression
(a) Rate = k [A]1/2 [B]3/2
(b) Rate = k [A]3/2 [B]-1
(a) Rate = k [A]x [B]y
order = x + y
So order = 1/2 + 3/2 = 2, i.e., second order
(b) order = 3/2 + (-1) = 1/2, i.e., half order. Example 3.3
Example 3.3
Example 3.3
Example 3.3
Example 3.3
Solution
Solution
Solution
Solution
Solution
A balanced chemical equation never gives us a true picture of how
a reaction takes place since rarely a reaction gets completed in  Reaction
Calculate the overall order of a reaction which
has the rate expression
(a) Rate = k [A]1/2 [B]3/2
(b) Rate = k [A]3/2 [B]-1
(a) Rate = k [A]x [B]y
order = x + y
So order = 1/2 + 3/2 = 2, i.e., second order
(b) order = 3/2 + (-1) = 1/2, i.e., half order. Example 3.3
Example 3.3
Example 3.3
Example 3.3
Example 3.3
Solution
Solution
Solution
Solution
Solution
A balanced chemical equation never gives us a true picture of how
a reaction takes place since rarely a reaction gets completed in one
step. The reactions taking place in one step are called elementary
reactions. When a sequence of elementary reactions (called mechanism)
gives us the products, the reactions are called complex reactions. Reprint 2024-25
69
Chemical Kinetics
Example 3.4
Example 3.4
Example 3.4
Example 3.4
Example 3.4
Solution
Solution
Solution
Solution
Solution
These may be consecutive reactions (e.g., oxidation of ethane to CO2
and H2O passes through a series of intermediate steps in which alcohol,
aldehyde and acid are formed), reverse reactions and side reactions
(e.g., nitration of phenol yields o-nitrophenol and p-nitrophenol). Units of rate constant
For a general reaction
aA + bB ® cC + dD
Rate = k [A]
x [B]
y
Where x + y = n = order of the reaction
k =
x
Rate
[A] [B]y
(
)
(
)
=
n
concentration
1
=
×
where [A] [B]
time
concentration
Taking SI units of concentration, mol L
-1 and time, s, the units of
k for different reaction order are listed in Table 3.3
Table 3.3: Units of rate constant
Reaction
Order
Units of rate constant
Zero order reaction
0
(
)
1
1
1
0
1
mol L
1
mol L s
s
mol L
−
−
−
−
×
=
First order reaction
1
(
)
1
1
1
1
mol L
1
s
s
mol L
−
−
−
×
=
Second order reaction
2
(
)
1
1
1
2
1
mol L
1
mol L s
s
mol L
−
−
−
−
×
=
Identify the reaction order from each of the following rate constants. (i) k = 2.3 × 10-5 L mol-1 s-1
(ii) k = 3 × 10-4 s-1
(i) The unit of second order rate constant is L mol-1 s-1, therefore
k = 2.3 × 10-5 L mol-1 s-1 represents a second order reaction. (ii) The unit of a first order rate constant is s-1 therefore
k = 3 × 10-4 s-1 represents a first order reaction.",,True,,
2730c418-0763-434c-ae89-b2d2e39d2611,Zoology,CHEMISTRY-U03,0.25,"Which of the following is not an objective of
Biofortification in crops ?",A: Improve resistance to diseases | B: Improve vitamin content | C: Improve micronutrient and mineral content | D: Improve protein content,cf00d62a-9f1b-4544-9d7b-0c1e4c161990,PASSED,ncert-books-class-11-chemistry-chapter-4.pdf,4,"Molecules (the Lewis Structures)
The Lewis dot structures provide a picture
of bonding in molecules and ions in terms of
the shared pairs of electrons and the octet
rule. While such a picture may not explain
the bonding and behaviour of a molecule
completely, it does help in understanding the
formation and properties of a molecule to a
large extent. Molecules (the Lewis Structures)
The Lewis dot structures provide a picture
of bonding in molecules and ions in terms of
the shared pairs of electrons and the octet
rule. While such a picture may not explain
the bonding and behaviour of a molecule
completely, it does help in understanding the
formation and properties of a molecule to a
large extent. Writing of Lewis dot structures of
molecules is, therefore, very useful. The Lewis
dot structures can be written by adopting the
following steps:
•
The total number of electrons required
for writing the structures are obtained
by adding the valence electrons of the
combining atoms. For example, in the CH4
molecule there are eight valence electrons
available for bonding (4 from carbon and
4 from the four hydrogen atoms). •
For anions, each negative charge would
mean addition of one electron. For cations,
each positive charge would result in
subtraction of one electron from the total
number of valence electrons. For example,
for the CO3
2- ion, the two negative charges
indicate that there are two additional
electrons than those provided by the
neutral atoms.",,True,,
1a5b8e00-1e17-4874-ae12-f186e965b370,Zoology,CHEMISTRY-U03,0.25,"Which of the following is not an objective of
Biofortification in crops ?","A: Improve protein content | B: Improve resistance to diseases | C: Improve vitamin content | D: Improve micronutrient and mineral content

<<<PAGE:23>>>
23
M2",cf00d62a-9f1b-4544-9d7b-0c1e4c161990,PASSED,ncert-books-class-11-chemistry-chapter-4.pdf,4,"Molecules (the Lewis Structures)
The Lewis dot structures provide a picture
of bonding in molecules and ions in terms of
the shared pairs of electrons and the octet
rule. While such a picture may not explain
the bonding and behaviour of a molecule
completely, it does help in understanding the
formation and properties of a molecule to a
large extent. Molecules (the Lewis Structures)
The Lewis dot structures provide a picture
of bonding in molecules and ions in terms of
the shared pairs of electrons and the octet
rule. While such a picture may not explain
the bonding and behaviour of a molecule
completely, it does help in understanding the
formation and properties of a molecule to a
large extent. Writing of Lewis dot structures of
molecules is, therefore, very useful. The Lewis
dot structures can be written by adopting the
following steps:
•
The total number of electrons required
for writing the structures are obtained
by adding the valence electrons of the
combining atoms. For example, in the CH4
molecule there are eight valence electrons
available for bonding (4 from carbon and
4 from the four hydrogen atoms). •
For anions, each negative charge would
mean addition of one electron. For cations,
each positive charge would result in
subtraction of one electron from the total
number of valence electrons. For example,
for the CO3
2- ion, the two negative charges
indicate that there are two additional
electrons than those provided by the
neutral atoms.",,True,,
ec0bac17-9c75-4a0e-a880-6a429eaeac77,Zoology,CHEMISTRY-U08,0.25,"Which of the following is not a step in Multiple
Ovulation Embryo Transfer Technology
(MOET) ?","A: Fertilized eggs are transferred to surrogate
mothers at 8-32 cell stage | B: Cow is administered hormone having LH
like activity for super ovulation | C: Cow yields about 6-8 eggs at a time | D: Cow is fertilized by artificial insemination",8fb89203-4d6a-456b-a40c-e6e9c8d89e00,PASSED,ncert-books-class-12-chemistry-chapter-3.pdf,8,"Reaction
Calculate the overall order of a reaction which
has the rate expression
(a) Rate = k [A]1/2 [B]3/2
(b) Rate = k [A]3/2 [B]-1
(a) Rate = k [A]x [B]y
order = x + y
So order = 1/2 + 3/2 = 2, i.e., second order
(b) order = 3/2 + (-1) = 1/2, i.e., half order. Example 3.3
Example 3.3
Example 3.3
Example 3.3
Example 3.3
Solution
Solution
Solution
Solution
Solution
A balanced chemical equation never gives us a true picture of how
a reaction takes place since rarely a reaction gets completed in  Reaction
Calculate the overall order of a reaction which
has the rate expression
(a) Rate = k [A]1/2 [B]3/2
(b) Rate = k [A]3/2 [B]-1
(a) Rate = k [A]x [B]y
order = x + y
So order = 1/2 + 3/2 = 2, i.e., second order
(b) order = 3/2 + (-1) = 1/2, i.e., half order. Example 3.3
Example 3.3
Example 3.3
Example 3.3
Example 3.3
Solution
Solution
Solution
Solution
Solution
A balanced chemical equation never gives us a true picture of how
a reaction takes place since rarely a reaction gets completed in one
step. The reactions taking place in one step are called elementary
reactions. When a sequence of elementary reactions (called mechanism)
gives us the products, the reactions are called complex reactions. Reprint 2024-25
69
Chemical Kinetics
Example 3.4
Example 3.4
Example 3.4
Example 3.4
Example 3.4
Solution
Solution
Solution
Solution
Solution
These may be consecutive reactions (e.g., oxidation of ethane to CO2
and H2O passes through a series of intermediate steps in which alcohol,
aldehyde and acid are formed), reverse reactions and side reactions
(e.g., nitration of phenol yields o-nitrophenol and p-nitrophenol). Units of rate constant
For a general reaction
aA + bB ® cC + dD
Rate = k [A]
x [B]
y
Where x + y = n = order of the reaction
k =
x
Rate
[A] [B]y
(
)
(
)
=
n
concentration
1
=
×
where [A] [B]
time
concentration
Taking SI units of concentration, mol L
-1 and time, s, the units of
k for different reaction order are listed in Table 3.3
Table 3.3: Units of rate constant
Reaction
Order
Units of rate constant
Zero order reaction
0
(
)
1
1
1
0
1
mol L
1
mol L s
s
mol L
−
−
−
−
×
=
First order reaction
1
(
)
1
1
1
1
mol L
1
s
s
mol L
−
−
−
×
=
Second order reaction
2
(
)
1
1
1
2
1
mol L
1
mol L s
s
mol L
−
−
−
−
×
=
Identify the reaction order from each of the following rate constants. (i) k = 2.3 × 10-5 L mol-1 s-1
(ii) k = 3 × 10-4 s-1
(i) The unit of second order rate constant is L mol-1 s-1, therefore
k = 2.3 × 10-5 L mol-1 s-1 represents a second order reaction. (ii) The unit of a first order rate constant is s-1 therefore
k = 3 × 10-4 s-1 represents a first order reaction.",,True,,
cde7a297-e79a-498a-8092-8d3670a141ad,Zoology,CHEMISTRY-U03,0.25,"Which one of the following belongs to the family
Muscidae ?",A: Grasshopper | B: Cockroach | C: House fly | D: Fire fly,cf00d62a-9f1b-4544-9d7b-0c1e4c161990,PASSED,ncert-books-class-11-chemistry-chapter-4.pdf,4,"Molecules (the Lewis Structures)
The Lewis dot structures provide a picture
of bonding in molecules and ions in terms of
the shared pairs of electrons and the octet
rule. While such a picture may not explain
the bonding and behaviour of a molecule
completely, it does help in understanding the
formation and properties of a molecule to a
large extent. Molecules (the Lewis Structures)
The Lewis dot structures provide a picture
of bonding in molecules and ions in terms of
the shared pairs of electrons and the octet
rule. While such a picture may not explain
the bonding and behaviour of a molecule
completely, it does help in understanding the
formation and properties of a molecule to a
large extent. Writing of Lewis dot structures of
molecules is, therefore, very useful. The Lewis
dot structures can be written by adopting the
following steps:
•
The total number of electrons required
for writing the structures are obtained
by adding the valence electrons of the
combining atoms. For example, in the CH4
molecule there are eight valence electrons
available for bonding (4 from carbon and
4 from the four hydrogen atoms). •
For anions, each negative charge would
mean addition of one electron. For cations,
each positive charge would result in
subtraction of one electron from the total
number of valence electrons. For example,
for the CO3
2- ion, the two negative charges
indicate that there are two additional
electrons than those provided by the
neutral atoms.",,True,,
091eec4b-4b79-493f-83f9-a5ffced2c76f,Zoology,CHEMISTRY-U15,0.2857,"Which of the following statements wrongly
represents the nature of smooth muscle ?","A: These muscle have no striations | B: They are involuntary muscles | C: Communication among the cells is
performed by intercalated discs | D: These muscles are present in the wall of
blood vessels",2b57c0ef-6c12-4281-961f-00bc1237c70b,PASSED,ncert-books-class-11-chemistry-chapter-9.pdf,30,"group in monosubstituted benzene
When monosubstituted benzene is subjected
to further substitution, three possible
disubstituted products are not formed in
equal amounts. Either ortho and para products or
meta product is predominantly formed. group in monosubstituted benzene
When monosubstituted benzene is subjected
to further substitution, three possible
disubstituted products are not formed in
equal amounts. Either ortho and para products or
meta product is predominantly formed. It
has also been observed that this behaviour
depends on the nature of the substituent
already present in the benzene ring and not
on the nature of the entering group. This is
known as directive influence of substituents. Reasons for ortho/para or meta directive
nature of groups are discussed below:
Ortho and para directing groups: The
groups which direct the incoming group to
ortho and para positions are called ortho and
para directing groups. As an example, let us
discuss the directive influence of phenolic
(-OH) group. Phenol is resonance hybrid of
following structures:
It is clear from the above resonating
structures that the electron density is more on
o - and p - positions. Hence, the substitution
takes place mainly at these positions.",,True,,
e738c782-660c-4537-a4e0-b59665afe079,Zoology,BIOLOGY-U05,0.3333,"Persons with ‘AB’ blood group are called as
“Universal recipients”.  This is due to :","A: Presence of antibodies, anti-A and anti-B,
on RBCs | B: Absence of antibodies, anti-A and anti-B, in
plasma | C: Absence of antigens A and B on the surface
of RBCs | D: Absence of antigens A and B in plasma",4cab0d7a-e2a0-4914-8cb5-7620744b63a3,PASSED,ncert-books-class-11-biology-chapter-16.pdf,2,"In humans, the excretory system consists
of a pair of kidneys, one pair of ureters, a
urinary bladder and a urethra (Figure
16.1). Kidneys are reddish brown, bean
shaped structures situated between the
levels of last thoracic and third lumbar
vertebra close to the dorsal inner wall of
the abdominal cavity. In humans, the excretory system consists
of a pair of kidneys, one pair of ureters, a
urinary bladder and a urethra (Figure
16.1). Kidneys are reddish brown, bean
shaped structures situated between the
levels of last thoracic and third lumbar
vertebra close to the dorsal inner wall of
the abdominal cavity. Each kidney of an
adult human measures 10-12 cm in
length, 5-7 cm in width, 2-3 cm in
thickness with an average weight of 120-
170 g. Towards the centre of the inner
concave surface of the kidney is a notch
called hilum through which ureter, blood
vessels and nerves enter. Inner to the hilum
is a broad funnel shaped space called the
renal pelvis with projections called calyces. The outer layer of kidney is a tough
capsule. Inside the kidney, there are two
zones, an outer cortex and an inner
medulla. The medulla is divided into a few
conical masses (medullary pyramids)
projecting into the calyces (sing.: calyx).",,True,,
7dbb7970-75be-489d-88df-b12296b00bfa,Zoology,CHEMISTRY-U03,0.3333,Identify the incorrect pair.,"A: Alkaloids
-
Codeine | B: Toxin
-
Abrin | C: Lectins
-
Concanavalin A | D: Drugs
-
Ricin",e705b2b9-c36d-4090-8750-8cde0a20aa8c,PASSED,ncert-books-class-11-chemistry-chapter-4.pdf,3,"Langmuir (1919) refined the Lewis
postulations by abandoning the idea of
the stationary cubical arrangement of the
octet, and by introducing the term covalent
bond. The Lewis-Langmuir theory can be
understood by considering the formation of
the chlorine molecule, Cl2. Langmuir (1919) refined the Lewis
postulations by abandoning the idea of
the stationary cubical arrangement of the
octet, and by introducing the term covalent
bond. The Lewis-Langmuir theory can be
understood by considering the formation of
the chlorine molecule, Cl2. The Cl atom with
electronic configuration, [Ne]3s2 3p5, is one
electron short of the argon configuration. The formation of the Cl­2 molecule can be
understood in terms of the sharing of a pair
of electrons between the two chlorine atoms,
each chlorine atom contributing one electron
to the shared pair. In the process both
chlorine atoms attain the outer shell octet of
the nearest noble gas (i.e., argon). Such
structures are referred to as Lewis dot
structures. The Lewis dot structures can be written for
other molecules also, in which the combining
atoms may be identical or different. The
important conditions being that:
•
Each bond is formed as a result of sharing
of an electron pair between the atoms.",,True,,
901bc138-60f1-4af7-8448-378255428a87,Zoology,XII-BIO-01,0.3333,"In a cross between a male and female, both
heterozygous for sickle cell anaemia gene, what
percentage of the progeny will be diseased ?",A: 25% | B: 100% | C: 50% | D: 75%,8566b98c-d5bb-4152-a345-19af02146e6f,PASSED,ncert-books-class-12-biology-chapter-1.pdf,22,"Although seeds, in general are the products of fertilisation, a few flowering
plants such as some species of Asteraceae and grasses, have evolved a
special mechanism, to produce seeds without fertilisation, called apomixis. What is fruit production without fertilisation called? Although seeds, in general are the products of fertilisation, a few flowering
plants such as some species of Asteraceae and grasses, have evolved a
special mechanism, to produce seeds without fertilisation, called apomixis. What is fruit production without fertilisation called? Thus, apomixis is a
form of asexual reproduction that mimics sexual reproduction. There are
several ways of development of apomictic seeds. In some species, the
diploid egg cell is formed without reduction division and develops into
the embryo without fertilisation. More often, as in many Citrus and Mango
2024-25
23
HUMAN REPRODUCTION
SEXUAL REPRODUCTION IN FLOWERING PLANTS
SUMMARY
Flowers are the seat of sexual reproduction in angiosperms. In the flower,
androecium consisting of stamens represents the male reproductive
organs and gynoecium consisting of pistils represents the female
reproductive organs. A typical anther is bilobed, dithecous and tetrasporangiate.",,True,,
b962755a-ff02-4bb3-92c5-c09610d07d1a,Zoology,CHEMISTRY-U03,0.3333,Succus entericus is referred to as :,A: Intestinal juice | B: Gastric juice | C: Chyme | D: Pancreatic juice,e705b2b9-c36d-4090-8750-8cde0a20aa8c,PASSED,ncert-books-class-11-chemistry-chapter-4.pdf,3,"Langmuir (1919) refined the Lewis
postulations by abandoning the idea of
the stationary cubical arrangement of the
octet, and by introducing the term covalent
bond. The Lewis-Langmuir theory can be
understood by considering the formation of
the chlorine molecule, Cl2. Langmuir (1919) refined the Lewis
postulations by abandoning the idea of
the stationary cubical arrangement of the
octet, and by introducing the term covalent
bond. The Lewis-Langmuir theory can be
understood by considering the formation of
the chlorine molecule, Cl2. The Cl atom with
electronic configuration, [Ne]3s2 3p5, is one
electron short of the argon configuration. The formation of the Cl­2 molecule can be
understood in terms of the sharing of a pair
of electrons between the two chlorine atoms,
each chlorine atom contributing one electron
to the shared pair. In the process both
chlorine atoms attain the outer shell octet of
the nearest noble gas (i.e., argon). Such
structures are referred to as Lewis dot
structures. The Lewis dot structures can be written for
other molecules also, in which the combining
atoms may be identical or different. The
important conditions being that:
•
Each bond is formed as a result of sharing
of an electron pair between the atoms.",,True,,
32eba6ce-e1f9-46c7-bcad-b42b678da3d1,Zoology,CHEMISTRY-U03,0.3333,Identify the incorrect pair.,"A: Toxin
-
Abrin | B: Lectins
-
Concanavalin A | C: Drugs
-
Ricin | D: Alkaloids
-
Codeine",e705b2b9-c36d-4090-8750-8cde0a20aa8c,PASSED,ncert-books-class-11-chemistry-chapter-4.pdf,3,"Langmuir (1919) refined the Lewis
postulations by abandoning the idea of
the stationary cubical arrangement of the
octet, and by introducing the term covalent
bond. The Lewis-Langmuir theory can be
understood by considering the formation of
the chlorine molecule, Cl2. Langmuir (1919) refined the Lewis
postulations by abandoning the idea of
the stationary cubical arrangement of the
octet, and by introducing the term covalent
bond. The Lewis-Langmuir theory can be
understood by considering the formation of
the chlorine molecule, Cl2. The Cl atom with
electronic configuration, [Ne]3s2 3p5, is one
electron short of the argon configuration. The formation of the Cl­2 molecule can be
understood in terms of the sharing of a pair
of electrons between the two chlorine atoms,
each chlorine atom contributing one electron
to the shared pair. In the process both
chlorine atoms attain the outer shell octet of
the nearest noble gas (i.e., argon). Such
structures are referred to as Lewis dot
structures. The Lewis dot structures can be written for
other molecules also, in which the combining
atoms may be identical or different. The
important conditions being that:
•
Each bond is formed as a result of sharing
of an electron pair between the atoms.",,True,,
2bb79487-65f9-4a05-81e7-af9674b602b1,Zoology,CHEMISTRY-U03,0.3333,Sphincter of oddi is present at :,"A: Ileo-caecal junction | B: Junction of hepato-pancreatic duct and
duodenum | C: Gastro-oesophageal junction | D: Junction of jejunum and duodenum",0e039a0a-8e14-44bc-ba2f-8b7b2eee5c90,PASSED,ncert-books-class-11-chemistry-chapter-4.pdf,19,"In the formation of hydrogen molecule,
there is a minimum energy state when two
hydrogen atoms are so near that their atomic
orbitals undergo partial interpenetration. This
partial merging of atomic orbitals is called
overlapping of atomic orbitals which results in
the pairing of electrons. In the formation of hydrogen molecule,
there is a minimum energy state when two
hydrogen atoms are so near that their atomic
orbitals undergo partial interpenetration. This
partial merging of atomic orbitals is called
overlapping of atomic orbitals which results in
the pairing of electrons. The extent of overlap
decides the strength of a covalent bond. In
general, greater the overlap the stronger is the
bond formed between two atoms. Therefore,
according to orbital overlap concept, the
formation of a covalent bond between two
atoms results by pairing of electrons present
in the valence shell having opposite spins. 4.8
The potential energy curve for the
formation of H2 molecule as a function
of internuclear distance of the H atoms. The minimum in the curve corresponds
to the most stable state of H2. 2024-25
119
Chemical Bonding And Molecular Structure",,True,,
9887cf87-01aa-4839-b0e4-f01e99534eb6,Zoology,CHEMISTRY-U03,0.3333,Succus entericus is referred to as :,A: Intestinal juice | B: Gastric juice | C: Chyme | D: Pancreatic juice,e705b2b9-c36d-4090-8750-8cde0a20aa8c,PASSED,ncert-books-class-11-chemistry-chapter-4.pdf,3,"Langmuir (1919) refined the Lewis
postulations by abandoning the idea of
the stationary cubical arrangement of the
octet, and by introducing the term covalent
bond. The Lewis-Langmuir theory can be
understood by considering the formation of
the chlorine molecule, Cl2. Langmuir (1919) refined the Lewis
postulations by abandoning the idea of
the stationary cubical arrangement of the
octet, and by introducing the term covalent
bond. The Lewis-Langmuir theory can be
understood by considering the formation of
the chlorine molecule, Cl2. The Cl atom with
electronic configuration, [Ne]3s2 3p5, is one
electron short of the argon configuration. The formation of the Cl­2 molecule can be
understood in terms of the sharing of a pair
of electrons between the two chlorine atoms,
each chlorine atom contributing one electron
to the shared pair. In the process both
chlorine atoms attain the outer shell octet of
the nearest noble gas (i.e., argon). Such
structures are referred to as Lewis dot
structures. The Lewis dot structures can be written for
other molecules also, in which the combining
atoms may be identical or different. The
important conditions being that:
•
Each bond is formed as a result of sharing
of an electron pair between the atoms.",,True,,
7c7016ae-f33c-455c-bb2a-4fdbbe7400f4,Zoology,CHEMISTRY-U03,0.3333,Identify the incorrect pair.,"A: Toxin
-
Abrin | B: Lectins
-
Concanavalin A | C: Drugs
-
Ricin | D: Alkaloids
-
Codeine",e705b2b9-c36d-4090-8750-8cde0a20aa8c,PASSED,ncert-books-class-11-chemistry-chapter-4.pdf,3,"Langmuir (1919) refined the Lewis
postulations by abandoning the idea of
the stationary cubical arrangement of the
octet, and by introducing the term covalent
bond. The Lewis-Langmuir theory can be
understood by considering the formation of
the chlorine molecule, Cl2. Langmuir (1919) refined the Lewis
postulations by abandoning the idea of
the stationary cubical arrangement of the
octet, and by introducing the term covalent
bond. The Lewis-Langmuir theory can be
understood by considering the formation of
the chlorine molecule, Cl2. The Cl atom with
electronic configuration, [Ne]3s2 3p5, is one
electron short of the argon configuration. The formation of the Cl­2 molecule can be
understood in terms of the sharing of a pair
of electrons between the two chlorine atoms,
each chlorine atom contributing one electron
to the shared pair. In the process both
chlorine atoms attain the outer shell octet of
the nearest noble gas (i.e., argon). Such
structures are referred to as Lewis dot
structures. The Lewis dot structures can be written for
other molecules also, in which the combining
atoms may be identical or different. The
important conditions being that:
•
Each bond is formed as a result of sharing
of an electron pair between the atoms.",,True,,
4b830af1-2e1d-4ca0-bc96-6a75ad49bf41,Zoology,BIOLOGY-U03,0.375,"Which stage of meiotic prophase shows
terminalisation of chiasmata as its distinctive
feature ?",A: Diakinesis | B: Pachytene | C: Leptotene | D: Zygotene,2df2b573-8177-4dd6-98ed-93fa0655598c,PASSED,ncert-books-class-11-biology-chapter-10.pdf,7,"Prophase I: Prophase of the first meiotic division is typically longer and
more complex when compared to prophase of mitosis. It has been further
subdivided into the following five phases based on chromosomal
behaviour, i.e., Leptotene, Zygotene, Pachytene, Diplotene and Diakinesis. Prophase I: Prophase of the first meiotic division is typically longer and
more complex when compared to prophase of mitosis. It has been further
subdivided into the following five phases based on chromosomal
behaviour, i.e., Leptotene, Zygotene, Pachytene, Diplotene and Diakinesis. During leptotene stage the chromosomes become gradually visible
under the light microscope. The compaction of chromosomes continues
throughout leptotene. This is followed by the second stage of prophase
I called zygotene. During this stage chromosomes start pairing together
and this process of association is called synapsis. Such paired
chromosomes are called homologous chromosomes. Electron
micrographs of this stage indicate that chromosome synapsis is
accompanied by the formation of complex structure called
synaptonemal complex.",,True,,
2779b637-ed6e-40b0-ae8e-50ef72552b4b,Zoology,BIOLOGY-U03,0.375,"Which stage of meiotic prophase shows
terminalisation of chiasmata as its distinctive
feature ?",A: Pachytene | B: Leptotene | C: Zygotene | D: Diakinesis,2df2b573-8177-4dd6-98ed-93fa0655598c,PASSED,ncert-books-class-11-biology-chapter-10.pdf,7,"Prophase I: Prophase of the first meiotic division is typically longer and
more complex when compared to prophase of mitosis. It has been further
subdivided into the following five phases based on chromosomal
behaviour, i.e., Leptotene, Zygotene, Pachytene, Diplotene and Diakinesis. Prophase I: Prophase of the first meiotic division is typically longer and
more complex when compared to prophase of mitosis. It has been further
subdivided into the following five phases based on chromosomal
behaviour, i.e., Leptotene, Zygotene, Pachytene, Diplotene and Diakinesis. During leptotene stage the chromosomes become gradually visible
under the light microscope. The compaction of chromosomes continues
throughout leptotene. This is followed by the second stage of prophase
I called zygotene. During this stage chromosomes start pairing together
and this process of association is called synapsis. Such paired
chromosomes are called homologous chromosomes. Electron
micrographs of this stage indicate that chromosome synapsis is
accompanied by the formation of complex structure called
synaptonemal complex.",,True,,
6650c803-9846-48cd-80d7-dcb318846f03,Zoology,XII-BIO-05,0.375,"A specific recognition sequence identified by
endonucleases to make cuts at specific positions
within the DNA is :","A: Poly(A) tail sequences | B: Degenerate primer sequence | C: Okazaki sequences | D: Palindromic Nucleotide sequences

<<<PAGE:23>>>
23
P4",3c589f73-5940-48c5-927b-d975074d965e,PASSED,ncert-books-class-12-biology-chapter-5.pdf,27,"As stated in the preceding section, 99.9 per cent of base sequence among
humans is the same. Assuming human genome as 3 × 109 bp, in how
many base sequences would there be differences? As stated in the preceding section, 99.9 per cent of base sequence among
humans is the same. Assuming human genome as 3 × 109 bp, in how
many base sequences would there be differences? It is these differences
in sequence of DNA which make every individual unique in their
phenotypic appearance. If one aims to find out genetic differences
between two individuals or among individuals of a population,
sequencing the DNA every time would be a daunting and expensive
task. Imagine trying to compare two sets of 3 × 10
6 base pairs. DNA
fingerprinting is a very quick way to compare the DNA sequences of any
two individuals. DNA fingerprinting involves identifying differences in some specific
regions in DNA sequence called as repetitive DNA, because in these
sequences, a small stretch of DNA is repeated many times. These repetitive
DNA are separated from bulk genomic DNA as different peaks during
density gradient centrifugation.",,True,,
48faa905-8dd9-429e-bafd-a69577a0e6b8,Zoology,BIOLOGY-U03,0.375,"Which stage of meiotic prophase shows
terminalisation of chiasmata as its distinctive
feature ?",A: Pachytene | B: Leptotene | C: Zygotene | D: Diakinesis,2df2b573-8177-4dd6-98ed-93fa0655598c,PASSED,ncert-books-class-11-biology-chapter-10.pdf,7,"Prophase I: Prophase of the first meiotic division is typically longer and
more complex when compared to prophase of mitosis. It has been further
subdivided into the following five phases based on chromosomal
behaviour, i.e., Leptotene, Zygotene, Pachytene, Diplotene and Diakinesis. Prophase I: Prophase of the first meiotic division is typically longer and
more complex when compared to prophase of mitosis. It has been further
subdivided into the following five phases based on chromosomal
behaviour, i.e., Leptotene, Zygotene, Pachytene, Diplotene and Diakinesis. During leptotene stage the chromosomes become gradually visible
under the light microscope. The compaction of chromosomes continues
throughout leptotene. This is followed by the second stage of prophase
I called zygotene. During this stage chromosomes start pairing together
and this process of association is called synapsis. Such paired
chromosomes are called homologous chromosomes. Electron
micrographs of this stage indicate that chromosome synapsis is
accompanied by the formation of complex structure called
synaptonemal complex.",,True,,
c3de2698-15e1-4051-aa74-11cfdf4d6f73,Zoology,XII-BIO-05,0.375,"A specific recognition sequence identified by
endonucleases to make cuts at specific positions
within the DNA is :","A: Palindromic Nucleotide sequences | B: Poly(A) tail sequences | C: Degenerate primer sequence | D: Okazaki sequences

<<<PAGE:24>>>
24
O2
Section - B (Biology : Zoology)",3c589f73-5940-48c5-927b-d975074d965e,PASSED,ncert-books-class-12-biology-chapter-5.pdf,27,"As stated in the preceding section, 99.9 per cent of base sequence among
humans is the same. Assuming human genome as 3 × 109 bp, in how
many base sequences would there be differences? As stated in the preceding section, 99.9 per cent of base sequence among
humans is the same. Assuming human genome as 3 × 109 bp, in how
many base sequences would there be differences? It is these differences
in sequence of DNA which make every individual unique in their
phenotypic appearance. If one aims to find out genetic differences
between two individuals or among individuals of a population,
sequencing the DNA every time would be a daunting and expensive
task. Imagine trying to compare two sets of 3 × 10
6 base pairs. DNA
fingerprinting is a very quick way to compare the DNA sequences of any
two individuals. DNA fingerprinting involves identifying differences in some specific
regions in DNA sequence called as repetitive DNA, because in these
sequences, a small stretch of DNA is repeated many times. These repetitive
DNA are separated from bulk genomic DNA as different peaks during
density gradient centrifugation.",,True,,
ef37549d-5903-4f0b-8498-9862edb72cef,Zoology,BIOLOGY-U03,0.375,"Which stage of meiotic prophase shows
terminalisation of chiasmata as its distinctive
feature ?",A: Leptotene | B: Zygotene | C: Diakinesis | D: Pachytene,2df2b573-8177-4dd6-98ed-93fa0655598c,PASSED,ncert-books-class-11-biology-chapter-10.pdf,7,"Prophase I: Prophase of the first meiotic division is typically longer and
more complex when compared to prophase of mitosis. It has been further
subdivided into the following five phases based on chromosomal
behaviour, i.e., Leptotene, Zygotene, Pachytene, Diplotene and Diakinesis. Prophase I: Prophase of the first meiotic division is typically longer and
more complex when compared to prophase of mitosis. It has been further
subdivided into the following five phases based on chromosomal
behaviour, i.e., Leptotene, Zygotene, Pachytene, Diplotene and Diakinesis. During leptotene stage the chromosomes become gradually visible
under the light microscope. The compaction of chromosomes continues
throughout leptotene. This is followed by the second stage of prophase
I called zygotene. During this stage chromosomes start pairing together
and this process of association is called synapsis. Such paired
chromosomes are called homologous chromosomes. Electron
micrographs of this stage indicate that chromosome synapsis is
accompanied by the formation of complex structure called
synaptonemal complex.",,True,,
59621a12-1acf-41c5-a4bc-034bf3d952f3,Zoology,XII-BIO-05,0.375,"A specific recognition sequence identified by
endonucleases to make cuts at specific positions
within the DNA is :",A: Poly(A) tail sequences | B: Degenerate primer sequence | C: Okazaki sequences | D: Palindromic Nucleotide sequences,3c589f73-5940-48c5-927b-d975074d965e,PASSED,ncert-books-class-12-biology-chapter-5.pdf,27,"As stated in the preceding section, 99.9 per cent of base sequence among
humans is the same. Assuming human genome as 3 × 109 bp, in how
many base sequences would there be differences? As stated in the preceding section, 99.9 per cent of base sequence among
humans is the same. Assuming human genome as 3 × 109 bp, in how
many base sequences would there be differences? It is these differences
in sequence of DNA which make every individual unique in their
phenotypic appearance. If one aims to find out genetic differences
between two individuals or among individuals of a population,
sequencing the DNA every time would be a daunting and expensive
task. Imagine trying to compare two sets of 3 × 10
6 base pairs. DNA
fingerprinting is a very quick way to compare the DNA sequences of any
two individuals. DNA fingerprinting involves identifying differences in some specific
regions in DNA sequence called as repetitive DNA, because in these
sequences, a small stretch of DNA is repeated many times. These repetitive
DNA are separated from bulk genomic DNA as different peaks during
density gradient centrifugation.",,True,,
eb794cf9-cca1-481a-87ea-eadf437e69d3,Zoology,BIOLOGY-U03,0.375,"Which stage of meiotic prophase shows
terminalisation of chiasmata as its distinctive
feature ?",A: Zygotene | B: Diakinesis | C: Pachytene | D: Leptotene,2df2b573-8177-4dd6-98ed-93fa0655598c,PASSED,ncert-books-class-11-biology-chapter-10.pdf,7,"Prophase I: Prophase of the first meiotic division is typically longer and
more complex when compared to prophase of mitosis. It has been further
subdivided into the following five phases based on chromosomal
behaviour, i.e., Leptotene, Zygotene, Pachytene, Diplotene and Diakinesis. Prophase I: Prophase of the first meiotic division is typically longer and
more complex when compared to prophase of mitosis. It has been further
subdivided into the following five phases based on chromosomal
behaviour, i.e., Leptotene, Zygotene, Pachytene, Diplotene and Diakinesis. During leptotene stage the chromosomes become gradually visible
under the light microscope. The compaction of chromosomes continues
throughout leptotene. This is followed by the second stage of prophase
I called zygotene. During this stage chromosomes start pairing together
and this process of association is called synapsis. Such paired
chromosomes are called homologous chromosomes. Electron
micrographs of this stage indicate that chromosome synapsis is
accompanied by the formation of complex structure called
synaptonemal complex.",,True,,
e8664f60-8b1a-4830-a4d9-572c84f424a3,Zoology,CHEMISTRY-U15,0.4,"Which of the following characteristics is incorrect
with respect to cockroach ?","A: A ring of gastric caeca is present at the
junction of midgut and hind gut. | B: Hypopharynx lies within the cavity enclosed
by the mouth parts. | C: In females, 7th-9th sterna together form a
genital pouch. | D: 10th abdominal segment in both sexes, bears
a pair of anal cerci.",c13c18d2-e3c5-4594-b524-7e9b4f5b5016,PASSED,ncert-books-class-11-chemistry-chapter-9.pdf,27,"Benzene was considered as parent 'aromatic'
compound. Now, the name is applied to all the
ring systems whether or not having benzene
ring, possessing following characteristics. Benzene was considered as parent 'aromatic'
compound. Now, the name is applied to all the
ring systems whether or not having benzene
ring, possessing following characteristics. (i) Planarity
(ii) Complete delocalisation of the π electrons
in the ring
(iii) Presence of (4n + 2) π electrons in the ring
where n is an integer (n = 0, 1, 2, . This is often referred to as Hückel Rule. Some examples of aromatic compounds are
given below:",,True,,
5fa452ca-37d4-4a20-a8fb-ea807c3a43fd,Zoology,CHEMISTRY-U07,0.4,Dobson units are used to measure thickness of :,A: CFCs | B: Stratosphere | C: Ozone | D: Troposphere,f8ba0ac6-ab64-49c5-ad68-0d5bfe4e33ef,PASSED,ncert-books-class-12-chemistry-chapter-2.pdf,10,"chemical
Cell and
Gibbs
Energy of
the Reaction
Calculate the equilibrium constant of the reaction:
Cu(s) + 2Ag+(aq) ® Cu2+(aq) + 2Ag(s)
(
)
o
cell
E
= 0.46 V
(
)
o
cell
E
= 0 059
2
. V log KC = 0.46 V or
log
KC =
0 46
2
0 059
. chemical
Cell and
Gibbs
Energy of
the Reaction
Calculate the equilibrium constant of the reaction:
Cu(s) + 2Ag+(aq) ® Cu2+(aq) + 2Ag(s)
(
)
o
cell
E
= 0.46 V
(
)
o
cell
E
= 0 059
2
. V log KC = 0.46 V or
log
KC =
0 46
2
0 059
. V
V
×
= 15.6
KC = 3.92 × 1015
Example 2.2
Example 2.2
Example 2.2
Example 2.2
Example 2.2
Solution
Solution
Solution
Solution
Solution
Reprint 2024-25
41
Electrochemistry
It is necessary to define a few terms before we consider the subject of
conductance of electricity through electrolytic solutions. The electrical
resistance is represented by the symbol 'R' and it is measured in ohm (W)
which in terms of SI base units is equal to (kg m2)/(S3 A2). It can be
measured with the help of a Wheatstone bridge with which you are
familiar from your study of physics. The electrical resistance of any object
is directly proportional to its length, l, and inversely proportional to its
area of cross section, A. That is,
R µ l
A or R = r l
A
(2.17)
The constant of proportionality, r (Greek, rho), is called resistivity
(specific resistance). Its SI units are ohm metre (W m) and quite often
its submultiple, ohm centimetre (W cm) is also used.",,True,,
ba0b920f-6523-48ad-932a-e3388e012d56,Zoology,CHEMISTRY-U07,0.4,Dobson units are used to measure thickness of :,A: Troposphere | B: CFCs | C: Stratosphere | D: Ozone,f8ba0ac6-ab64-49c5-ad68-0d5bfe4e33ef,PASSED,ncert-books-class-12-chemistry-chapter-2.pdf,10,"chemical
Cell and
Gibbs
Energy of
the Reaction
Calculate the equilibrium constant of the reaction:
Cu(s) + 2Ag+(aq) ® Cu2+(aq) + 2Ag(s)
(
)
o
cell
E
= 0.46 V
(
)
o
cell
E
= 0 059
2
. V log KC = 0.46 V or
log
KC =
0 46
2
0 059
. chemical
Cell and
Gibbs
Energy of
the Reaction
Calculate the equilibrium constant of the reaction:
Cu(s) + 2Ag+(aq) ® Cu2+(aq) + 2Ag(s)
(
)
o
cell
E
= 0.46 V
(
)
o
cell
E
= 0 059
2
. V log KC = 0.46 V or
log
KC =
0 46
2
0 059
. V
V
×
= 15.6
KC = 3.92 × 1015
Example 2.2
Example 2.2
Example 2.2
Example 2.2
Example 2.2
Solution
Solution
Solution
Solution
Solution
Reprint 2024-25
41
Electrochemistry
It is necessary to define a few terms before we consider the subject of
conductance of electricity through electrolytic solutions. The electrical
resistance is represented by the symbol 'R' and it is measured in ohm (W)
which in terms of SI base units is equal to (kg m2)/(S3 A2). It can be
measured with the help of a Wheatstone bridge with which you are
familiar from your study of physics. The electrical resistance of any object
is directly proportional to its length, l, and inversely proportional to its
area of cross section, A. That is,
R µ l
A or R = r l
A
(2.17)
The constant of proportionality, r (Greek, rho), is called resistivity
(specific resistance). Its SI units are ohm metre (W m) and quite often
its submultiple, ohm centimetre (W cm) is also used.",,True,,
69564dfb-e823-437a-b1c0-e561d65b6765,Zoology,CHEMISTRY-U15,0.4,"Which of the following characteristics is incorrect
with respect to cockroach ?","A: A ring of gastric caeca is present at the
junction of midgut and hind gut. | B: Hypopharynx lies within the cavity enclosed
by the mouth parts. | C: In females, 7th-9th sterna together form a
genital pouch. | D: 10th abdominal segment in both sexes, bears
a pair of anal cerci.",c13c18d2-e3c5-4594-b524-7e9b4f5b5016,PASSED,ncert-books-class-11-chemistry-chapter-9.pdf,27,"Benzene was considered as parent 'aromatic'
compound. Now, the name is applied to all the
ring systems whether or not having benzene
ring, possessing following characteristics. Benzene was considered as parent 'aromatic'
compound. Now, the name is applied to all the
ring systems whether or not having benzene
ring, possessing following characteristics. (i) Planarity
(ii) Complete delocalisation of the π electrons
in the ring
(iii) Presence of (4n + 2) π electrons in the ring
where n is an integer (n = 0, 1, 2, . This is often referred to as Hückel Rule. Some examples of aromatic compounds are
given below:",,True,,
90840cd7-02bd-4056-afd4-5a259a9b2a7c,Zoology,PHYSICS-U15,0.4,"Which of these is not an important component of
initiation of parturition in humans ?",A: Increase in estrogen and progesterone ratio | B: Synthesis of prostaglandins | C: Release of Oxytocin | D: Release of Prolactin,8c796032-f9e9-4e3d-afe4-12b5429203aa,PASSED,ncert-book-class-12-physics-part-1-chapter-8.pdf,10,"It covers wavelengths ranging from about 4 × 10-7 m (400 nm) down to
6 × 10-10m (0.6 nm). Ultraviolet (UV) radiation is produced by special
lamps and very hot bodies. It covers wavelengths ranging from about 4 × 10-7 m (400 nm) down to
6 × 10-10m (0.6 nm). Ultraviolet (UV) radiation is produced by special
lamps and very hot bodies. The sun is an important source of ultraviolet
light. But fortunately, most of it is absorbed in the ozone layer in the
atmosphere at an altitude of about 40 - 50 km. UV light in large quantities
has harmful effects on humans. Exposure to UV radiation induces the
production of more melanin, causing tanning of the skin. UV radiation is
absorbed by ordinary glass. Hence, one cannot get tanned or sunburn
through glass windows.",,True,,
38b72960-bd3a-4aa9-82bf-5ccaaa46d227,Zoology,CHEMISTRY-U07,0.4,Dobson units are used to measure thickness of :,A: Stratosphere | B: Ozone | C: Troposphere | D: CFCs,f8ba0ac6-ab64-49c5-ad68-0d5bfe4e33ef,PASSED,ncert-books-class-12-chemistry-chapter-2.pdf,10,"chemical
Cell and
Gibbs
Energy of
the Reaction
Calculate the equilibrium constant of the reaction:
Cu(s) + 2Ag+(aq) ® Cu2+(aq) + 2Ag(s)
(
)
o
cell
E
= 0.46 V
(
)
o
cell
E
= 0 059
2
. V log KC = 0.46 V or
log
KC =
0 46
2
0 059
. chemical
Cell and
Gibbs
Energy of
the Reaction
Calculate the equilibrium constant of the reaction:
Cu(s) + 2Ag+(aq) ® Cu2+(aq) + 2Ag(s)
(
)
o
cell
E
= 0.46 V
(
)
o
cell
E
= 0 059
2
. V log KC = 0.46 V or
log
KC =
0 46
2
0 059
. V
V
×
= 15.6
KC = 3.92 × 1015
Example 2.2
Example 2.2
Example 2.2
Example 2.2
Example 2.2
Solution
Solution
Solution
Solution
Solution
Reprint 2024-25
41
Electrochemistry
It is necessary to define a few terms before we consider the subject of
conductance of electricity through electrolytic solutions. The electrical
resistance is represented by the symbol 'R' and it is measured in ohm (W)
which in terms of SI base units is equal to (kg m2)/(S3 A2). It can be
measured with the help of a Wheatstone bridge with which you are
familiar from your study of physics. The electrical resistance of any object
is directly proportional to its length, l, and inversely proportional to its
area of cross section, A. That is,
R µ l
A or R = r l
A
(2.17)
The constant of proportionality, r (Greek, rho), is called resistivity
(specific resistance). Its SI units are ohm metre (W m) and quite often
its submultiple, ohm centimetre (W cm) is also used.",,True,,
1bf3d119-7758-4646-ad7e-d3e6349fdaf4,Zoology,CHEMISTRY-U15,0.4,"Which of the following characteristics is incorrect
with respect to cockroach ?","A: In females, 7th-9th sterna together form a
genital pouch. | B: 10th abdominal segment in both sexes, bears
a pair of anal cerci. | C: A ring of gastric caeca is present at the
junction of midgut and hind gut. | D: Hypopharynx lies within the cavity enclosed
by the mouth parts.",c13c18d2-e3c5-4594-b524-7e9b4f5b5016,PASSED,ncert-books-class-11-chemistry-chapter-9.pdf,27,"Benzene was considered as parent 'aromatic'
compound. Now, the name is applied to all the
ring systems whether or not having benzene
ring, possessing following characteristics. Benzene was considered as parent 'aromatic'
compound. Now, the name is applied to all the
ring systems whether or not having benzene
ring, possessing following characteristics. (i) Planarity
(ii) Complete delocalisation of the π electrons
in the ring
(iii) Presence of (4n + 2) π electrons in the ring
where n is an integer (n = 0, 1, 2, . This is often referred to as Hückel Rule. Some examples of aromatic compounds are
given below:",,True,,
fbb7d315-2cb2-45c7-a263-f1286b40609f,Zoology,CHEMISTRY-U15,0.4,"Which of the following characteristics is incorrect
with respect to cockroach ?","A: Hypopharynx lies within the cavity enclosed
by the mouth parts. | B: In females, 7th-9th sterna together form a
genital pouch. | C: 10th abdominal segment in both sexes, bears
a pair of anal cerci. | D: A ring of gastric caeca is present at the
junction of midgut and hind gut.

<<<PAGE:21>>>
21
N5",c13c18d2-e3c5-4594-b524-7e9b4f5b5016,PASSED,ncert-books-class-11-chemistry-chapter-9.pdf,27,"Benzene was considered as parent 'aromatic'
compound. Now, the name is applied to all the
ring systems whether or not having benzene
ring, possessing following characteristics. Benzene was considered as parent 'aromatic'
compound. Now, the name is applied to all the
ring systems whether or not having benzene
ring, possessing following characteristics. (i) Planarity
(ii) Complete delocalisation of the π electrons
in the ring
(iii) Presence of (4n + 2) π electrons in the ring
where n is an integer (n = 0, 1, 2, . This is often referred to as Hückel Rule. Some examples of aromatic compounds are
given below:",,True,,
