question_id,subject,chapter,overlap_score,knowledge_unit_id,source_document,source_page,candidate_passage,question_text,review_label,reviewer_notes
d895e23f-a6dc-4e28-af73-30df45956d59,,PHYSICS-U01,0.25,8fb1f12d-d3b0-4851-8b44-c1f58cba89e0,ncert-books-class-11-physics-chapter-1.pdf,1,"In earlier time scientists of different countries were using
different systems of units for measurement. Three such
systems, the CGS, the FPS (or British) system and the MKS
system were in use extensively till recently.","The roots that originate from the base of the stem
are :",,
dcd5b4a7-2e56-4fa1-b8b5-5b4e6b3fff61,,PHYSICS-U12,0.2857,a6c10904-a57f-40a4-b192-1c790dce8c4d,ncert-book-class-12-physics-part-1-chapter-3.pdf,20,"As an application of Kirchhoff's rules consider the circuit shown in
Fig. 3.18, which is called the Wheatstone bridge.","— Choose the correct circuit which can achieve the | 38
bridge ae , ,
oO Ln )ae?
RS <) S 2
ay | @NKAB] @ | eS
H-—©) i —?
EK
S 20 SX feo
LmIS % >",,
ab57b0e3-acc6-4b2e-a8a4-a1163660126d,,BIOLOGY-U01,0.2857,ccbb4fe3-0ea7-4d2d-a22e-54295a60abf2,ncert-books-class-11-biology-chapter-1.pdf,8,"All animals belonging to various phyla are assigned to the
highest category called Kingdom Animalia in the classification
system of animals. The Kingdom Plantae, on the other hand, is
distinct, and comprises all plants from various divisions.","Which of the following regions of the globe exhibits
highest species diversity ?",,
b700d504-1948-4f8a-96e9-231dd9e47ca9,,PHYSICS-U01,0.25,8fb1f12d-d3b0-4851-8b44-c1f58cba89e0,ncert-books-class-11-physics-chapter-1.pdf,1,"In earlier time scientists of different countries were using
different systems of units for measurement. Three such
systems, the CGS, the FPS (or British) system and the MKS
system were in use extensively till recently.","The roots that originate from the base of the stem
are :",,
92430ceb-c251-4622-8bd0-0f793b51d963,,BIOLOGY-U01,0.2857,ccbb4fe3-0ea7-4d2d-a22e-54295a60abf2,ncert-books-class-11-biology-chapter-1.pdf,8,"All animals belonging to various phyla are assigned to the
highest category called Kingdom Animalia in the classification
system of animals. The Kingdom Plantae, on the other hand, is
distinct, and comprises all plants from various divisions.","Which of the following regions of the globe exhibits
highest species diversity ?",,
98efb311-d4e4-4598-8f46-c6988fdd32c2,,BIOLOGY-U01,0.2857,ccbb4fe3-0ea7-4d2d-a22e-54295a60abf2,ncert-books-class-11-biology-chapter-1.pdf,8,"All animals belonging to various phyla are assigned to the
highest category called Kingdom Animalia in the classification
system of animals. The Kingdom Plantae, on the other hand, is
distinct, and comprises all plants from various divisions.","Which of the following regions of the globe exhibits
highest species diversity ?",,
e3ce8692-20e9-4f3c-a6b8-1a1c5f91643e,,BIOLOGY-U01,0.2857,ccbb4fe3-0ea7-4d2d-a22e-54295a60abf2,ncert-books-class-11-biology-chapter-1.pdf,8,"All animals belonging to various phyla are assigned to the
highest category called Kingdom Animalia in the classification
system of animals. The Kingdom Plantae, on the other hand, is
distinct, and comprises all plants from various divisions.","Which of the following regions of the globe exhibits
highest species diversity ?",,
736322de-0da6-4fb4-a214-1ee44c89b836,,PHYSICS-U01,0.25,8fb1f12d-d3b0-4851-8b44-c1f58cba89e0,ncert-books-class-11-physics-chapter-1.pdf,1,"In earlier time scientists of different countries were using
different systems of units for measurement. Three such
systems, the CGS, the FPS (or British) system and the MKS
system were in use extensively till recently.","The roots that originate from the base of the stem
are :",,
4d95f686-1126-412e-b895-c24341953a21,,CHEMISTRY-U03,0.2857,8969954e-c54f-4afd-a2e5-43754d4883e2,ncert-books-class-11-chemistry-chapter-4.pdf,13,"Pair Repulsion (VSEPR) Theory
As already explained, Lewis concept is unable
to explain the shapes of molecules. This
theory provides a simple procedure to predict
the shapes of covalent molecules.","Match the following and identify the correct
option.
(a)
CO(g)+H2(g)
(i)
Mg(HCO3)2+
Ca(HCO3)2
(b)
Temporary
(ii)
An electron
hardness of
deficient hydride
water
(c)
B2H6
(iii)
Synthesis gas
(d)
H2O2
(iv)
Non-planar
structure
(a)
(b)
(c)
(d)",,
133d896f-558a-4d3d-bed5-cd090f7c526e,,BIOLOGY-U05,0.25,e6455593-490c-4e33-a1b7-7e7ffe105b73,ncert-books-class-11-biology-chapter-18.pdf,6,"The brain is the central information processing organ of our body, and
acts as the 'command and control system'. It controls the voluntary
movements, balance of the body, functioning of vital involuntary organs
(e.g., lungs, heart, kidneys, etc.), thermoregulation, hunger and thirst,
circadian (24-hour) rhythms of our body, activities of several endocrine
glands and human behaviour.","Montreal protocol was signed in 1987 for control
of :",,
320c37ed-2ed8-498e-b81d-fd961140bca4,,BIOLOGY-U02,0.25,d5431b62-7548-41e6-b633-c2649f4ef722,ncert-books-class-11-biology-chapter-6.pdf,2,"All tissues except epidermis and vascular bundles constitute the ground
tissue. It consists of simple tissues such as parenchyma, collenchyma
and sclerenchyma.","The process responsible for facilitating loss of water
in liquid form from the tip of grass blades at night
and in early morning is :",,
e558b36a-89b1-4499-83ea-c34d66c959fb,,CHEMISTRY-U06,0.2857,933ad2c5-156e-430e-88a6-a4d7c8bd5990,ncert-books-class-11-chemistry-chapter-6.pdf,25,"Arrhenius concept of acids and bases
becomes useful in case of ionization of acids
and bases as mostly ionizations in chemical
and biological systems occur in aqueous
medium. Strong acids like perchloric acid
(HClO4), hydrochloric acid (HCl), hydrobromic
acid (HBr), hyrdoiodic acid (HI), nitric acid
(HNO3) and sulphuric acid (H2SO4) are termed
strong because they are almost completely
dissociated ","The work functions of Caesium (Cs),
Potassium (K) and Sodium (Na) are 2.14 eV,
2.30eV and 2.75 eV respectively. If incident
electromagnetic radiation has an incident
energy of 2.20eV, which of these
photosensitive surfaces may emit
photoelectrons?",,
bd7b4125-5162-4ceb-bd65-57d2d29fd275,,CHEMISTRY-U15,0.2857,fc2a2d53-c9d5-4482-b67b-67fca7e1a7d0,ncert-books-class-11-chemistry-chapter-9.pdf,25,"Benzene was isolated by Michael Faraday
in 1825. The molecular formula of benzene,
C6H6, indicates a high degree of unsaturation.","Presence of which of the following conditions in
urine are indicative of Diabetes Mellitus ?",,
f7c7c646-395c-479c-912f-700dfcfbf5ef,,CHEMISTRY-U03,0.2632,e89de876-07d6-426f-a3c4-52542bea587a,ncert-books-class-11-chemistry-chapter-4.pdf,30,"DIATOMIC MOLECULES
In this section we shall discuss bonding in
some homonuclear diatomic molecules. Hydrogen molecule (H2 ): It is formed by
the combination of two hydrogen atoms.","Intermolecular forces are forces of attraction
and repulsion between interacting particles
that will include :
A. dipole - dipole forces. T
B. dipole - induced dipole forces. P
C. hydrogen bonding.
; (2)
D. covalent bonding.
E. dispersion forces.
Choose the most appropriate answer from
the options g",,
1f109c1e-c1dc-4989-9042-281effd4b716,,CHEMISTRY-U02,0.2581,d1e98aca-c9dc-4c7e-a33f-8e095acfd777,ncert-books-class-11-chemistry-chapter-2.pdf,33,"The filling of electrons into the orbitals of
different atoms takes place according to
the aufbau principle which is based on the
Pauli's exclusion principle, the Hund's rule
of maximum multiplicity and the relative
energies of the orbitals. Aufbau Principle
The word 'aufbau' in German means 'building
up'.","Given below are two statements :
Statement I : Gause’s competitive exclusion
principle states that two closely related species
competing for different resources cannot exist
indefinitely.
Statement IT : According to Gause’s principle,
during competition, the inferior will be eliminated.
This may be ",,
b6e962ea-caf3-4729-a49c-f820ed665fd2,,BIOLOGY-U05,0.2778,f5ee6128-6fd6-4eca-a9b5-7ffac019583b,ncert-books-class-11-biology-chapter-19.pdf,2,"The endocrine glands and hormone
producing diffused tissues/cells located in
different parts of our body constitute the
endocrine system. Pituitary, pineal,
thyroid, adrenal, pancreas, parathyroid,
thymus and gonads (testis in males and
ovary in females) are the organised
endocrine
bodies
in
our
body
(Figure 19.1).","Match the following columns and select the
correct option.
Column - I
Column - II
(a)
Pituitary gland
(i)
Grave’s disease
(b)
Thyroid gland
(ii)
Diabetes mellitus
(c)
Adrenal gland
(iii)
Diabetes insipidus
(d)
Pancreas
(iv)
Addison’s disease
(a)
(b)
(c)
(d)",,
dca6cb7d-a4ed-45eb-b3df-b750afb1f750,,CHEMISTRY-U03,0.3333,cf1d0c5a-b772-4237-948c-fcb2c06a8eca,ncert-books-class-11-chemistry-chapter-4.pdf,28,"Orbitals
We have seen that 1s atomic orbitals on two
atoms form two molecular orbitals designated
as σ1s and σ*1s. In the same manner, the 2s
and 2p atomic orbitals (eight atomic orbitals
2024-25
128
chemistry
Fig.","own Aand r ae incorrect.
is correct but B 1s incorrect.",,
ea2de42b-df5e-4b29-bc0a-2ebb74479be4,,CHEMISTRY-U03,0.3333,cf1d0c5a-b772-4237-948c-fcb2c06a8eca,ncert-books-class-11-chemistry-chapter-4.pdf,28,"Orbitals
We have seen that 1s atomic orbitals on two
atoms form two molecular orbitals designated
as σ1s and σ*1s. In the same manner, the 2s
and 2p atomic orbitals (eight atomic orbitals
2024-25
128
chemistry
Fig.",Select the correct match.,,
bbe01d0f-35a7-455f-8814-a65ef81a8920,,CHEMISTRY-U03,0.3333,cf1d0c5a-b772-4237-948c-fcb2c06a8eca,ncert-books-class-11-chemistry-chapter-4.pdf,28,"Orbitals
We have seen that 1s atomic orbitals on two
atoms form two molecular orbitals designated
as σ1s and σ*1s. In the same manner, the 2s
and 2p atomic orbitals (eight atomic orbitals
2024-25
128
chemistry
Fig.",Select the correct match.,,
e05cb82e-bc54-46da-9bee-4049752dd71c,,CHEMISTRY-U01,0.3125,7551c4fe-c044-432d-951d-c44e47173253,ncert-books-class-11-chemistry-chapter-1.pdf,4,"You are aware that matter can exist in three
physical states viz. The constituent particles of matter in these
three states can be represented as shown in
Fig.","The following graph represents the T-V curves of
an ideal gas (where T is the temperature and V
the volume) at three pressures P}, P, and P;
compared with those of Charles’s law represented
as dotted lines.
P
t [i yr P,
iS [Le
cd
0 Vo
Then the correct relation is:",,
6c274a8b-3400-49a9-85f3-eeef49eb7ab3,,CHEMISTRY-U03,0.3333,cf1d0c5a-b772-4237-948c-fcb2c06a8eca,ncert-books-class-11-chemistry-chapter-4.pdf,28,"Orbitals
We have seen that 1s atomic orbitals on two
atoms form two molecular orbitals designated
as σ1s and σ*1s. In the same manner, the 2s
and 2p atomic orbitals (eight atomic orbitals
2024-25
128
chemistry
Fig.",Select the correct match.,,
b2ea3a32-bc8a-4f13-be81-702936bdcbc5,,CHEMISTRY-U03,0.3333,cf1d0c5a-b772-4237-948c-fcb2c06a8eca,ncert-books-class-11-chemistry-chapter-4.pdf,28,"Orbitals
We have seen that 1s atomic orbitals on two
atoms form two molecular orbitals designated
as σ1s and σ*1s. In the same manner, the 2s
and 2p atomic orbitals (eight atomic orbitals
2024-25
128
chemistry
Fig.",Select the correct match.,,
45950960-9b52-4b82-8d24-53635b786f63,,CHEMISTRY-U03,0.3333,cf1d0c5a-b772-4237-948c-fcb2c06a8eca,ncert-books-class-11-chemistry-chapter-4.pdf,28,"Orbitals
We have seen that 1s atomic orbitals on two
atoms form two molecular orbitals designated
as σ1s and σ*1s. In the same manner, the 2s
and 2p atomic orbitals (eight atomic orbitals
2024-25
128
chemistry
Fig.",Select the correct match.,,
237faded-d9c4-4cac-81f0-197b65dae4b5,,CHEMISTRY-U03,0.3333,cf1d0c5a-b772-4237-948c-fcb2c06a8eca,ncert-books-class-11-chemistry-chapter-4.pdf,28,"Orbitals
We have seen that 1s atomic orbitals on two
atoms form two molecular orbitals designated
as σ1s and σ*1s. In the same manner, the 2s
and 2p atomic orbitals (eight atomic orbitals
2024-25
128
chemistry
Fig.",Select the correct match.,,
6375093f-ddcf-4a91-a497-ec5ba34ac736,,CHEMISTRY-U03,0.3333,cf00d62a-9f1b-4544-9d7b-0c1e4c161990,ncert-books-class-11-chemistry-chapter-4.pdf,4,"Molecules (the Lewis Structures)
The Lewis dot structures provide a picture
of bonding in molecules and ions in terms of
the shared pairs of electrons and the octet
rule. While such a picture may not explain
the bonding and behaviour of a molecule
completely, it does help in understanding the
formation and properties of a molecule to a
large extent.","Which one of the following is NOT an
advantage of inbreeding?",,
c884079e-094b-4e80-8101-c66a9d4f074a,,CHEMISTRY-U03,0.3333,cf00d62a-9f1b-4544-9d7b-0c1e4c161990,ncert-books-class-11-chemistry-chapter-4.pdf,4,"Molecules (the Lewis Structures)
The Lewis dot structures provide a picture
of bonding in molecules and ions in terms of
the shared pairs of electrons and the octet
rule. While such a picture may not explain
the bonding and behaviour of a molecule
completely, it does help in understanding the
formation and properties of a molecule to a
large extent.","Which of the following is not an attribute of a
population ?",,
858d0a75-92f8-4627-9074-3721c72b5a43,,CHEMISTRY-U03,0.3333,cf00d62a-9f1b-4544-9d7b-0c1e4c161990,ncert-books-class-11-chemistry-chapter-4.pdf,4,"Molecules (the Lewis Structures)
The Lewis dot structures provide a picture
of bonding in molecules and ions in terms of
the shared pairs of electrons and the octet
rule. While such a picture may not explain
the bonding and behaviour of a molecule
completely, it does help in understanding the
formation and properties of a molecule to a
large extent.","Which one of the following is NOT an
advantage of inbreeding?",,
c15bec3b-cb7a-4cf3-bb12-4bc07b73949c,,BIOLOGY-U04,0.3077,ad65a44f-424b-4466-951a-f14d2bd38cd6,ncert-books-class-11-biology-chapter-12.pdf,5,"In fermentation, say by yeast, the incomplete oxidation of glucose is
achieved under anaerobic conditions by sets of reactions where pyruvic
acid is converted to CO2 and ethanol. The enzymes, pyruvic acid
decarboxylase and alcohol dehydrogenase catalyse these reactions.","The following metal ion activates many enzymes,
participates in the oxidation of glucose to produce
ATP and with Na, is responsible for the
transmission of nerve signals.",,
d6a9b996-e6c5-451e-aeba-b44e77fe17c8,,BIOLOGY-U02,0.3,4e58b7bf-a0b2-43a9-bade-a9ff16618c60,ncert-books-class-11-biology-chapter-7.pdf,3,"The body cavity of frogs accommodate different organ systems such as
digestive, circulatory, respiratory, nervous, excretory and reproductive
systems with well developed structures and functions (Figure 7.2). The digestive system consists of alimentary canal and digestive glands.","Match List I with List II.
List I List II
SIP i mney
. . Hea
C. ANF IIL. Gastric gland
D. ADH IV. Pancreas
Choose the correct answer from the options
BAY BIL, Cl, DA
2) A-IIL B-II CIV. D-l",,
71ca30b1-0653-4a8e-833f-65fd3ea1d7e6,,CHEMISTRY-U07,0.3333,4b08c060-ee98-4331-86e2-c9718e828723,ncert-books-class-12-chemistry-chapter-2.pdf,3,"Reprint 2024-25
34
Chemistry
The potential difference between the two electrodes of a galvanic
cell is called the cell potential and is measured in volts. The cell
potential is the difference between the electrode potentials (reduction
potentials) of the cathode and anode.","A resistance wire connected in the left gap of a
metre bridge balances a 10 Ω resistance in the
right gap at a point which divides the bridge wire
in the ratio 3 : 2.  If the length of the resistance
wire is 1.5 m, then the length of 1 Ω of the
resistance wire is :",,
93941bca-0d1c-4c17-a18b-7089db536b6e,,CHEMISTRY-U07,0.3333,4b08c060-ee98-4331-86e2-c9718e828723,ncert-books-class-12-chemistry-chapter-2.pdf,3,"Reprint 2024-25
34
Chemistry
The potential difference between the two electrodes of a galvanic
cell is called the cell potential and is measured in volts. The cell
potential is the difference between the electrode potentials (reduction
potentials) of the cathode and anode.","A resistance wire connected in the left gap of a
metre bridge balances a 10 Ω resistance in the
right gap at a point which divides the bridge wire
in the ratio 3 : 2.  If the length of the resistance
wire is 1.5 m, then the length of 1 Ω of the
resistance wire is :",,
f5dbe971-2b17-4c8e-9afa-9ffff7644ddd,,BIOLOGY-U03,0.3333,0e66e471-094d-4422-8ea1-d40315e1eddb,ncert-books-class-11-biology-chapter-8.pdf,3,"In 1838, Matthias Schleiden, a German botanist, examined a large number
of plants and observed that all plants are composed of different kinds of
cells which form the tissues of the plant. At about the same time, Theodore
CELL: THE UNIT OF LIFE
CHAPTER 8
8.1 What is a Cell?","What fraction of one edge centred octahedral
void lies in one unit cell of fcc?
1 ! 2 |
1 1
@) 5",,
32c642c5-9e42-4778-a279-c21095136127,,PHYSICS-U12,0.3636,9e6110fe-3af8-43bc-8bcd-d50a693da7d4,ncert-book-class-12-physics-part-1-chapter-3.pdf,9,"Although Ohm's law has been found valid over a large class
of materials, there do exist materials and devices used in
electric circuits where the proportionality of V and I does not
hold. The deviations broadly are one or more of the following
types:
(a) V ceases to be proportional to I (Fig.","mH, capacitance C is 1 uF and resistance
R is 100Q. The frequency at which resonance
.
occurs is :
) 159k 2) 1.59 radi
Q) 1. 2 (2) 1.59 rad/s
(3) 1.59 kHz (4) 15.9 rad/s
The magnitude and direction of the current
in the following circuit is
290 WVS5V io
A LH B
D C
70 :",,
3e070cfa-fbe7-4130-852d-5eb45af32c4c,,CHEMISTRY-U08,0.3636,ab48ffc8-9421-4aee-98f5-8950b0263d76,ncert-books-class-12-chemistry-chapter-3.pdf,26,"Fill in the blanks in the following table:
Experiment
[A]/ mol L-1
[B]/ mol L-1
Initial rate/
mol L-1 min-1
I
0.1
0.1
2.0 × 10-2
II
-
0.2
4.0 × 10-2
III
0.4
0.4
-
IV
-
0.2
2.0 × 10-2
3.13 Calculate the half-life of a first order reaction from their rate constants given
below:
(i) 200 s-1
(ii) 2 min-1
(iii) 4 years-1
3.14 The half-life for radioactive decay of 14C is 5730 years. An archaeological
a","The half life of a radioactive substance is
20 minutes. In how much time, the activity
ih
of substance drops to (3) of its initial
value?",,
4f313bed-4c08-4f18-8ca3-14bdc4e2f82b,,CHEMISTRY-U17,0.3636,54299aa9-3a44-4f11-83d4-f7cd9d05310d,ncert-books-class-12-chemistry-chapter-7.pdf,23,"of Ethers
Acidic dehydration of alcohols, to give an alkene is also associated
with substitution reaction to give an ether. The method is suitable for the preparation of ethers having
primary alkyl groups only.","Elimination reaction of 2-Bromo-pentane to form
pent-2-ene is :
(a)
β-Elimination reaction
(b)
Follows Zaitsev rule
(c)
Dehydrohalogenation reaction
(d)
Dehydration reaction",,
e1bf7bad-8bd3-4063-81df-d19f9bd482ac,,CHEMISTRY-U03,0.375,0e039a0a-8e14-44bc-ba2f-8b7b2eee5c90,ncert-books-class-11-chemistry-chapter-4.pdf,19,"In the formation of hydrogen molecule,
there is a minimum energy state when two
hydrogen atoms are so near that their atomic
orbitals undergo partial interpenetration. This
partial merging of atomic orbitals is called
overlapping of atomic orbitals which results in
the pairing of electrons.","Identify the substances having glycosidic bond and
peptide bond, respectively in their structure :",,
a28133aa-3aab-4834-9d22-c5af74c78685,,CHEMISTRY-U07,0.375,40580382-6703-4d3a-bafd-8644dc6fdf38,ncert-books-class-12-chemistry-chapter-2.pdf,30,"A steady current of 1.5 amperes was
passed through them until 1.45 g of silver deposited at the cathode of cell B. What mass of copper and zinc were deposited?","HCl was passed through a solution of CaCl2, MgCl2
and NaCl.  Which of the following compound(s)
crystallise(s) ?",,
c9a75cea-59a2-42c3-9832-26b541f2b450,,CHEMISTRY-U08,0.3636,ab48ffc8-9421-4aee-98f5-8950b0263d76,ncert-books-class-12-chemistry-chapter-3.pdf,26,"Fill in the blanks in the following table:
Experiment
[A]/ mol L-1
[B]/ mol L-1
Initial rate/
mol L-1 min-1
I
0.1
0.1
2.0 × 10-2
II
-
0.2
4.0 × 10-2
III
0.4
0.4
-
IV
-
0.2
2.0 × 10-2
3.13 Calculate the half-life of a first order reaction from their rate constants given
below:
(i) 200 s-1
(ii) 2 min-1
(iii) 4 years-1
3.14 The half-life for radioactive decay of 14C is 5730 years. An archaeological
a","The half life of a radioactive substance is
20 minutes. In how much time, the activity
Ih
of substance drops to (3) of its initial
value?",,
c4700c75-6519-48d6-8398-6ec94bc83054,,PHYSICS-U08,0.381,da18bb89-6e89-4b18-97f5-2613e2403c74,ncert-books-class-11-physics-chapter-11.pdf,17,"equilibrium state B, an amount of work equal to 22.3 J is done on the system. If the
gas is taken from state A to B via a process in which the net heat absorbed by the
system is 9.35 cal, how much is the net work done by the system in the latter case ?","Two gases A and B are filled at the same
pressure in separate cylinders with movable
pistons of radius % and rp, respectively. On
supplying an equal amount of heat to both the
systems reversibly under constant pressure, the
pistons of gas A and B are displaced by 16 cm
and 9 cm, respectively. If the",,
63d38ea6-6a70-4153-8aa1-3171b63318dd,,CHEMISTRY-U03,0.375,e705b2b9-c36d-4090-8750-8cde0a20aa8c,ncert-books-class-11-chemistry-chapter-4.pdf,3,"Langmuir (1919) refined the Lewis
postulations by abandoning the idea of
the stationary cubical arrangement of the
octet, and by introducing the term covalent
bond. The Lewis-Langmuir theory can be
understood by considering the formation of
the chlorine molecule, Cl2.","The element expected to form largest ion to
achieve the nearest noble gas configuration
is:",,
9d1de0be-5329-4e75-a327-1ee5c77cbb9d,,CHEMISTRY-U01,0.4,a397564e-ad57-4e14-a8e6-25475993ea02,ncert-books-class-11-chemistry-chapter-1.pdf,26,"iron and oxygen are 69.9 and 30.1, respectively. 1.9 Calculate the atomic mass (average) of chlorine using the following data:




% Natural Abundance
Molar Mass

35Cl



75.77

34.9689

37Cl



24.23

36.9659
1.10 In three moles of ethane (C2H6), calculate the following:

(i)
Number of moles of carbon atoms.","Match List I with List I :
List I List I
A. Iron I. Synthesis of auxin
B. Zi IL Cc tof
7",,
b5c8f549-83d7-4804-a964-26fac90b3a91,,CHEMISTRY-U19,0.4,7909d001-6ca0-4501-80f0-a68539e74997,ncert-books-class-12-chemistry-chapter-10.pdf,11,"Amino Acids
Reprint 2024-25
292
Chemistry
Amino acids are usually colourless, crystalline solids. These are
water-soluble, high melting solids and behave like salts rather than
simple amines or carboxylic acids.","The solids which have the negative temperature
coefficient of resistance are :",,
d687d0bc-4ecd-44f8-b626-177509e69b0d,,XII-BIO-01,0.4375,3f0b5d88-d3ef-4e70-b228-503fb93d95ae,ncert-books-class-12-biology-chapter-1.pdf,11,"In the preceding sections you have learnt that the male and female gametes
in flowering plants are produced in the pollen grain and embryo sac,
respectively. As both types of gametes are non-motile, they have to be
brought together for fertilisation to occur.","The plant parts which consist of two generations -
one within the other :
(a)
Pollen grains inside the anther
(b)
Germinated pollen grain with two male
gametes
(c)
Seed inside the fruit
(d)
Embryo sac inside the ovule",,
6610945d-3ba9-412f-848c-31f5fe92c976,,CHEMISTRY-U08,0.4444,8fb89203-4d6a-456b-a40c-e6e9c8d89e00,ncert-books-class-12-chemistry-chapter-3.pdf,8,"Reaction
Calculate the overall order of a reaction which
has the rate expression
(a) Rate = k [A]1/2 [B]3/2
(b) Rate = k [A]3/2 [B]-1
(a) Rate = k [A]x [B]y
order = x + y
So order = 1/2 + 3/2 = 2, i.e., second order
(b) order = 3/2 + (-1) = 1/2, i.e., half order. Example 3.3
Example 3.3
Example 3.3
Example 3.3
Example 3.3
Solution
Solution
Solution
Solution
Solution
A balanced chemical equation ne","Identify the final product [D] obtained in
the following sequence of reactions.
i) LiAlH H,SO
we
Br
[Cc] Na/dry ether [D]
Tr
>| ——+__>»",,
9bc3d872-be20-4f07-a3ab-8694583bf921,,PHYSICS-U14,0.4,646cef7b-1521-4519-b8df-ef21b54f1bb7,ncert-book-class-12-physics-part-1-chapter-7.pdf,12,"An interesting characteristic of the series RLC circuit is the phenomenon
of resonance. The phenomenon of resonance is common among systems
that have a tendency to oscillate at a particular frequency.","mH, capacitance C is 1 uF and resistance
Ris 100Q. The frequency at which resonance
occurs is :",,
aeb71182-214d-4418-abdd-b0ecab8776bf,,CHEMISTRY-U03,0.4286,1e77ea99-2544-481b-ad6d-a857db726cb3,ncert-books-class-11-chemistry-chapter-4.pdf,9,"It is defined as the amount of energy required
to break one mole of bonds of a particular
type between two atoms in a gaseous state. For
example, the H - H bond enthalpy in hydrogen
molecule is 435.8 kJ mol-1.","Which micronutrient is required for splitting
of water molecule during photosynthesis?",,
add82319-4818-4cd9-a689-48ffbb7ad77b,,XII-BIO-04,0.4286,e1adbbb3-fce0-4956-ae20-62668996a9eb,ncert-books-class-12-biology-chapter-4.pdf,25,"The chromosomal disorders on the other hand are caused due to absence
or excess or abnormal arrangement of one or more chromosomes. Failure of segregation of chromatids during cell division cycle results
in the gain or loss of a chromosome(s), called aneuploidy.","Broad palm with single palm crease is visible
in a person suffering from-",,
fea16afc-2c4a-469e-88e1-4d2d5dfa2e8c,,BIOLOGY-U05,0.4286,064d6e9e-ab8e-41e2-b761-b97eb085a02f,ncert-books-class-11-biology-chapter-19.pdf,2,"As you know, the hypothalamus is the
basal part of diencephalon, forebrain
(Figure 19.1) and it regulates a wide
spectrum of body functions. It contains
several groups of neurosecretory cells
called nuclei which produce hormones.","Melonate inhibits the growth of pathogenic
bacteria by inhibiting the activity of",,
1a9f52da-b86b-48f5-86e5-b892342a9f7d,,BIOLOGY-U02,0.4,4e58b7bf-a0b2-43a9-bade-a9ff16618c60,ncert-books-class-11-biology-chapter-7.pdf,3,"The body cavity of frogs accommodate different organ systems such as
digestive, circulatory, respiratory, nervous, excretory and reproductive
systems with well developed structures and functions (Figure 7.2). The digestive system consists of alimentary canal and digestive glands.","Goblet cells of alimentary canal are modified
from :",,
887af02c-05d9-4123-aba6-c2f560daf819,,PHYSICS-U15,0.4706,ca6d1cd5-ee99-4d07-a8e1-76445a1cb70f,ncert-book-class-12-physics-part-1-chapter-8.pdf,5,"Neither stationary charges
nor charges in uniform motion (steady currents) can be sources of
electromagnetic waves. The former produces only electrostatic fields, while
the latter produces magnetic fields that, however, do not vary with time.","~=Inaplane electromagnetic wave travelling in
free space, the electric field component
oscillates sinusoidally at a frequency of
2.0x10!°Hz and amplitude 4g vm"". Then the
. yas . . 26
amplitude of oscillating magnetic field is :
(Speed of light in free space = 3 x 108 m s-!)",,
ef087e14-5843-488d-975f-cbc86970e267,,PHYSICS-U16,0.4615,ce2d6eee-2e21-4245-8f32-33708ec0cba1,leph201.pdf,17,"Consider two lenses A and B of focal length f1 and
f2 placed in contact with each other. Let the object
be placed at a point O beyond the focus of the first
lens A (Fig.","In the figure shown here, what is the
valent focal leneth of the combination
equival g .
of lenses (Assume that all layers are thin)?
nN =1.5 _—
o==3
Fi] Rp = Ry = 200M
JR, =
ny =1.6",,
c579d201-f8fd-4154-b4ec-4ec3b0274795,,PHYSICS-U07,0.4545,e5858834-6333-4bab-baa7-adadfff15873,ncert-books-class-11-physics-chapter-9.pdf,17,"One consequence of surface tension is that free
liquid drops and bubbles are spherical if effects
of gravity can be neglected. You must have seen
this especially clearly in small drops just formed
in a high-speed spray or jet, and in soap bubbles
blown by most of us in childhood.","The amount of energy required to form a soap
bubble of radius 2 cm from a soap solution
is nearly : (surface tension of soap solution
= 0.03 Nm’)",,
8f204594-fb8b-42a9-8650-a0f7077fe2a5,,CHEMISTRY-U11,0.4516,b97cce6a-1a85-48d4-8b54-3fd68a5740e9,ncert-books-class-12-chemistry-chapter-4.pdf,17,"These oxides are generally formed by the reaction of metals with
oxygen at high temperatures. All the metals except scandium form
MO oxides which are ionic.","Which of the following statements are
INCORRECT” .
2
A. All the transition metals except
scandium form MO oxides which are
ionic.
. coo.
B. The highest oxidation number
corresponding to the group number in
transition metal oxides is attained in
Sc,03 to Mn,Ov.
C. Basic character increases from V,03 ",,
7bcbd577-2b99-4ff7-a3cc-c53b20bfdb16,,CHEMISTRY-U11,0.4516,b97cce6a-1a85-48d4-8b54-3fd68a5740e9,ncert-books-class-12-chemistry-chapter-4.pdf,17,"These oxides are generally formed by the reaction of metals with
oxygen at high temperatures. All the metals except scandium form
MO oxides which are ionic.","Which of the following statements are
INCORRECT?
A. All the transition metals except
scandium form MO oxides which are
ionic
B. The highest oxidation number
corresponding to the group number in
transition metal oxides is attained in
Sc,03 to Mn,O,.
. .
C. Basic character increases from V0, to
V204 t",,
3ce9c3bc-2ed9-4c60-9a81-810e4679d126,,PHYSICS-U07,0.4667,33329b16-75e2-4db0-ab31-f21726be9e1c,ncert-books-class-11-physics-chapter-8.pdf,8,"in a Stretched Wire
When a wire is put under a tensile stress, work
is done against the inter-atomic forces. This
work is stored in the wire in the form of elastic
potential energy.","A wire of length L, area of cross section A is hanging
from a fixed support.  The length of the wire
changes to L1 when mass M is suspended from its
free end.  The expression for Young’s modulus is :",,
27bd2235-d4d4-439d-884e-411a76992e56,,PHYSICS-U16,0.4667,1e8f6d06-2e5e-4d24-8c29-e2fe256f685e,leph201.pdf,30,"2.0 cm and an eyepiece of focal length 6.25 cm separated by a
distance of 15cm. How far from the objective should an object be
placed in order to obtain the final image at (a) the least distance of
distinct vision (25cm), and (b) at infinity?","cm, eyepiece of focal length 4 cm and the
tube length of 40 cm. If the distance of distinct
st
vision of eye is 25 cm, the magnification in the
microscope is
1) 125 2) 150
@)
(3) 250 (4) 100
The output (Y) of the given logic
. Coe
implementation is similar to the output of an/
a______s gate.
A
y
B
A",,
73a62c23-d9a0-44b5-a3bb-bcdaf7d170c3,,CHEMISTRY-U03,0.4667,8969954e-c54f-4afd-a2e5-43754d4883e2,ncert-books-class-11-chemistry-chapter-4.pdf,13,"Pair Repulsion (VSEPR) Theory
As already explained, Lewis concept is unable
to explain the shapes of molecules. This
theory provides a simple procedure to predict
the shapes of covalent molecules.","Amongst the following, the total number of
species NOT having eight electrons around
central atom in its outer most shell, is
NH,, AICI;, BeCl,, CCl,, PCI, :",,
ff397c72-8871-44d3-b212-377184b4225d,Botany,CHEMISTRY-U03,0.25,92d36751-337d-4242-ba78-5f5d1b9846bc,ncert-books-class-11-chemistry-chapter-4.pdf,28,"Orbitals
We have seen that 1s atomic orbitals on two
atoms form two molecular orbitals designated
as σ1s and σ*1s. In the same manner, the 2s
and 2p atomic orbitals (eight atomic orbitals
2024-25
128
chemistry
Fig.","Match Column - I with Column - II.
Column - I
      Column - II
(a)  
(i)    Brassicaceae
(b) 
(ii)    Liliaceae
(c)  
(iii)    Fabaceae
(d)  
(iv)    Solanaceae
Select the correct answer from the options given
below.
(a)
(b)
(c)
(d)",,
82b0655d-ce68-4e25-b25c-5d2daa6df2ab,Botany,CHEMISTRY-U03,0.25,92d36751-337d-4242-ba78-5f5d1b9846bc,ncert-books-class-11-chemistry-chapter-4.pdf,28,"Orbitals
We have seen that 1s atomic orbitals on two
atoms form two molecular orbitals designated
as σ1s and σ*1s. In the same manner, the 2s
and 2p atomic orbitals (eight atomic orbitals
2024-25
128
chemistry
Fig.","Match Column - I with Column - II.
Column - I
      Column - II
(a)  
(i)    Brassicaceae
(b) 
(ii)    Liliaceae
(c)  
(iii)    Fabaceae
(d)  
(iv)    Solanaceae
Select the correct answer from the options given
below.
(a)
(b)
(c)
(d)",,
b098b36c-f067-479f-828a-939844806cfb,Botany,CHEMISTRY-U03,0.25,92d36751-337d-4242-ba78-5f5d1b9846bc,ncert-books-class-11-chemistry-chapter-4.pdf,28,"Orbitals
We have seen that 1s atomic orbitals on two
atoms form two molecular orbitals designated
as σ1s and σ*1s. In the same manner, the 2s
and 2p atomic orbitals (eight atomic orbitals
2024-25
128
chemistry
Fig.","Match Column - I with Column - II.
Column - I
      Column - II
(a)  
(i)    Brassicaceae
(b) 
(ii)    Liliaceae
(c)  
(iii)    Fabaceae
(d)  
(iv)    Solanaceae
Select the correct answer from the options given
below.
(a)
(b)
(c)
(d)",,
1c7914b7-5701-4bd3-9bf3-4090d28dd3cd,Botany,XII-BIO-09,0.2778,ef5439fb-02cb-4789-9067-b3a98a9996ed,ncert-books-class-12-biology-chapter-9.pdf,13,"Cell/Organism
There are several methods of introducing the ligated DNA into recipient
cells. Recipient cells after making them 'competent' to receive, take up
DNA present in its surrounding.","Plasmid pBR322 has PstI restriction enzyme site
within gene ampR that confers ampicillin
resistance.  If this enzyme is used for inserting a
gene for β-galactoside production and the
recombinant plasmid is inserted in an E.coli strain",,
5b88f11a-c2fc-4e27-8e43-f694b496c799,Botany,CHEMISTRY-U03,0.25,92d36751-337d-4242-ba78-5f5d1b9846bc,ncert-books-class-11-chemistry-chapter-4.pdf,28,"Orbitals
We have seen that 1s atomic orbitals on two
atoms form two molecular orbitals designated
as σ1s and σ*1s. In the same manner, the 2s
and 2p atomic orbitals (eight atomic orbitals
2024-25
128
chemistry
Fig.","Match Column - I with Column - II.
Column - I
      Column - II
(a)  
(i)    Brassicaceae
(b) 
(ii)    Liliaceae
(c)  
(iii)    Fabaceae
(d)  
(iv)    Solanaceae
Select the correct answer from the options given
below.
(a)
(b)
(c)
(d)",,
176e8467-3438-41b1-950b-02c36303b978,Botany,XII-BIO-09,0.2778,ef5439fb-02cb-4789-9067-b3a98a9996ed,ncert-books-class-12-biology-chapter-9.pdf,13,"Cell/Organism
There are several methods of introducing the ligated DNA into recipient
cells. Recipient cells after making them 'competent' to receive, take up
DNA present in its surrounding.","Plasmid pBR322 has PstI restriction enzyme site
within gene ampR that confers ampicillin
resistance.  If this enzyme is used for inserting a
gene for β-galactoside production and the
recombinant plasmid is inserted in an E.coli strain",,
92e2ed1a-197d-40c0-9589-f6a9c6945469,Botany,XII-BIO-09,0.2778,ef5439fb-02cb-4789-9067-b3a98a9996ed,ncert-books-class-12-biology-chapter-9.pdf,13,"Cell/Organism
There are several methods of introducing the ligated DNA into recipient
cells. Recipient cells after making them 'competent' to receive, take up
DNA present in its surrounding.","Plasmid pBR322 has PstI restriction enzyme site
within gene ampR that confers ampicillin
resistance.  If this enzyme is used for inserting a
gene for β-galactoside production and the
recombinant plasmid is inserted in an E.coli strain",,
7a135142-d9c4-47e7-b143-d5774d868de2,Botany,CHEMISTRY-U03,0.25,92d36751-337d-4242-ba78-5f5d1b9846bc,ncert-books-class-11-chemistry-chapter-4.pdf,28,"Orbitals
We have seen that 1s atomic orbitals on two
atoms form two molecular orbitals designated
as σ1s and σ*1s. In the same manner, the 2s
and 2p atomic orbitals (eight atomic orbitals
2024-25
128
chemistry
Fig.","Match Column - I with Column - II.
Column - I
      Column - II
(a)  
(i)    Brassicaceae
(b) 
(ii)    Liliaceae
(c)  
(iii)    Fabaceae
(d)  
(iv)    Solanaceae
Select the correct answer from the options given
below.
(a)
(b)
(c)
(d)",,
5bf0d85d-e496-4880-837c-47430c3401b5,Botany,XII-BIO-09,0.3333,be89edea-7b37-4055-9e0c-4cfa86976ac7,ncert-books-class-12-biology-chapter-9.pdf,5,"In the year 1963, the two enzymes responsible for restricting the growth
of bacteriophage in Escherichia coli were isolated. One of these added
methyl groups to DNA, while the other cut DNA.",Diadelphous stamens are found in :,,
2a6c349b-5df0-4de4-8794-fa763151bc40,Botany,PHYSICS-U17,0.3333,e17a2901-8f4c-4aa9-9829-12be9ba22962,leph203.pdf,3,"The phenomenon of photoelectric emission was discovered in 1887 by
Heinrich Hertz (1857-1894), during his electromagnetic wave experiments. In his experimental investigation on the production of electromagnetic
waves by means of a spark discharge, Hertz observed that high voltage
sparks across the detector loop were enhanced when the emitter plate
was illuminated by ultraviolet light from an arc l","The site of perception of light in plants during
photoperiodism is :",,
4ea9b220-95b7-4093-81c8-645d5343102d,Botany,PHYSICS-U17,0.3333,e17a2901-8f4c-4aa9-9829-12be9ba22962,leph203.pdf,3,"The phenomenon of photoelectric emission was discovered in 1887 by
Heinrich Hertz (1857-1894), during his electromagnetic wave experiments. In his experimental investigation on the production of electromagnetic
waves by means of a spark discharge, Hertz observed that high voltage
sparks across the detector loop were enhanced when the emitter plate
was illuminated by ultraviolet light from an arc l","The site of perception of light in plants during
photoperiodism is :",,
0598ac41-bc2a-4b2a-8819-1c9d0b509f4d,Botany,BIOLOGY-U01,0.3333,a8fcedf7-11ca-44e1-9c4c-48dc07fa2528,ncert-books-class-11-biology-chapter-1.pdf,3,"If you look around you will see a large variety of living organisms, be it
potted plants, insects, birds, your pets or other animals and plants. There
are also several organisms that you cannot see with your naked eye but
they are all around you.","Genera like Selaginella and Salvinia produce two
kinds of spores.  Such plants are known as :",,
ed685a8d-4370-45fd-9529-b383a4d89c2e,Botany,XII-BIO-09,0.3333,be89edea-7b37-4055-9e0c-4cfa86976ac7,ncert-books-class-12-biology-chapter-9.pdf,5,"In the year 1963, the two enzymes responsible for restricting the growth
of bacteriophage in Escherichia coli were isolated. One of these added
methyl groups to DNA, while the other cut DNA.",Diadelphous stamens are found in :,,
dd0cc612-5446-4e01-80ae-9fb4e153025c,Botany,BIOLOGY-U01,0.3333,a8fcedf7-11ca-44e1-9c4c-48dc07fa2528,ncert-books-class-11-biology-chapter-1.pdf,3,"If you look around you will see a large variety of living organisms, be it
potted plants, insects, birds, your pets or other animals and plants. There
are also several organisms that you cannot see with your naked eye but
they are all around you.","Genera like Selaginella and Salvinia produce two
kinds of spores.  Such plants are known as :",,
27eb502b-2405-4863-9c5b-12ca0865db31,Botany,XII-BIO-09,0.3333,be89edea-7b37-4055-9e0c-4cfa86976ac7,ncert-books-class-12-biology-chapter-9.pdf,5,"In the year 1963, the two enzymes responsible for restricting the growth
of bacteriophage in Escherichia coli were isolated. One of these added
methyl groups to DNA, while the other cut DNA.",Diadelphous stamens are found in :,,
b5944e3a-4408-4f26-8db5-7dff486f830f,Botany,CHEMISTRY-U19,0.3158,f583e0f5-4f9e-40c4-bdd7-018420b4928c,ncert-books-class-12-chemistry-chapter-10.pdf,18,"10.5: Structure of (a) a nucleoside and (b) a nucleotide
Nucleotides are joined together by phosphodiester linkage between
5¢ and 3¢ carbon atoms of the pentose sugar. The formation of a typical
dinucleotide is shown in Fig.","Match List - I with List - II.
(a) Protein
(i) C=C double bonds
(b) Unsaturated 
fatty acid
(ii) Phosphodiester bonds
(c) Nucleic acid
(iii) Glycosidic bonds
(d) Polysaccharide
(iv) Peptide bonds
List - I
List - II
Choose the correct answer from the options given
below.
(a)
(b)
(c)
(d)",,
485ccddc-9f8b-49cd-9fa8-d5146d138ea6,Botany,CHEMISTRY-U17,0.3636,0e7a2c03-102c-4618-90bc-b78f1f396496,ncert-books-class-12-chemistry-chapter-8.pdf,27,"Reduction
Carboxylic acids are reduced to primary alcohols by lithium
aluminium hydride or better with diborane. Diborane does not easily
reduce functional groups such as ester, nitro, halo, etc.","The amount of nutrients, such as carbon, nitrogen,
phosphorus and calcium present in the soil at any
given time, is referred as :",,
0540a4d3-90f1-41ef-a12e-72bdb7872634,Botany,BIOLOGY-U03,0.375,207fc5c2-25b9-40e1-876e-fb04e42aa752,ncert-books-class-11-biology-chapter-10.pdf,8,"Prophase II: Meiosis II is initiated immediately after cytokinesis, usually
before the chromosomes have fully elongated. In contrast to meiosis I,
meiosis II resembles a normal mitosis.","When the centromere is situated in the middle of
two equal arms of chromosomes, the chromosome
is referred as :",,
87b7dc69-6379-4faa-b512-94005197c222,Botany,CHEMISTRY-U17,0.3636,0e7a2c03-102c-4618-90bc-b78f1f396496,ncert-books-class-12-chemistry-chapter-8.pdf,27,"Reduction
Carboxylic acids are reduced to primary alcohols by lithium
aluminium hydride or better with diborane. Diborane does not easily
reduce functional groups such as ester, nitro, halo, etc.","The amount of nutrients, such as carbon, nitrogen,
phosphorus and calcium present in the soil at any
given time, is referred as :",,
460c58d9-e597-4bf4-9ff3-6ca55d19a738,Botany,BIOLOGY-U03,0.375,207fc5c2-25b9-40e1-876e-fb04e42aa752,ncert-books-class-11-biology-chapter-10.pdf,8,"Prophase II: Meiosis II is initiated immediately after cytokinesis, usually
before the chromosomes have fully elongated. In contrast to meiosis I,
meiosis II resembles a normal mitosis.","When the centromere is situated in the middle of
two equal arms of chromosomes, the chromosome
is referred as :",,
2d47b108-e022-462f-b0da-be5c4e827469,Botany,CHEMISTRY-U17,0.3636,0e7a2c03-102c-4618-90bc-b78f1f396496,ncert-books-class-12-chemistry-chapter-8.pdf,27,"Reduction
Carboxylic acids are reduced to primary alcohols by lithium
aluminium hydride or better with diborane. Diborane does not easily
reduce functional groups such as ester, nitro, halo, etc.","The amount of nutrients, such as carbon, nitrogen,
phosphorus and calcium present in the soil at any
given time, is referred as :",,
dd72da1d-d9de-41cd-a65c-18c45af0ab5e,Botany,BIOLOGY-U03,0.375,207fc5c2-25b9-40e1-876e-fb04e42aa752,ncert-books-class-11-biology-chapter-10.pdf,8,"Prophase II: Meiosis II is initiated immediately after cytokinesis, usually
before the chromosomes have fully elongated. In contrast to meiosis I,
meiosis II resembles a normal mitosis.","When the centromere is situated in the middle of
two equal arms of chromosomes, the chromosome
is referred as :",,
3a672cac-f614-4129-879e-0c920dff2124,Botany,CHEMISTRY-U17,0.3636,0e7a2c03-102c-4618-90bc-b78f1f396496,ncert-books-class-12-chemistry-chapter-8.pdf,27,"Reduction
Carboxylic acids are reduced to primary alcohols by lithium
aluminium hydride or better with diborane. Diborane does not easily
reduce functional groups such as ester, nitro, halo, etc.","The amount of nutrients, such as carbon, nitrogen,
phosphorus and calcium present in the soil at any
given time, is referred as :",,
7bd03eba-544d-4a8f-afbc-9e778d2178a5,Botany,CHEMISTRY-U17,0.3636,0e7a2c03-102c-4618-90bc-b78f1f396496,ncert-books-class-12-chemistry-chapter-8.pdf,27,"Reduction
Carboxylic acids are reduced to primary alcohols by lithium
aluminium hydride or better with diborane. Diborane does not easily
reduce functional groups such as ester, nitro, halo, etc.","The amount of nutrients, such as carbon, nitrogen,
phosphorus and calcium present in the soil at any
given time, is referred as :",,
bef6f0b5-dd1c-49fb-8316-fd61850b8b91,Botany,CHEMISTRY-U08,0.4,c8bfc873-26e8-4321-b6da-a0a664687d4f,ncert-books-class-12-chemistry-chapter-3.pdf,22,"Theory of
Theory of
Theory of
Theory of
Theory of
Chemical
Chemical
Chemical
Chemical
Chemical
Reactions
Reactions
Reactions
Reactions
Reactions
Fig. 3.11: Effect of catalyst on activation
energy
log k2 =
a
1
1
2
1
1
log
2.303 E
k
T
T
R








=


1
5
1
1
1
1
209000 J mol L
log 1.60 10
600 K
700K
2.303 8.314 J mol L K














log k2 = - 4.796 + 2.599 = - 2.197
k2 = 6","The factor that leads to Founder effect in a
population is :",,
c65736f9-c50d-43ef-89a4-7050e1ebc5a7,Botany,XII-BIO-01,0.4286,3f0b5d88-d3ef-4e70-b228-503fb93d95ae,ncert-books-class-12-biology-chapter-1.pdf,11,"In the preceding sections you have learnt that the male and female gametes
in flowering plants are produced in the pollen grain and embryo sac,
respectively. As both types of gametes are non-motile, they have to be
brought together for fertilisation to occur.","The term used for transfer of pollen grains from
anthers of one plant to stigma of a different plant
which, during pollination, brings genetically
different types of pollen grains to stigma, is :",,
c7c739e7-2c51-47ee-b7da-c84796df5006,Botany,PHYSICS-U16,0.4,a17c13be-eff7-402f-b783-d4727bb14cb4,leph202.pdf,15,"Consider holding a long string that is held horizontally, the other end of
which is assumed to be fixed. If we move the end of the string up and
down in a periodic manner, we will generate a wave propagating in the
+x direction (Fig.","In the exponential growth equation
Nt=Noert, e represents :",,
e3f68bb1-6d01-4f61-8449-b383eb06fb4f,Botany,CHEMISTRY-U14,0.4,f6d474fe-4b79-4327-b08a-e04d3124dd65,ncert-books-class-11-chemistry-chapter-8.pdf,15,"The phenomenon of existence of two or more
compounds possessing the same molecular
formula but different properties is known
as isomerism. The following flow chart shows
different types of isomerism.",Complete the flow chart on central dogma.,,
4196487b-6f83-4783-96d8-86fb91eee6f2,Botany,CHEMISTRY-U08,0.4,c8bfc873-26e8-4321-b6da-a0a664687d4f,ncert-books-class-12-chemistry-chapter-3.pdf,22,"Theory of
Theory of
Theory of
Theory of
Theory of
Chemical
Chemical
Chemical
Chemical
Chemical
Reactions
Reactions
Reactions
Reactions
Reactions
Fig. 3.11: Effect of catalyst on activation
energy
log k2 =
a
1
1
2
1
1
log
2.303 E
k
T
T
R








=


1
5
1
1
1
1
209000 J mol L
log 1.60 10
600 K
700K
2.303 8.314 J mol L K














log k2 = - 4.796 + 2.599 = - 2.197
k2 = 6","The factor that leads to Founder effect in a
population is :",,
a3816718-9d12-4dfe-ac84-b9c0e827ec3f,Botany,CHEMISTRY-U14,0.4,f6d474fe-4b79-4327-b08a-e04d3124dd65,ncert-books-class-11-chemistry-chapter-8.pdf,15,"The phenomenon of existence of two or more
compounds possessing the same molecular
formula but different properties is known
as isomerism. The following flow chart shows
different types of isomerism.",Complete the flow chart on central dogma.,,
6b77014d-a667-4c62-8d9f-aa37921f12df,Botany,XII-BIO-10,0.4,74306d6e-244a-4a9a-9410-abdcc29ad6d2,ncert-books-class-12-biology-chapter-10.pdf,6,"If a person is born with a hereditary disease, can a corrective therapy
be taken for such a disease? Gene therapy is a collection of methods that allows correction of a
gene defect that has been diagnosed in a child/embryo.","When gene targetting involving gene amplification
is attempted in an individual’s tissue to treat
disease, it is known as :",,
90ec9103-965d-4ffe-b3ac-1fc7b266fb13,Botany,PHYSICS-U16,0.4,a17c13be-eff7-402f-b783-d4727bb14cb4,leph202.pdf,15,"Consider holding a long string that is held horizontally, the other end of
which is assumed to be fixed. If we move the end of the string up and
down in a periodic manner, we will generate a wave propagating in the
+x direction (Fig.","In the exponential growth equation
Nt=Noert, e represents :",,
e1a94640-0031-4d0f-a986-98e7f7bf05a8,Chemistry,BIOLOGY-U03,0.3,0e66e471-094d-4422-8ea1-d40315e1eddb,ncert-books-class-11-biology-chapter-8.pdf,3,"In 1838, Matthias Schleiden, a German botanist, examined a large number
of plants and observed that all plants are composed of different kinds of
cells which form the tissues of the plant. At about the same time, Theodore
CELL: THE UNIT OF LIFE
CHAPTER 8
8.1 What is a Cell?","Right option for the number of tetrahedral and
octahedral voids in hexagonal primitive unit cell
are :",,
e277101f-9223-418e-97e7-bc1f694f2526,Chemistry,BIOLOGY-U03,0.3,0e66e471-094d-4422-8ea1-d40315e1eddb,ncert-books-class-11-biology-chapter-8.pdf,3,"In 1838, Matthias Schleiden, a German botanist, examined a large number
of plants and observed that all plants are composed of different kinds of
cells which form the tissues of the plant. At about the same time, Theodore
CELL: THE UNIT OF LIFE
CHAPTER 8
8.1 What is a Cell?","Right option for the number of tetrahedral and
octahedral voids in hexagonal primitive unit cell
are :",,
ad9a86f4-8c16-4759-b07a-11db4b5ed50e,Chemistry,CHEMISTRY-U03,0.3333,92d36751-337d-4242-ba78-5f5d1b9846bc,ncert-books-class-11-chemistry-chapter-4.pdf,28,"Orbitals
We have seen that 1s atomic orbitals on two
atoms form two molecular orbitals designated
as σ1s and σ*1s. In the same manner, the 2s
and 2p atomic orbitals (eight atomic orbitals
2024-25
128
chemistry
Fig.","In which one of the following arrangements the
given sequence is not strictly according to the
properties indicated against it ?",,
44375edc-f099-4037-a673-f933283ec85c,Chemistry,BIOLOGY-U05,0.3,b6b2b5f2-8373-4ddf-bb53-4e7de719066d,ncert-books-class-11-biology-chapter-18.pdf,2,"NEURAL SYSTEM
A neuron is a microscopic structure composed of three major parts, namely,
cell body, dendrites and axon (Figure 18.1). The cell body contains cytoplasm
with typical cell organelles and certain granular bodies called Nissl's granules.","The correct option for the number of body centred
unit cells in all 14 types of Bravais lattice unit
cells is :",,
ccaf8e2c-9895-4815-ba7d-524c9ef20b5d,Chemistry,CHEMISTRY-U17,0.3333,75a729e4-9c28-45b2-8c1f-db4043ffd36b,ncert-books-class-12-chemistry-chapter-8.pdf,7,"of Ketones
Reprint 2024-25
234
Chemistry
2. From nitriles
Treating a nitrile with Grignard reagent followed by hydrolysis yields
a ketone.","Identify the compound that will react with Hinsberg’s
reagent to give a solid which dissolves in alkali.",,
0d6d20e4-c2a7-4c24-ad7f-ecf41529be7f,Chemistry,PHYSICS-U07,0.3333,fa3016dd-e461-443c-86bf-a043e9182649,ncert-books-class-11-physics-chapter-9.pdf,3,"The French scientist Blaise Pascal observed that
the pressure in a fluid at rest is the same at all
points if they are at the same height. This fact
may be demonstrated in a simple way.","The right option for the statement “Tyndall effect
is exhibited by”, is :",,
514b8cc5-8f55-44c9-8247-0fb047f77c86,Chemistry,CHEMISTRY-U15,0.3333,2d18505d-a7eb-46ec-8e2d-ea2bb8b7dda5,ncert-books-class-11-chemistry-chapter-9.pdf,12,"For nomenclature of alkenes in IUPAC system,
the longest chain of carbon atoms containing
the double bond is selected. Numbering of the
chain is done from the end which is nearer to
2024-25
307
Hydrocarbons
the double bond.",Ethylene diaminetetraacetate (EDTA) ion is :,,
d0cea1be-7055-499d-b064-b83fd7de1240,Chemistry,BIOLOGY-U05,0.3,b6b2b5f2-8373-4ddf-bb53-4e7de719066d,ncert-books-class-11-biology-chapter-18.pdf,2,"NEURAL SYSTEM
A neuron is a microscopic structure composed of three major parts, namely,
cell body, dendrites and axon (Figure 18.1). The cell body contains cytoplasm
with typical cell organelles and certain granular bodies called Nissl's granules.","The correct option for the number of body centred
unit cells in all 14 types of Bravais lattice unit
cells is :",,
aa7d461e-3261-48a0-a1db-96d8ee835efb,Chemistry,BIOLOGY-U03,0.3846,d3ca01bf-0df4-4520-851d-85359143e1c0,ncert-books-class-11-biology-chapter-9.pdf,10,"Let us first understand a chemical
reaction. Chemical compounds undergo two types of changes.","What is the IUPAC name of the organic compound
formed in the following chemical reaction ?
Acetone 
2
5
2
(i) C H MgBr  dry Ether
(ii) H O  H
,
,
→
+
 Product",,
7e84d8fd-cc27-446f-8934-4387c899ea87,Chemistry,CHEMISTRY-U03,0.375,92d36751-337d-4242-ba78-5f5d1b9846bc,ncert-books-class-11-chemistry-chapter-4.pdf,28,"Orbitals
We have seen that 1s atomic orbitals on two
atoms form two molecular orbitals designated
as σ1s and σ*1s. In the same manner, the 2s
and 2p atomic orbitals (eight atomic orbitals
2024-25
128
chemistry
Fig.","Match List - I with List - II.
List - I
List - II
(a)
[Fe(CN)6]3−
(i)
5.92 BM
(b)
[Fe(H2O)6]3+
(ii)
0 BM
(c)
[Fe(CN)6]4−
(iii)
4.90 BM
(d)
[Fe(H2O)6]2+
(iv)
1.73 BM
Choose the correct answer from the  options given
below.",,
c6ded8d0-6721-4e86-bc9e-52effaf7c7ad,Chemistry,CHEMISTRY-U03,0.375,92d36751-337d-4242-ba78-5f5d1b9846bc,ncert-books-class-11-chemistry-chapter-4.pdf,28,"Orbitals
We have seen that 1s atomic orbitals on two
atoms form two molecular orbitals designated
as σ1s and σ*1s. In the same manner, the 2s
and 2p atomic orbitals (eight atomic orbitals
2024-25
128
chemistry
Fig.","Match List - I with List - II.
List - I
List - II
(a)
[Fe(CN)6]3−
(i)
5.92 BM
(b)
[Fe(H2O)6]3+
(ii)
0 BM
(c)
[Fe(CN)6]4−
(iii)
4.90 BM
(d)
[Fe(H2O)6]2+
(iv)
1.73 BM
Choose the correct answer from the  options given
below.",,
daaf4d83-9fa0-43b2-bd32-afab94e172ef,Chemistry,CHEMISTRY-U08,0.3846,54c4e22e-e43a-4c6a-810c-7f204a8a450e,ncert-books-class-12-chemistry-chapter-3.pdf,12,"Reactions
Reprint 2024-25
73
Chemical Kinetics
Rearranging this equation
[
]
[
]0
R
ln
R
kt
= −
or


0
R
1 ln
R

k
t
(3.10)
At time t1 from equation (3.8)
*ln[R]1 = - kt1 + *ln[R]0
(3.11)
At time t2
ln[R]2 = - kt2 + ln[R]0
(3.12)
where, [R]1 and [R]2 are the concentrations of the reactants at time
t1 and t2 respectively. Subtracting (3.12) from (3.11)
ln[R]1- ln[R]2 = - kt1 - (-kt2)
[
]
[ ]
(","The slope of Arrhenius Plot 
1
ln k v/s T






 of first
order reaction is −5×103 K.  The value of Ea of
the reaction is.  Choose the correct option for your
answer.
[Given R=8.314 JK−1mol−1]",,
f6361d72-d72e-4303-88f5-6b0e5720121a,Chemistry,CHEMISTRY-U05,0.3571,e8be1ff0-0428-475e-937b-58ff9810147e,ncert-books-class-12-chemistry-chapter-1.pdf,16,"Boiling Point
Solution
Solution
Solution
Solution
Solution
Reprint 2024-25
17
Solutions
always higher than that of the boiling point of
the pure solvent in which the solution is prepared
as shown in Fig. Similar to lowering of vapour
pressure, the elevation of boiling point also
depends on the number of solute molecules
rather than their nature.","The following solutions were prepared by dissolving
10 g of glucose (C6H12O6) in 250 ml of water (P1),
10 g of urea (CH4N2O) in 250 ml of water (P2) and
10 g of sucrose (C12H22O11) in 250 ml of
water (P3).  The right option for the decreasing
order of osmotic pressure of these solutions is :",,
3b3665f1-235c-4b06-9d1e-4c01835de100,Chemistry,CHEMISTRY-U06,0.375,737768e3-2d0b-470f-966f-2423bb946a9c,ncert-books-class-11-chemistry-chapter-6.pdf,7,"AND EQUILIBRIUM CONSTANT
A mixture of reactants and products in the
equilibrium state is called an equilibrium
mixture. In this section we shall address a
number of important questions about the
composition of equilibrium mixtures: What is
the relationship between the concentrations
of reactants and products in an equilibrium
mixture?","Which one among the following is the correct option
for right relationship between CP and CV for one
mole of ideal gas ?",,
a9c0e25d-8736-4a85-839f-f8d02dd8617b,Chemistry,BIOLOGY-U03,0.3846,d3ca01bf-0df4-4520-851d-85359143e1c0,ncert-books-class-11-biology-chapter-9.pdf,10,"Let us first understand a chemical
reaction. Chemical compounds undergo two types of changes.","What is the IUPAC name of the organic compound
formed in the following chemical reaction ?
Acetone 
2
5
2
(i) C H MgBr  dry Ether
(ii) H O  H
,
,
→
+
 Product",,
781ea9f5-4ba2-4bc8-8c5d-fb2e040132c6,Chemistry,CHEMISTRY-U03,0.375,92d36751-337d-4242-ba78-5f5d1b9846bc,ncert-books-class-11-chemistry-chapter-4.pdf,28,"Orbitals
We have seen that 1s atomic orbitals on two
atoms form two molecular orbitals designated
as σ1s and σ*1s. In the same manner, the 2s
and 2p atomic orbitals (eight atomic orbitals
2024-25
128
chemistry
Fig.","Match List - I with List - II.
List - I
List - II
(a)
[Fe(CN)6]3−
(i)
5.92 BM
(b)
[Fe(H2O)6]3+
(ii)
0 BM
(c)
[Fe(CN)6]4−
(iii)
4.90 BM
(d)
[Fe(H2O)6]2+
(iv)
1.73 BM
Choose the correct answer from the  options given
below.",,
7eefa61e-deb0-4e0e-a35c-bf2abdcc972f,Chemistry,CHEMISTRY-U03,0.4286,b41bd14d-b12a-4955-b0b9-1e9d9acdadf4,ncert-books-class-11-chemistry-chapter-4.pdf,7,"From the Kössel and Lewis treatment of the
formation of an ionic bond, it follows that the
formation of ionic compounds would primarily
depend upon:
•
The ease of formation of the positive and
negative ions from the respective neutral
atoms;
•
The arrangement of the positive and
negative ions in the solid, that is, the
lattice of the crystalline compound. The formation of a positive ion involves
i","The structures of beryllium chloride in solid state
and vapour phase, are :",,
60339daa-7baa-4dcc-bdcf-9613a4c4ec3e,Chemistry,CHEMISTRY-U05,0.4167,ca250205-134f-4401-8843-1ced632068a9,ncert-books-class-12-chemistry-chapter-1.pdf,15,"Lowering of
Vapour
Pressure
Reprint 2024-25
16
Chemistry
The expression on the left hand side of the equation as mentioned
earlier is called relative lowering of vapour pressure and is equal to
the mole fraction of the solute. The above equation can be written as:
0
1
1
0
1

p - p
p
=
2
1
2



n
n
n

2
2
1
2
since








n
x
n
n
(1.26)
Here n1 and n2 are the number of moles of solvent an","The correct option for the value of vapour pressure
of a solution at 458C with benzene to octane in
molar ratio 3 : 2 is :
[At 458C vapour pressure of benzene is
280 mm Hg and that of octane is 420 mm Hg.
Assume Ideal gas]",,
55afbe06-3679-41ed-81f6-01dc78ebd03a,Chemistry,CHEMISTRY-U05,0.4167,ca250205-134f-4401-8843-1ced632068a9,ncert-books-class-12-chemistry-chapter-1.pdf,15,"Lowering of
Vapour
Pressure
Reprint 2024-25
16
Chemistry
The expression on the left hand side of the equation as mentioned
earlier is called relative lowering of vapour pressure and is equal to
the mole fraction of the solute. The above equation can be written as:
0
1
1
0
1

p - p
p
=
2
1
2



n
n
n

2
2
1
2
since








n
x
n
n
(1.26)
Here n1 and n2 are the number of moles of solvent an","The correct option for the value of vapour pressure
of a solution at 458C with benzene to octane in
molar ratio 3 : 2 is :
[At 458C vapour pressure of benzene is
280 mm Hg and that of octane is 420 mm Hg.
Assume Ideal gas]",,
5f1d7574-b973-4653-9f96-cc04a03c2f27,Chemistry,BIOLOGY-U03,0.4444,28523909-c2e4-4c66-8c58-a031605f8a64,ncert-books-class-11-biology-chapter-9.pdf,12,"Each enzyme (E) has a substrate (S) binding site in its molecule so that a
highly reactive enzyme-substrate complex (ES) is produced. This
complex is short-lived and dissociates into its product(s) P and the
unchanged enzyme with an intermediate formation of the enzyme-product
complex (EP).","For a reaction A→B, enthalpy of reaction is
−4.2 kJ mol−1 and enthalpy of activation is
9.6 kJ mol−1.  The correct potential energy profile
for the reaction is shown in option.",,
883268bf-331a-4318-a4cc-10ebbd6d1029,Chemistry,CHEMISTRY-U03,0.4286,b41bd14d-b12a-4955-b0b9-1e9d9acdadf4,ncert-books-class-11-chemistry-chapter-4.pdf,7,"From the Kössel and Lewis treatment of the
formation of an ionic bond, it follows that the
formation of ionic compounds would primarily
depend upon:
•
The ease of formation of the positive and
negative ions from the respective neutral
atoms;
•
The arrangement of the positive and
negative ions in the solid, that is, the
lattice of the crystalline compound. The formation of a positive ion involves
i","The structures of beryllium chloride in solid state
and vapour phase, are :",,
a7e68b89-b3aa-4aba-8710-bd28377ba3a4,Chemistry,CHEMISTRY-U06,0.4,ac632402-a72e-44a1-ad79-0c81b1ad4cf4,ncert-books-class-11-chemistry-chapter-6.pdf,19,"A pressure change obtained by changing the
volume can affect the yield of products in
case of a gaseous reaction where the total
number of moles of gaseous reactants and
total number of moles of gaseous products are
different. In applying Le Chatelier's principle
to a heterogeneous equilibrium the effect
of pressure changes on solids and liquids
can be ignored because the volume (and
concentration","Choose the correct option for the total pressure
(in atm.) in a mixture of 4 g O2 and 2 g H2 confined
in a total volume of one litre at 08C is :
[Given R=0.082 L atm mol−1K−1, T=273 K]",,
947c31b3-1823-4d6b-b1f2-ace4ea44bd39,Chemistry,CHEMISTRY-U03,0.4286,b41bd14d-b12a-4955-b0b9-1e9d9acdadf4,ncert-books-class-11-chemistry-chapter-4.pdf,7,"From the Kössel and Lewis treatment of the
formation of an ionic bond, it follows that the
formation of ionic compounds would primarily
depend upon:
•
The ease of formation of the positive and
negative ions from the respective neutral
atoms;
•
The arrangement of the positive and
negative ions in the solid, that is, the
lattice of the crystalline compound. The formation of a positive ion involves
i","The structures of beryllium chloride in solid state
and vapour phase, are :",,
e6b6bc2f-30ba-4db6-a2c3-509897e442b4,Chemistry,CHEMISTRY-U06,0.4,ac632402-a72e-44a1-ad79-0c81b1ad4cf4,ncert-books-class-11-chemistry-chapter-6.pdf,19,"A pressure change obtained by changing the
volume can affect the yield of products in
case of a gaseous reaction where the total
number of moles of gaseous reactants and
total number of moles of gaseous products are
different. In applying Le Chatelier's principle
to a heterogeneous equilibrium the effect
of pressure changes on solids and liquids
can be ignored because the volume (and
concentration","Choose the correct option for the total pressure
(in atm.) in a mixture of 4 g O2 and 2 g H2 confined
in a total volume of one litre at 08C is :
[Given R=0.082 L atm mol−1K−1, T=273 K]",,
2a4a4e74-b6f8-4c06-9730-f13fe9328955,Chemistry,PHYSICS-U15,0.4667,fe48a7cc-2fa6-4d2f-83cc-1ea4ceb486a3,ncert-book-class-12-physics-part-1-chapter-8.pdf,11,"They lie in the upper frequency range of the electromagnetic spectrum
and have wavelengths of from about 10-10m to less than 10-14m. This
high frequency radiation is produced in nuclear reactions and
also emitted by radioactive nuclei.","A particular station of All India Radio, New Delhi,
broadcasts on a frequency of 1,368 kHz (kilohertz).
The wavelength of the electromagnetic radiation
emitted by the transmitter is : [speed of light,
c=3.0×108 ms−1]",,
69b65f21-e7fd-4fdb-bf3a-da413ff5a692,Chemistry,PHYSICS-U15,0.4667,fe48a7cc-2fa6-4d2f-83cc-1ea4ceb486a3,ncert-book-class-12-physics-part-1-chapter-8.pdf,11,"They lie in the upper frequency range of the electromagnetic spectrum
and have wavelengths of from about 10-10m to less than 10-14m. This
high frequency radiation is produced in nuclear reactions and
also emitted by radioactive nuclei.","A particular station of All India Radio, New Delhi,
broadcasts on a frequency of 1,368 kHz (kilohertz).
The wavelength of the electromagnetic radiation
emitted by the transmitter is : [speed of light,
c=3.0×108 ms−1]",,
09f8ac96-85ea-4f01-9ab4-b62b9e2aa2a5,Chemistry,CHEMISTRY-U06,0.45,e85b8a08-6f6d-4d17-8bce-f97965bff532,ncert-books-class-11-chemistry-chapter-6.pdf,32,"and Polyacidic Bases
Some of the acids like oxalic acid, sulphuric
acid and phosphoric acids have more than
one ionizable proton per molecule of the
acid. Such acids are known as polybasic or
polyprotic acids.","Statement I :
Acid strength increases in the order given as
HF << HCl << HBr << HI.
Statement II :
As the size of the elements F, Cl, Br, I increases
down the group, the bond strength of HF, HCl,
HBr and HI decreases and so the acid strength
increases.
In the light of the above statements, choose th",,
17181ac1-fb7b-4ed7-888c-157fe072f5ce,Chemistry,CHEMISTRY-U06,0.45,e85b8a08-6f6d-4d17-8bce-f97965bff532,ncert-books-class-11-chemistry-chapter-6.pdf,32,"and Polyacidic Bases
Some of the acids like oxalic acid, sulphuric
acid and phosphoric acids have more than
one ionizable proton per molecule of the
acid. Such acids are known as polybasic or
polyprotic acids.","Statement I :
Acid strength increases in the order given as
HF << HCl << HBr << HI.
Statement II :
As the size of the elements F, Cl, Br, I increases
down the group, the bond strength of HF, HCl,
HBr and HI decreases and so the acid strength
increases.
In the light of the above statements, choose th",,
3e8ac98d-a2d0-45ae-b5b4-27f2b47aa760,Chemistry,CHEMISTRY-U06,0.45,e85b8a08-6f6d-4d17-8bce-f97965bff532,ncert-books-class-11-chemistry-chapter-6.pdf,32,"and Polyacidic Bases
Some of the acids like oxalic acid, sulphuric
acid and phosphoric acids have more than
one ionizable proton per molecule of the
acid. Such acids are known as polybasic or
polyprotic acids.","Statement I :
Acid strength increases in the order given as
HF << HCl << HBr << HI.
Statement II :
As the size of the elements F, Cl, Br, I increases
down the group, the bond strength of HF, HCl,
HBr and HI decreases and so the acid strength
increases.
In the light of the above statements, choose th",,
f9b46b11-426b-4184-bfd0-aa4260bdbd7e,Chemistry,PHYSICS-U15,0.4667,fe48a7cc-2fa6-4d2f-83cc-1ea4ceb486a3,ncert-book-class-12-physics-part-1-chapter-8.pdf,11,"They lie in the upper frequency range of the electromagnetic spectrum
and have wavelengths of from about 10-10m to less than 10-14m. This
high frequency radiation is produced in nuclear reactions and
also emitted by radioactive nuclei.","A particular station of All India Radio, New Delhi,
broadcasts on a frequency of 1,368 kHz (kilohertz).
The wavelength of the electromagnetic radiation
emitted by the transmitter is : [speed of light,
c=3.0×108 ms−1]",,
12f82043-b0c0-46ce-b62d-a1229c455289,Chemistry,PHYSICS-U15,0.4667,fe48a7cc-2fa6-4d2f-83cc-1ea4ceb486a3,ncert-book-class-12-physics-part-1-chapter-8.pdf,11,"They lie in the upper frequency range of the electromagnetic spectrum
and have wavelengths of from about 10-10m to less than 10-14m. This
high frequency radiation is produced in nuclear reactions and
also emitted by radioactive nuclei.","A particular station of All India Radio, New Delhi,
broadcasts on a frequency of 1,368 kHz (kilohertz).
The wavelength of the electromagnetic radiation
emitted by the transmitter is : [speed of light,
c=3.0×108 ms−1]",,
32603ac8-91b8-4b3c-9879-aef1f199d194,Chemistry,CHEMISTRY-U06,0.45,e85b8a08-6f6d-4d17-8bce-f97965bff532,ncert-books-class-11-chemistry-chapter-6.pdf,32,"and Polyacidic Bases
Some of the acids like oxalic acid, sulphuric
acid and phosphoric acids have more than
one ionizable proton per molecule of the
acid. Such acids are known as polybasic or
polyprotic acids.","Statement I :
Acid strength increases in the order given as
HF << HCl << HBr << HI.
Statement II :
As the size of the elements F, Cl, Br, I increases
down the group, the bond strength of HF, HCl,
HBr and HI decreases and so the acid strength
increases.
In the light of the above statements, choose th",,
6971e2c4-ef43-4027-a51a-2ffc35b445ee,Physics,PHYSICS-U01,0.25,f50452f2-63c3-41ae-a2a7-bb1b3445f58e,ncert-books-class-11-physics-chapter-1.pdf,7,"FORMULAE
AND
DIMENSIONAL EQUATIONS
The expression which shows how and which of
the base quantities represent the dimensions
of a physical quantity is called the dimensional
formula of the given physical quantity. For
example, the dimensional formula of the volume
is [M° L3 T°], and that of speed or velocity is
[M° L T-1].","Column - I gives certain physical terms associated
with flow of current through a metallic conductor.
Column - II gives some mathematical relations
involving electrical quantities.  Match
Column - I and Column - II with appropriate
relations.
Column - I
Column - II
(A)
Drift Velocity
(P)
2
m
ne ρ
(B",,
5b68bfee-253f-4961-bf5f-dd21b089eb1b,Physics,CHEMISTRY-U02,0.2727,b34d018a-6282-4663-9b8e-8e821c042130,ncert-books-class-11-chemistry-chapter-2.pdf,4,"Observations obtained from the experiments
mentioned in the previous sections have
suggested that Dalton's indivisible atom is
composed of sub-atomic particles carrying
positive and negative charges. The major
problems before the scientists after the
discovery of sub-atomic particles were:
•
to account for the stability of atom,
•
to compare the behaviour of elements
in terms of both physical and ","Twenty seven drops of same size are charged at
220 V each.  They combine to form a bigger drop.
Calculate the potential of the bigger drop.",,
596e186a-45f5-42af-a869-6907c9bd9179,Physics,CHEMISTRY-U02,0.2727,b34d018a-6282-4663-9b8e-8e821c042130,ncert-books-class-11-chemistry-chapter-2.pdf,4,"Observations obtained from the experiments
mentioned in the previous sections have
suggested that Dalton's indivisible atom is
composed of sub-atomic particles carrying
positive and negative charges. The major
problems before the scientists after the
discovery of sub-atomic particles were:
•
to account for the stability of atom,
•
to compare the behaviour of elements
in terms of both physical and ","Twenty seven drops of same size are charged at
220 V each.  They combine to form a bigger drop.
Calculate the potential of the bigger drop.",,
03c64463-ced8-4f26-a06a-06c9541c06c4,Physics,PHYSICS-U01,0.25,f50452f2-63c3-41ae-a2a7-bb1b3445f58e,ncert-books-class-11-physics-chapter-1.pdf,7,"FORMULAE
AND
DIMENSIONAL EQUATIONS
The expression which shows how and which of
the base quantities represent the dimensions
of a physical quantity is called the dimensional
formula of the given physical quantity. For
example, the dimensional formula of the volume
is [M° L3 T°], and that of speed or velocity is
[M° L T-1].","Column - I gives certain physical terms associated
with flow of current through a metallic conductor.
Column - II gives some mathematical relations
involving electrical quantities.  Match
Column - I and Column - II with appropriate
relations.
Column - I
Column - II
(A)
Drift Velocity
(P)
2
m
ne ρ
(B",,
dfaab284-ed52-4c96-940f-3c467792c9c7,Physics,PHYSICS-U04,0.2857,dca4aebd-90e3-4543-b676-a90e91a5edad,ncert-books-class-11-physics-chapter-5.pdf,13,"Often it is interesting to know not only the work
done on an object, but also the rate at which
this work is done. We say a person is physically
fit if he not only climbs four floors of a building
but climbs them fast.","Water falls from a height of 60 m at the rate of
15 kg/s to operate a turbine.  The losses due to
frictional force are 10% of the input energy.  How
much power is generated by the turbine ?
(g=10 m/s2)",,
425ec846-c294-438b-bfcb-18c2e6895fae,Physics,PHYSICS-U04,0.2857,dca4aebd-90e3-4543-b676-a90e91a5edad,ncert-books-class-11-physics-chapter-5.pdf,13,"Often it is interesting to know not only the work
done on an object, but also the rate at which
this work is done. We say a person is physically
fit if he not only climbs four floors of a building
but climbs them fast.","Water falls from a height of 60 m at the rate of
15 kg/s to operate a turbine.  The losses due to
frictional force are 10% of the input energy.  How
much power is generated by the turbine ?
(g=10 m/s2)",,
d2311a1f-44de-4ce6-9a74-10ec097638ca,Physics,CHEMISTRY-U02,0.2727,b34d018a-6282-4663-9b8e-8e821c042130,ncert-books-class-11-chemistry-chapter-2.pdf,4,"Observations obtained from the experiments
mentioned in the previous sections have
suggested that Dalton's indivisible atom is
composed of sub-atomic particles carrying
positive and negative charges. The major
problems before the scientists after the
discovery of sub-atomic particles were:
•
to account for the stability of atom,
•
to compare the behaviour of elements
in terms of both physical and ","Twenty seven drops of same size are charged at
220 V each.  They combine to form a bigger drop.
Calculate the potential of the bigger drop.",,
f59b06e8-1a22-4b42-98b3-243d464b744a,Physics,CHEMISTRY-U02,0.2727,b34d018a-6282-4663-9b8e-8e821c042130,ncert-books-class-11-chemistry-chapter-2.pdf,4,"Observations obtained from the experiments
mentioned in the previous sections have
suggested that Dalton's indivisible atom is
composed of sub-atomic particles carrying
positive and negative charges. The major
problems before the scientists after the
discovery of sub-atomic particles were:
•
to account for the stability of atom,
•
to compare the behaviour of elements
in terms of both physical and ","Twenty seven drops of same size are charged at
220 V each.  They combine to form a bigger drop.
Calculate the potential of the bigger drop.",,
6a241638-d650-4ec3-b6dc-abdffd5217e1,Physics,PHYSICS-U13,0.3333,88217084-b7a6-47af-915a-9fcd3cef0b48,ncert-book-class-12-physics-part-1-chapter-5.pdf,5,"(5.1), (5.2) and (5.3) with the corresponding equations
for electric dipole (Chapter 1), suggests that magnetic field at large
distances due to a bar magnet of magnetic moment m can be obtained
from the equation for electric field due to an electric dipole of dipole moment
p, by making the following replacements:
→
E
B ,
→
p
m ,
0
0
1
4
4
µ
ε
→
π
π
In particular, we can write down the equatorial f","A uniform rod of length 200 cm and mass 500 g is
balanced on a wedge placed at 40 cm mark.  A
mass of 2 kg is suspended from the rod at 20 cm
and another unknown mass ‘m’ is suspended from
the rod at 160 cm mark as shown in the figure.
Find the value of ‘m’ such that the rod is in
equilibrium.  (g=1",,
c49ba5cb-6115-45eb-8376-35821244aaf0,Physics,PHYSICS-U13,0.3158,b708f117-77cc-4d71-943a-50e57b6715bd,ncert-book-class-12-physics-part-1-chapter-4.pdf,4,"We can extend the analysis for force due to magnetic field on a single
moving charge to a straight rod carrying current. Consider a rod of a
uniform cross-sectional area A and length l.","A uniform conducting wire of length 12a and
resistance ‘R’ is wound up as a current carrying
coil in the shape of,
(i)
an equilateral triangle of side ‘a’.
(ii)
a square of side ‘a’.
The magnetic dipole moments of the coil in each
case respectively are :",,
f6e456c5-6aa1-401b-930b-fb0ff3f4bd7a,Physics,PHYSICS-U13,0.3333,88217084-b7a6-47af-915a-9fcd3cef0b48,ncert-book-class-12-physics-part-1-chapter-5.pdf,5,"(5.1), (5.2) and (5.3) with the corresponding equations
for electric dipole (Chapter 1), suggests that magnetic field at large
distances due to a bar magnet of magnetic moment m can be obtained
from the equation for electric field due to an electric dipole of dipole moment
p, by making the following replacements:
→
E
B ,
→
p
m ,
0
0
1
4
4
µ
ε
→
π
π
In particular, we can write down the equatorial f","A uniform rod of length 200 cm and mass 500 g is
balanced on a wedge placed at 40 cm mark.  A
mass of 2 kg is suspended from the rod at 20 cm
and another unknown mass ‘m’ is suspended from
the rod at 160 cm mark as shown in the figure.
Find the value of ‘m’ such that the rod is in
equilibrium.  (g=1",,
3b87773e-0216-4461-ae9b-913532648a41,Physics,CHEMISTRY-U08,0.3,ab48ffc8-9421-4aee-98f5-8950b0263d76,ncert-books-class-12-chemistry-chapter-3.pdf,26,"Fill in the blanks in the following table:
Experiment
[A]/ mol L-1
[B]/ mol L-1
Initial rate/
mol L-1 min-1
I
0.1
0.1
2.0 × 10-2
II
-
0.2
4.0 × 10-2
III
0.4
0.4
-
IV
-
0.2
2.0 × 10-2
3.13 Calculate the half-life of a first order reaction from their rate constants given
below:
(i) 200 s-1
(ii) 2 min-1
(iii) 4 years-1
3.14 The half-life for radioactive decay of 14C is 5730 years. An archaeological
a","The half-life of a radioactive nuclide is 100 hours.
The fraction of original activity that will remain
after 150 hours would be :",,
7313f149-7bdb-4e17-aa12-c8174c2d2613,Physics,CHEMISTRY-U08,0.3,ab48ffc8-9421-4aee-98f5-8950b0263d76,ncert-books-class-12-chemistry-chapter-3.pdf,26,"Fill in the blanks in the following table:
Experiment
[A]/ mol L-1
[B]/ mol L-1
Initial rate/
mol L-1 min-1
I
0.1
0.1
2.0 × 10-2
II
-
0.2
4.0 × 10-2
III
0.4
0.4
-
IV
-
0.2
2.0 × 10-2
3.13 Calculate the half-life of a first order reaction from their rate constants given
below:
(i) 200 s-1
(ii) 2 min-1
(iii) 4 years-1
3.14 The half-life for radioactive decay of 14C is 5730 years. An archaeological
a","The half-life of a radioactive nuclide is 100 hours.
The fraction of original activity that will remain
after 150 hours would be :",,
66d073d2-1c92-4e40-a3c9-38df8d321d49,Physics,PHYSICS-U13,0.3333,88217084-b7a6-47af-915a-9fcd3cef0b48,ncert-book-class-12-physics-part-1-chapter-5.pdf,5,"(5.1), (5.2) and (5.3) with the corresponding equations
for electric dipole (Chapter 1), suggests that magnetic field at large
distances due to a bar magnet of magnetic moment m can be obtained
from the equation for electric field due to an electric dipole of dipole moment
p, by making the following replacements:
→
E
B ,
→
p
m ,
0
0
1
4
4
µ
ε
→
π
π
In particular, we can write down the equatorial f","A uniform rod of length 200 cm and mass 500 g is
balanced on a wedge placed at 40 cm mark.  A
mass of 2 kg is suspended from the rod at 20 cm
and another unknown mass ‘m’ is suspended from
the rod at 160 cm mark as shown in the figure.
Find the value of ‘m’ such that the rod is in
equilibrium.  (g=1",,
f55e44b4-952d-4630-928d-2d7ccce8d81f,Physics,PHYSICS-U15,0.3077,92022549-f89b-44ea-b6c9-ade866dc7fc6,ncert-book-class-12-physics-part-1-chapter-8.pdf,2,"We have seen in Chapter 4 that an electrical current
produces a magnetic field around it. Maxwell showed
that for logical consistency, a changing electric field must
also produce a magnetic field.","In a potentiometer circuit a cell of EMF 1.5 V gives
balance point at 36 cm length of wire.  If another
cell of EMF 2.5 V replaces the first cell, then at
what length of the wire, the balance point occurs ?",,
9c19cb5e-70d2-4c14-9d64-f16433f89b17,Physics,PHYSICS-U13,0.3333,88217084-b7a6-47af-915a-9fcd3cef0b48,ncert-book-class-12-physics-part-1-chapter-5.pdf,5,"(5.1), (5.2) and (5.3) with the corresponding equations
for electric dipole (Chapter 1), suggests that magnetic field at large
distances due to a bar magnet of magnetic moment m can be obtained
from the equation for electric field due to an electric dipole of dipole moment
p, by making the following replacements:
→
E
B ,
→
p
m ,
0
0
1
4
4
µ
ε
→
π
π
In particular, we can write down the equatorial f","A uniform rod of length 200 cm and mass 500 g is
balanced on a wedge placed at 40 cm mark.  A
mass of 2 kg is suspended from the rod at 20 cm
and another unknown mass ‘m’ is suspended from
the rod at 160 cm mark as shown in the figure.
Find the value of ‘m’ such that the rod is in
equilibrium.  (g=1",,
626bf32c-ab21-4dd4-8b26-3771e013afbc,Physics,PHYSICS-U11,0.3636,0c54147b-1e2a-47c6-ba14-2cbc923c35d2,ncert-book-class-12-physics-part-1-chapter-1.pdf,25,"In most molecules, the centres of positive charges and of negative charges*
lie at the same place. CO2 and
CH4 are of this type of molecules.","The electron concentration in an n-type
semiconductor is the same as hole concentration
in a p-type semiconductor.  An external field
(electric) is applied across each of them.  Compare
the currents in them.",,
9a6547ae-07ef-46b9-9c74-1c95e0a83f12,Physics,PHYSICS-U03,0.3636,e9522782-9268-4959-9300-51711921519c,ncert-books-class-11-physics-chapter-4.pdf,22,"string that goes over a frictionless pulley. Find the acceleration of the masses, and
the tension in the string when the masses are released.","A ball of mass 0.15 kg is dropped from a height
10 m, strikes the ground and rebounds to the same
height.  The magnitude of impulse imparted to
the ball is (g=10 m/s2) nearly :",,
3a624f3b-fb26-48f6-8133-8bd1f4636825,Physics,PHYSICS-U10,0.3636,06d27155-3a6e-4cbe-97a8-d04dfd580366,ncert-books-class-11-physics-chapter-13.pdf,17,"displacement function,
x(t) = A cos (ωt + φ ). If the initial (t = 0) position of the particle is 1 cm and its initial velocity is ω cm/s,
what are its amplitude and initial phase angle ?","A particle of mass ‘m’ is projected with a velocity
v=kVe(k < 1) from the surface of the earth.
(Ve=escape velocity)
The maximum height above the surface reached
by the particle is :",,
e824ffb0-95e6-498c-8f1d-9f877446983b,Physics,CHEMISTRY-U07,0.375,f8ba0ac6-ab64-49c5-ad68-0d5bfe4e33ef,ncert-books-class-12-chemistry-chapter-2.pdf,10,"chemical
Cell and
Gibbs
Energy of
the Reaction
Calculate the equilibrium constant of the reaction:
Cu(s) + 2Ag+(aq) ® Cu2+(aq) + 2Ag(s)
(
)
o
cell
E
= 0.46 V
(
)
o
cell
E
= 0 059
2
. V log KC = 0.46 V or
log
KC =
0 46
2
0 059
.","The effective resistance of a parallel connection that
consists of four wires of equal length, equal area of
cross-section and same material is 0.25 Ω.  What
will be the effective resistance if they are connected
in series ?",,
2f874da6-2383-4ba3-91ec-13d4d23327af,Physics,PHYSICS-U03,0.3636,e9522782-9268-4959-9300-51711921519c,ncert-books-class-11-physics-chapter-4.pdf,22,"string that goes over a frictionless pulley. Find the acceleration of the masses, and
the tension in the string when the masses are released.","A ball of mass 0.15 kg is dropped from a height
10 m, strikes the ground and rebounds to the same
height.  The magnitude of impulse imparted to
the ball is (g=10 m/s2) nearly :",,
26a0a78e-b12c-4c27-be12-8c29bc4d8fa2,Physics,PHYSICS-U03,0.3636,e9522782-9268-4959-9300-51711921519c,ncert-books-class-11-physics-chapter-4.pdf,22,"string that goes over a frictionless pulley. Find the acceleration of the masses, and
the tension in the string when the masses are released.","A ball of mass 0.15 kg is dropped from a height
10 m, strikes the ground and rebounds to the same
height.  The magnitude of impulse imparted to
the ball is (g=10 m/s2) nearly :",,
9eb00bb2-5856-4539-ae7c-db3d74816e3f,Physics,CHEMISTRY-U09,0.3636,b792a45f-1481-4040-a141-17a347a18200,ncert-books-class-11-chemistry-chapter-3.pdf,5,"PRESENT FORM OF THE PERIODIC
TABLE
We must bear in mind that when Mendeleev
developed his Periodic Table, chemists
knew nothing about the internal structure
of atom. However, the beginning of the 20th
century witnessed profound developments
in theories about sub-atomic particles.","A radioactive nucleus A
ZX  undergoes spontaneous
decay in the sequence
A
Z 1
Z 3
Z 2
ZX
B
C
D
−
−
−
→
→
→
, where Z is the
atomic number of element X.  The possible decay
particles in the sequence are :",,
ab7c1bb5-f234-47da-9570-4ca7a840eaf2,Physics,CHEMISTRY-U07,0.375,f8ba0ac6-ab64-49c5-ad68-0d5bfe4e33ef,ncert-books-class-12-chemistry-chapter-2.pdf,10,"chemical
Cell and
Gibbs
Energy of
the Reaction
Calculate the equilibrium constant of the reaction:
Cu(s) + 2Ag+(aq) ® Cu2+(aq) + 2Ag(s)
(
)
o
cell
E
= 0.46 V
(
)
o
cell
E
= 0 059
2
. V log KC = 0.46 V or
log
KC =
0 46
2
0 059
.","The effective resistance of a parallel connection that
consists of four wires of equal length, equal area of
cross-section and same material is 0.25 Ω.  What
will be the effective resistance if they are connected
in series ?",,
244c3b28-8246-4c93-ab04-6722e92cfcd4,Physics,PHYSICS-U10,0.4211,60572d77-f15a-4702-b469-73845702a65d,ncert-books-class-11-physics-chapter-13.pdf,8,"SIMPLE HARMONIC MOTION
The speed of a particle v in uniform circular
motion is its angular speed ω times the radius
of the circle A. v = ω A
(13.8)
The direction of velocity v at a time t is along
the tangent to the circle at the point where the
particle is located at that instant.","A particle moving in a circle of radius R with a
uniform speed takes a time T to complete one
revolution.
If this particle were projected with the same speed
at an angle ‘θ’ to the horizontal, the maximum
height attained by it equals 4R.  The angle of
projection, θ, is then given by :",,
a6f23f74-6292-4980-9147-fa2b4b68b89b,Physics,PHYSICS-U01,0.4444,da5a988c-f410-47dd-b5c8-f0dd5989de83,ncert-books-class-11-physics-chapter-1.pdf,11,"He makes 20 observations and finds that the average
width of the hair in the field of view of the microscope is 3.5 mm. What is the
estimate on the thickness of hair ?","A screw gauge gives the following readings when
used to measure the diameter of a wire
Main scale reading : 0 mm
Circular scale reading : 52 divisions
Given that 1 mm on main scale corresponds to
100 divisions on the circular scale.  The diameter
of the wire from the above data is :",,
6274b455-8f1d-4c08-95fa-a986390d9d52,Physics,PHYSICS-U05,0.4444,2a498b57-540a-453b-b56a-408c4045cdfc,ncert-books-class-11-physics-chapter-6.pdf,25,"ABOUT A FIXED AXIS
We have already indicated the analogy between
rotational motion and translational motion. For
example, the angular velocity ωωωωω plays the same
role in rotation as the linear velocity v in
translation.","From a circular ring of mass ‘M’ and radius ‘R’ an
arc corresponding to a 908 sector is removed.  The
moment of inertia of the remaining part of the ring
about an axis passing through the centre of the
ring and perpendicular to the plane of the ring is
‘K’ times ‘MR2’.  Then the value of ‘K’ is :",,
3c7828d5-3167-42bd-9ae4-ecb4323c87a0,Physics,PHYSICS-U01,0.4444,da5a988c-f410-47dd-b5c8-f0dd5989de83,ncert-books-class-11-physics-chapter-1.pdf,11,"He makes 20 observations and finds that the average
width of the hair in the field of view of the microscope is 3.5 mm. What is the
estimate on the thickness of hair ?","A screw gauge gives the following readings when
used to measure the diameter of a wire
Main scale reading : 0 mm
Circular scale reading : 52 divisions
Given that 1 mm on main scale corresponds to
100 divisions on the circular scale.  The diameter
of the wire from the above data is :",,
fd4f80fc-5f50-43c2-a641-ee2707225d2c,Physics,PHYSICS-U04,0.4286,b4a3d192-b472-4a9a-a094-437340945b90,ncert-books-class-11-physics-chapter-5.pdf,3,"ENERGY: THE WORK-ENERGY THEOREM
The following relation for rectilinear motion under
constant acceleration a has been encountered
in Chapter 3,
v2 − u2 = 2 as
(5.2)
where u and v are the initial and final speeds
and s the distance traversed. Multiplying both
sides by m/2, we have
2
2
1
1
2
2
mv
mu
mas
Fs
−
=
=
(5.2a)
where the last step follows from Newton's Second
Law.","A particle is released from height S from the
surface of the Earth.  At a certain height its kinetic
energy is three times its potential energy.  The
height from the surface of earth and the speed of
the particle at that instant are respectively :",,
c0ab870e-de04-448e-a114-e40aaee5ed58,Physics,PHYSICS-U10,0.4211,60572d77-f15a-4702-b469-73845702a65d,ncert-books-class-11-physics-chapter-13.pdf,8,"SIMPLE HARMONIC MOTION
The speed of a particle v in uniform circular
motion is its angular speed ω times the radius
of the circle A. v = ω A
(13.8)
The direction of velocity v at a time t is along
the tangent to the circle at the point where the
particle is located at that instant.","A particle moving in a circle of radius R with a
uniform speed takes a time T to complete one
revolution.
If this particle were projected with the same speed
at an angle ‘θ’ to the horizontal, the maximum
height attained by it equals 4R.  The angle of
projection, θ, is then given by :",,
f185365c-1eb9-457f-b0a5-2f60e3fd7a00,Physics,PHYSICS-U05,0.4444,2a498b57-540a-453b-b56a-408c4045cdfc,ncert-books-class-11-physics-chapter-6.pdf,25,"ABOUT A FIXED AXIS
We have already indicated the analogy between
rotational motion and translational motion. For
example, the angular velocity ωωωωω plays the same
role in rotation as the linear velocity v in
translation.","From a circular ring of mass ‘M’ and radius ‘R’ an
arc corresponding to a 908 sector is removed.  The
moment of inertia of the remaining part of the ring
about an axis passing through the centre of the
ring and perpendicular to the plane of the ring is
‘K’ times ‘MR2’.  Then the value of ‘K’ is :",,
19f97d4f-a852-42dc-936a-658ea7ebe994,Physics,PHYSICS-U14,0.4118,c8bea58d-56fb-48c5-9ed0-ec842e4bb0f9,ncert-book-class-12-physics-part-1-chapter-7.pdf,5,"BY ROTATING VECTORS - PHASORS
In the previous section, we learnt that the current through a resistor is
in phase with the ac voltage. But this is not so in the case of an inductor,
a capacitor or a combination of these circuit elements.","A series LCR circuit containing 5.0 H inductor,
80 µF capacitor and 40 Ω resistor is connected to
230 V variable frequency ac source.  The angular
frequencies of the source at which power
transferred to the circuit is half the power at the
resonant angular frequency are likely to be :",,
08e4376c-3dbe-4ac7-8c85-9a1db320082c,Physics,CHEMISTRY-U02,0.4615,94c7fee0-99b2-441e-9f37-93f3e6c244f6,ncert-books-class-11-chemistry-chapter-2.pdf,41,"(i) correspond to light of frequency 3×1015 Hz. 2.7 Calculate the wavelength, frequency and wavenumber of a light wave whose period
is 2.0 × 10-10 s.","An electromagnetic wave of wavelength ‘λ’ is
incident on a photosensitive surface of negligible
work function.  If ‘m’ mass is of photoelectron
emitted from the surface has de-Broglie wavelength
λd, then :",,
4bde2147-8156-497c-8a54-3f84016d2939,Physics,PHYSICS-U11,0.4545,12ec20b9-524b-4642-8e8a-b4abc5e8e356,ncert-book-class-12-physics-part-1-chapter-1.pdf,35,"Let s be the uniform surface charge density of a thin spherical shell of
radius R (Fig. The situation has obvious spherical symmetry.","Two charged spherical conductors of radius R1 and
R2 are connected by a wire.  Then the ratio of
surface charge densities of the spheres (σ1/σ2) is :",,
4c0f5fa0-1fb4-4f79-bce8-540827fa88c5,Physics,CHEMISTRY-U02,0.4615,94c7fee0-99b2-441e-9f37-93f3e6c244f6,ncert-books-class-11-chemistry-chapter-2.pdf,41,"(i) correspond to light of frequency 3×1015 Hz. 2.7 Calculate the wavelength, frequency and wavenumber of a light wave whose period
is 2.0 × 10-10 s.","An electromagnetic wave of wavelength ‘λ’ is
incident on a photosensitive surface of negligible
work function.  If ‘m’ mass is of photoelectron
emitted from the surface has de-Broglie wavelength
λd, then :",,
c0410faa-ad06-4d6e-adb0-115a8a87d375,Physics,CHEMISTRY-U02,0.4615,94c7fee0-99b2-441e-9f37-93f3e6c244f6,ncert-books-class-11-chemistry-chapter-2.pdf,41,"(i) correspond to light of frequency 3×1015 Hz. 2.7 Calculate the wavelength, frequency and wavenumber of a light wave whose period
is 2.0 × 10-10 s.","An electromagnetic wave of wavelength ‘λ’ is
incident on a photosensitive surface of negligible
work function.  If ‘m’ mass is of photoelectron
emitted from the surface has de-Broglie wavelength
λd, then :",,
14124287-38db-45f4-9334-c7162be48dd8,Physics,CHEMISTRY-U02,0.4615,94c7fee0-99b2-441e-9f37-93f3e6c244f6,ncert-books-class-11-chemistry-chapter-2.pdf,41,"(i) correspond to light of frequency 3×1015 Hz. 2.7 Calculate the wavelength, frequency and wavenumber of a light wave whose period
is 2.0 × 10-10 s.","An electromagnetic wave of wavelength ‘λ’ is
incident on a photosensitive surface of negligible
work function.  If ‘m’ mass is of photoelectron
emitted from the surface has de-Broglie wavelength
λd, then :",,
e7344aad-88a4-4dd2-89f3-0559dc822876,Physics,CHEMISTRY-U02,0.4615,94c7fee0-99b2-441e-9f37-93f3e6c244f6,ncert-books-class-11-chemistry-chapter-2.pdf,41,"(i) correspond to light of frequency 3×1015 Hz. 2.7 Calculate the wavelength, frequency and wavenumber of a light wave whose period
is 2.0 × 10-10 s.","An electromagnetic wave of wavelength ‘λ’ is
incident on a photosensitive surface of negligible
work function.  If ‘m’ mass is of photoelectron
emitted from the surface has de-Broglie wavelength
λd, then :",,
0ed0cdec-f926-49e4-9e42-e0171d3c91ae,Physics,PHYSICS-U11,0.4545,12ec20b9-524b-4642-8e8a-b4abc5e8e356,ncert-book-class-12-physics-part-1-chapter-1.pdf,35,"Let s be the uniform surface charge density of a thin spherical shell of
radius R (Fig. The situation has obvious spherical symmetry.","Two charged spherical conductors of radius R1 and
R2 are connected by a wire.  Then the ratio of
surface charge densities of the spheres (σ1/σ2) is :",,
ba56d9f2-5f8c-4a2f-80b3-335982a1520f,Physics,CHEMISTRY-U02,0.4615,94c7fee0-99b2-441e-9f37-93f3e6c244f6,ncert-books-class-11-chemistry-chapter-2.pdf,41,"(i) correspond to light of frequency 3×1015 Hz. 2.7 Calculate the wavelength, frequency and wavenumber of a light wave whose period
is 2.0 × 10-10 s.","An electromagnetic wave of wavelength ‘λ’ is
incident on a photosensitive surface of negligible
work function.  If ‘m’ mass is of photoelectron
emitted from the surface has de-Broglie wavelength
λd, then :",,
e6a5c49a-0c84-4aa9-aacc-58f1b548a2a5,Zoology,CHEMISTRY-U15,0.2857,2b57c0ef-6c12-4281-961f-00bc1237c70b,ncert-books-class-11-chemistry-chapter-9.pdf,30,"group in monosubstituted benzene
When monosubstituted benzene is subjected
to further substitution, three possible
disubstituted products are not formed in
equal amounts. Either ortho and para products or
meta product is predominantly formed.","Which of the following statements wrongly
represents the nature of smooth muscle ?",,
23965a19-121c-4017-9ae9-b8c162a2304a,Zoology,CHEMISTRY-U15,0.2857,2b57c0ef-6c12-4281-961f-00bc1237c70b,ncert-books-class-11-chemistry-chapter-9.pdf,30,"group in monosubstituted benzene
When monosubstituted benzene is subjected
to further substitution, three possible
disubstituted products are not formed in
equal amounts. Either ortho and para products or
meta product is predominantly formed.","Which of the following statements wrongly
represents the nature of smooth muscle ?",,
39b7db93-0f21-4b17-baad-fbffec623c99,Zoology,CHEMISTRY-U08,0.25,8fb89203-4d6a-456b-a40c-e6e9c8d89e00,ncert-books-class-12-chemistry-chapter-3.pdf,8,"Reaction
Calculate the overall order of a reaction which
has the rate expression
(a) Rate = k [A]1/2 [B]3/2
(b) Rate = k [A]3/2 [B]-1
(a) Rate = k [A]x [B]y
order = x + y
So order = 1/2 + 3/2 = 2, i.e., second order
(b) order = 3/2 + (-1) = 1/2, i.e., half order. Example 3.3
Example 3.3
Example 3.3
Example 3.3
Example 3.3
Solution
Solution
Solution
Solution
Solution
A balanced chemical equation ne","Which of the following is not a step in Multiple
Ovulation Embryo Transfer Technology
(MOET) ?",,
2730c418-0763-434c-ae89-b2d2e39d2611,Zoology,CHEMISTRY-U03,0.25,cf00d62a-9f1b-4544-9d7b-0c1e4c161990,ncert-books-class-11-chemistry-chapter-4.pdf,4,"Molecules (the Lewis Structures)
The Lewis dot structures provide a picture
of bonding in molecules and ions in terms of
the shared pairs of electrons and the octet
rule. While such a picture may not explain
the bonding and behaviour of a molecule
completely, it does help in understanding the
formation and properties of a molecule to a
large extent.","Which of the following is not an objective of
Biofortification in crops ?",,
1a5b8e00-1e17-4874-ae12-f186e965b370,Zoology,CHEMISTRY-U03,0.25,cf00d62a-9f1b-4544-9d7b-0c1e4c161990,ncert-books-class-11-chemistry-chapter-4.pdf,4,"Molecules (the Lewis Structures)
The Lewis dot structures provide a picture
of bonding in molecules and ions in terms of
the shared pairs of electrons and the octet
rule. While such a picture may not explain
the bonding and behaviour of a molecule
completely, it does help in understanding the
formation and properties of a molecule to a
large extent.","Which of the following is not an objective of
Biofortification in crops ?",,
ec0bac17-9c75-4a0e-a880-6a429eaeac77,Zoology,CHEMISTRY-U08,0.25,8fb89203-4d6a-456b-a40c-e6e9c8d89e00,ncert-books-class-12-chemistry-chapter-3.pdf,8,"Reaction
Calculate the overall order of a reaction which
has the rate expression
(a) Rate = k [A]1/2 [B]3/2
(b) Rate = k [A]3/2 [B]-1
(a) Rate = k [A]x [B]y
order = x + y
So order = 1/2 + 3/2 = 2, i.e., second order
(b) order = 3/2 + (-1) = 1/2, i.e., half order. Example 3.3
Example 3.3
Example 3.3
Example 3.3
Example 3.3
Solution
Solution
Solution
Solution
Solution
A balanced chemical equation ne","Which of the following is not a step in Multiple
Ovulation Embryo Transfer Technology
(MOET) ?",,
cde7a297-e79a-498a-8092-8d3670a141ad,Zoology,CHEMISTRY-U03,0.25,cf00d62a-9f1b-4544-9d7b-0c1e4c161990,ncert-books-class-11-chemistry-chapter-4.pdf,4,"Molecules (the Lewis Structures)
The Lewis dot structures provide a picture
of bonding in molecules and ions in terms of
the shared pairs of electrons and the octet
rule. While such a picture may not explain
the bonding and behaviour of a molecule
completely, it does help in understanding the
formation and properties of a molecule to a
large extent.","Which one of the following belongs to the family
Muscidae ?",,
091eec4b-4b79-493f-83f9-a5ffced2c76f,Zoology,CHEMISTRY-U15,0.2857,2b57c0ef-6c12-4281-961f-00bc1237c70b,ncert-books-class-11-chemistry-chapter-9.pdf,30,"group in monosubstituted benzene
When monosubstituted benzene is subjected
to further substitution, three possible
disubstituted products are not formed in
equal amounts. Either ortho and para products or
meta product is predominantly formed.","Which of the following statements wrongly
represents the nature of smooth muscle ?",,
e738c782-660c-4537-a4e0-b59665afe079,Zoology,BIOLOGY-U05,0.3333,4cab0d7a-e2a0-4914-8cb5-7620744b63a3,ncert-books-class-11-biology-chapter-16.pdf,2,"In humans, the excretory system consists
of a pair of kidneys, one pair of ureters, a
urinary bladder and a urethra (Figure
16.1). Kidneys are reddish brown, bean
shaped structures situated between the
levels of last thoracic and third lumbar
vertebra close to the dorsal inner wall of
the abdominal cavity.","Persons with ‘AB’ blood group are called as
“Universal recipients”.  This is due to :",,
7dbb7970-75be-489d-88df-b12296b00bfa,Zoology,CHEMISTRY-U03,0.3333,e705b2b9-c36d-4090-8750-8cde0a20aa8c,ncert-books-class-11-chemistry-chapter-4.pdf,3,"Langmuir (1919) refined the Lewis
postulations by abandoning the idea of
the stationary cubical arrangement of the
octet, and by introducing the term covalent
bond. The Lewis-Langmuir theory can be
understood by considering the formation of
the chlorine molecule, Cl2.",Identify the incorrect pair.,,
901bc138-60f1-4af7-8448-378255428a87,Zoology,XII-BIO-01,0.3333,8566b98c-d5bb-4152-a345-19af02146e6f,ncert-books-class-12-biology-chapter-1.pdf,22,"Although seeds, in general are the products of fertilisation, a few flowering
plants such as some species of Asteraceae and grasses, have evolved a
special mechanism, to produce seeds without fertilisation, called apomixis. What is fruit production without fertilisation called?","In a cross between a male and female, both
heterozygous for sickle cell anaemia gene, what
percentage of the progeny will be diseased ?",,
b962755a-ff02-4bb3-92c5-c09610d07d1a,Zoology,CHEMISTRY-U03,0.3333,e705b2b9-c36d-4090-8750-8cde0a20aa8c,ncert-books-class-11-chemistry-chapter-4.pdf,3,"Langmuir (1919) refined the Lewis
postulations by abandoning the idea of
the stationary cubical arrangement of the
octet, and by introducing the term covalent
bond. The Lewis-Langmuir theory can be
understood by considering the formation of
the chlorine molecule, Cl2.",Succus entericus is referred to as :,,
32eba6ce-e1f9-46c7-bcad-b42b678da3d1,Zoology,CHEMISTRY-U03,0.3333,e705b2b9-c36d-4090-8750-8cde0a20aa8c,ncert-books-class-11-chemistry-chapter-4.pdf,3,"Langmuir (1919) refined the Lewis
postulations by abandoning the idea of
the stationary cubical arrangement of the
octet, and by introducing the term covalent
bond. The Lewis-Langmuir theory can be
understood by considering the formation of
the chlorine molecule, Cl2.",Identify the incorrect pair.,,
2bb79487-65f9-4a05-81e7-af9674b602b1,Zoology,CHEMISTRY-U03,0.3333,0e039a0a-8e14-44bc-ba2f-8b7b2eee5c90,ncert-books-class-11-chemistry-chapter-4.pdf,19,"In the formation of hydrogen molecule,
there is a minimum energy state when two
hydrogen atoms are so near that their atomic
orbitals undergo partial interpenetration. This
partial merging of atomic orbitals is called
overlapping of atomic orbitals which results in
the pairing of electrons.",Sphincter of oddi is present at :,,
9887cf87-01aa-4839-b0e4-f01e99534eb6,Zoology,CHEMISTRY-U03,0.3333,e705b2b9-c36d-4090-8750-8cde0a20aa8c,ncert-books-class-11-chemistry-chapter-4.pdf,3,"Langmuir (1919) refined the Lewis
postulations by abandoning the idea of
the stationary cubical arrangement of the
octet, and by introducing the term covalent
bond. The Lewis-Langmuir theory can be
understood by considering the formation of
the chlorine molecule, Cl2.",Succus entericus is referred to as :,,
7c7016ae-f33c-455c-bb2a-4fdbbe7400f4,Zoology,CHEMISTRY-U03,0.3333,e705b2b9-c36d-4090-8750-8cde0a20aa8c,ncert-books-class-11-chemistry-chapter-4.pdf,3,"Langmuir (1919) refined the Lewis
postulations by abandoning the idea of
the stationary cubical arrangement of the
octet, and by introducing the term covalent
bond. The Lewis-Langmuir theory can be
understood by considering the formation of
the chlorine molecule, Cl2.",Identify the incorrect pair.,,
4b830af1-2e1d-4ca0-bc96-6a75ad49bf41,Zoology,BIOLOGY-U03,0.375,2df2b573-8177-4dd6-98ed-93fa0655598c,ncert-books-class-11-biology-chapter-10.pdf,7,"Prophase I: Prophase of the first meiotic division is typically longer and
more complex when compared to prophase of mitosis. It has been further
subdivided into the following five phases based on chromosomal
behaviour, i.e., Leptotene, Zygotene, Pachytene, Diplotene and Diakinesis.","Which stage of meiotic prophase shows
terminalisation of chiasmata as its distinctive
feature ?",,
2779b637-ed6e-40b0-ae8e-50ef72552b4b,Zoology,BIOLOGY-U03,0.375,2df2b573-8177-4dd6-98ed-93fa0655598c,ncert-books-class-11-biology-chapter-10.pdf,7,"Prophase I: Prophase of the first meiotic division is typically longer and
more complex when compared to prophase of mitosis. It has been further
subdivided into the following five phases based on chromosomal
behaviour, i.e., Leptotene, Zygotene, Pachytene, Diplotene and Diakinesis.","Which stage of meiotic prophase shows
terminalisation of chiasmata as its distinctive
feature ?",,
6650c803-9846-48cd-80d7-dcb318846f03,Zoology,XII-BIO-05,0.375,3c589f73-5940-48c5-927b-d975074d965e,ncert-books-class-12-biology-chapter-5.pdf,27,"As stated in the preceding section, 99.9 per cent of base sequence among
humans is the same. Assuming human genome as 3 × 109 bp, in how
many base sequences would there be differences?","A specific recognition sequence identified by
endonucleases to make cuts at specific positions
within the DNA is :",,
48faa905-8dd9-429e-bafd-a69577a0e6b8,Zoology,BIOLOGY-U03,0.375,2df2b573-8177-4dd6-98ed-93fa0655598c,ncert-books-class-11-biology-chapter-10.pdf,7,"Prophase I: Prophase of the first meiotic division is typically longer and
more complex when compared to prophase of mitosis. It has been further
subdivided into the following five phases based on chromosomal
behaviour, i.e., Leptotene, Zygotene, Pachytene, Diplotene and Diakinesis.","Which stage of meiotic prophase shows
terminalisation of chiasmata as its distinctive
feature ?",,
c3de2698-15e1-4051-aa74-11cfdf4d6f73,Zoology,XII-BIO-05,0.375,3c589f73-5940-48c5-927b-d975074d965e,ncert-books-class-12-biology-chapter-5.pdf,27,"As stated in the preceding section, 99.9 per cent of base sequence among
humans is the same. Assuming human genome as 3 × 109 bp, in how
many base sequences would there be differences?","A specific recognition sequence identified by
endonucleases to make cuts at specific positions
within the DNA is :",,
ef37549d-5903-4f0b-8498-9862edb72cef,Zoology,BIOLOGY-U03,0.375,2df2b573-8177-4dd6-98ed-93fa0655598c,ncert-books-class-11-biology-chapter-10.pdf,7,"Prophase I: Prophase of the first meiotic division is typically longer and
more complex when compared to prophase of mitosis. It has been further
subdivided into the following five phases based on chromosomal
behaviour, i.e., Leptotene, Zygotene, Pachytene, Diplotene and Diakinesis.","Which stage of meiotic prophase shows
terminalisation of chiasmata as its distinctive
feature ?",,
59621a12-1acf-41c5-a4bc-034bf3d952f3,Zoology,XII-BIO-05,0.375,3c589f73-5940-48c5-927b-d975074d965e,ncert-books-class-12-biology-chapter-5.pdf,27,"As stated in the preceding section, 99.9 per cent of base sequence among
humans is the same. Assuming human genome as 3 × 109 bp, in how
many base sequences would there be differences?","A specific recognition sequence identified by
endonucleases to make cuts at specific positions
within the DNA is :",,
eb794cf9-cca1-481a-87ea-eadf437e69d3,Zoology,BIOLOGY-U03,0.375,2df2b573-8177-4dd6-98ed-93fa0655598c,ncert-books-class-11-biology-chapter-10.pdf,7,"Prophase I: Prophase of the first meiotic division is typically longer and
more complex when compared to prophase of mitosis. It has been further
subdivided into the following five phases based on chromosomal
behaviour, i.e., Leptotene, Zygotene, Pachytene, Diplotene and Diakinesis.","Which stage of meiotic prophase shows
terminalisation of chiasmata as its distinctive
feature ?",,
e8664f60-8b1a-4830-a4d9-572c84f424a3,Zoology,CHEMISTRY-U15,0.4,c13c18d2-e3c5-4594-b524-7e9b4f5b5016,ncert-books-class-11-chemistry-chapter-9.pdf,27,"Benzene was considered as parent 'aromatic'
compound. Now, the name is applied to all the
ring systems whether or not having benzene
ring, possessing following characteristics.","Which of the following characteristics is incorrect
with respect to cockroach ?",,
5fa452ca-37d4-4a20-a8fb-ea807c3a43fd,Zoology,CHEMISTRY-U07,0.4,f8ba0ac6-ab64-49c5-ad68-0d5bfe4e33ef,ncert-books-class-12-chemistry-chapter-2.pdf,10,"chemical
Cell and
Gibbs
Energy of
the Reaction
Calculate the equilibrium constant of the reaction:
Cu(s) + 2Ag+(aq) ® Cu2+(aq) + 2Ag(s)
(
)
o
cell
E
= 0.46 V
(
)
o
cell
E
= 0 059
2
. V log KC = 0.46 V or
log
KC =
0 46
2
0 059
.",Dobson units are used to measure thickness of :,,
ba0b920f-6523-48ad-932a-e3388e012d56,Zoology,CHEMISTRY-U07,0.4,f8ba0ac6-ab64-49c5-ad68-0d5bfe4e33ef,ncert-books-class-12-chemistry-chapter-2.pdf,10,"chemical
Cell and
Gibbs
Energy of
the Reaction
Calculate the equilibrium constant of the reaction:
Cu(s) + 2Ag+(aq) ® Cu2+(aq) + 2Ag(s)
(
)
o
cell
E
= 0.46 V
(
)
o
cell
E
= 0 059
2
. V log KC = 0.46 V or
log
KC =
0 46
2
0 059
.",Dobson units are used to measure thickness of :,,
69564dfb-e823-437a-b1c0-e561d65b6765,Zoology,CHEMISTRY-U15,0.4,c13c18d2-e3c5-4594-b524-7e9b4f5b5016,ncert-books-class-11-chemistry-chapter-9.pdf,27,"Benzene was considered as parent 'aromatic'
compound. Now, the name is applied to all the
ring systems whether or not having benzene
ring, possessing following characteristics.","Which of the following characteristics is incorrect
with respect to cockroach ?",,
90840cd7-02bd-4056-afd4-5a259a9b2a7c,Zoology,PHYSICS-U15,0.4,8c796032-f9e9-4e3d-afe4-12b5429203aa,ncert-book-class-12-physics-part-1-chapter-8.pdf,10,"It covers wavelengths ranging from about 4 × 10-7 m (400 nm) down to
6 × 10-10m (0.6 nm). Ultraviolet (UV) radiation is produced by special
lamps and very hot bodies.","Which of these is not an important component of
initiation of parturition in humans ?",,
38b72960-bd3a-4aa9-82bf-5ccaaa46d227,Zoology,CHEMISTRY-U07,0.4,f8ba0ac6-ab64-49c5-ad68-0d5bfe4e33ef,ncert-books-class-12-chemistry-chapter-2.pdf,10,"chemical
Cell and
Gibbs
Energy of
the Reaction
Calculate the equilibrium constant of the reaction:
Cu(s) + 2Ag+(aq) ® Cu2+(aq) + 2Ag(s)
(
)
o
cell
E
= 0.46 V
(
)
o
cell
E
= 0 059
2
. V log KC = 0.46 V or
log
KC =
0 46
2
0 059
.",Dobson units are used to measure thickness of :,,
1bf3d119-7758-4646-ad7e-d3e6349fdaf4,Zoology,CHEMISTRY-U15,0.4,c13c18d2-e3c5-4594-b524-7e9b4f5b5016,ncert-books-class-11-chemistry-chapter-9.pdf,27,"Benzene was considered as parent 'aromatic'
compound. Now, the name is applied to all the
ring systems whether or not having benzene
ring, possessing following characteristics.","Which of the following characteristics is incorrect
with respect to cockroach ?",,
fbb7d315-2cb2-45c7-a263-f1286b40609f,Zoology,CHEMISTRY-U15,0.4,c13c18d2-e3c5-4594-b524-7e9b4f5b5016,ncert-books-class-11-chemistry-chapter-9.pdf,27,"Benzene was considered as parent 'aromatic'
compound. Now, the name is applied to all the
ring systems whether or not having benzene
ring, possessing following characteristics.","Which of the following characteristics is incorrect
with respect to cockroach ?",,
